{
    "boosting_type": "gbdt",
    "learning_rate": 0.015470327280019703,
    "num_leaves": 40,
    "max_depth": 9,
    "feature_fraction": 0.6807426852258752,
    "bagging_fraction": 0.9055094284104167,
    "bagging_freq": 6,
    "lambda_l1": 0.3182565921517314,
    "lambda_l2": 0.06834504087496518,
    "min_gain_to_split": 0.02379360490236626,
    "min_data_in_leaf": 64
}