fold	val_chr	overall_rho	mean_chr_rho
1	chr2,chr7,chr12,chr17,chr22	0.7276149944898453	0.7301131564792935
2	chr3,chr8,chr13,chr18	0.73766127919274	0.7274919650567733
3	chr4,chr9,chr14,chr19	0.7442442229675266	0.7406745772690407
4	chr5,chr10,chr15,chr20	0.7355942918007246	0.7374872596913853
5	chr6,chr11,chr16,chr21	0.7294730067960085	0.720061100752111
