fold	val_chr	overall_rho	mean_chr_rho
1	chr2,chr7,chr12,chr17,chr22	0.7322116064648777	0.7349220798301659
2	chr3,chr8,chr13,chr18	0.7429707110173053	0.7329295996169308
3	chr4,chr9,chr14,chr19	0.7486567058135749	0.7449046020536413
4	chr5,chr10,chr15,chr20	0.7397454161536194	0.7417060039848195
5	chr6,chr11,chr16,chr21	0.733448372415861	0.7239571346829122
