fold	val_chr	overall_rho	mean_chr_rho
1	chr2,chr7,chr12,chr17,chr22	0.6984806186156524	0.6996755454288481
2	chr3,chr8,chr13,chr18	0.7088644488561671	0.6964838367479387
3	chr4,chr9,chr14,chr19	0.7190964302172616	0.7143324406183917
4	chr5,chr10,chr15,chr20	0.6942191183764461	0.6978624195619862
5	chr6,chr11,chr16,chr21	0.6945584546908734	0.6858484036295324
