fold	val_chr	overall_rho	mean_chr_rho
1	chr2,chr7,chr12,chr17,chr22	0.6990053274364324	0.7001647440259383
2	chr3,chr8,chr13,chr18	0.7092210233427932	0.6968919495416148
3	chr4,chr9,chr14,chr19	0.719717973339593	0.7149308414640966
4	chr5,chr10,chr15,chr20	0.6947767192055178	0.6984375084447774
5	chr6,chr11,chr16,chr21	0.694941488054145	0.6863267193042885
