{
    "DNase_X1": {
        "mean": 0.059129878878593445,
        "std": 0.19194243848323822,
        "min_weighted": 0.02410176582634449,
        "min_abs": 0.02410176210105419,
        "n_bases": 2874998400
    },
    "DNase_X2": {
        "mean": 0.04061654210090637,
        "std": 7.574223518371582,
        "min_weighted": 0.003445643000304699,
        "min_abs": 0.0034456434659659863,
        "n_bases": 2874998400
    },
    "DNase_X3": {
        "mean": 0.051157668232917786,
        "std": 4.427009582519531,
        "min_weighted": 0.0,
        "min_abs": 0.0,
        "n_bases": 2874998400
    },
    "H3K27ac_X1": {
        "mean": 0.5642776489257812,
        "std": 3.6970138549804688,
        "min_weighted": 1.8283621102455072e-05,
        "min_abs": 0.0,
        "n_bases": 2873226021
    },
    "H3K27ac_X2": {
        "mean": 0.8619783520698547,
        "std": 4.580360412597656,
        "min_weighted": 0.0,
        "min_abs": 0.0,
        "n_bases": 2873266093
    },
    "H3K27ac_X3": {
        "mean": 0.7922787070274353,
        "std": 5.447851181030273,
        "min_weighted": 0.2035723477602005,
        "min_abs": 0.2035723477602005,
        "n_bases": 2873162076
    },
    "H3K4me3_X1": {
        "mean": 0.457354873418808,
        "std": 3.890503168106079,
        "min_weighted": 0.0,
        "min_abs": 0.0,
        "n_bases": 2873942100
    },
    "H3K4me3_X2": {
        "mean": 0.3699096441268921,
        "std": 3.553868293762207,
        "min_weighted": 0.03460308909416199,
        "min_abs": 0.03460308909416199,
        "n_bases": 2873699506
    },
    "H3K4me3_X3": {
        "mean": 0.5177997350692749,
        "std": 5.149993896484375,
        "min_weighted": 0.0,
        "min_abs": 0.0,
        "n_bases": 2873326848
    },
    "H3K27me3_X1": {
        "mean": 0.9885541796684265,
        "std": 2.556891918182373,
        "min_weighted": 0.0,
        "min_abs": 0.0,
        "n_bases": 2873306794
    },
    "H3K27me3_X2": {
        "mean": 0.2051515132188797,
        "std": 1.5275344848632812,
        "min_weighted": 0.00022473404533229768,
        "min_abs": 0.0,
        "n_bases": 2873443040
    },
    "H3K27me3_X3": {
        "mean": 0.38597774505615234,
        "std": 1.0820600986480713,
        "min_weighted": 0.0,
        "min_abs": 0.0,
        "n_bases": 2873484925
    },
    "H3K36me3_X1": {
        "mean": 0.41661790013313293,
        "std": 0.6605895757675171,
        "min_weighted": 0.0,
        "min_abs": 0.0,
        "n_bases": 2873269539
    },
    "H3K36me3_X2": {
        "mean": 0.38835465908050537,
        "std": 0.5985153317451477,
        "min_weighted": 0.09344449639320374,
        "min_abs": 0.09252455085515976,
        "n_bases": 2873502663
    },
    "H3K36me3_X3": {
        "mean": 0.40994900465011597,
        "std": 0.6611122488975525,
        "min_weighted": 6.617064514102822e-07,
        "min_abs": 0.0,
        "n_bases": 2873223637
    },
    "H3K4me1_X1": {
        "mean": 0.37155500054359436,
        "std": 0.87220698595047,
        "min_weighted": 3.411142824916169e-05,
        "min_abs": 0.0,
        "n_bases": 2873344925
    },
    "H3K4me1_X2": {
        "mean": 0.4138239026069641,
        "std": 0.6713811159133911,
        "min_weighted": 0.011100910604000092,
        "min_abs": 0.00987835880368948,
        "n_bases": 2873429792
    },
    "H3K4me1_X3": {
        "mean": 0.4710850119590759,
        "std": 0.7039573192596436,
        "min_weighted": 0.2920987606048584,
        "min_abs": 0.292098730802536,
        "n_bases": 2873228967
    },
    "H3K9me3_X1": {
        "mean": 0.43594256043434143,
        "std": 0.3353286683559418,
        "min_weighted": 0.000172467072843574,
        "min_abs": 0.0,
        "n_bases": 2873274514
    },
    "H3K9me3_X2": {
        "mean": 0.37002015113830566,
        "std": 0.8850402235984802,
        "min_weighted": 2.1217108951532282e-05,
        "min_abs": 0.0,
        "n_bases": 2873716838
    },
    "H3K9me3_X3": {
        "mean": 0.35999196767807007,
        "std": 0.39170578122138977,
        "min_weighted": 0.0,
        "min_abs": 0.0,
        "n_bases": 2873565126
    }
}