{
    "DNase_X1": {
        "linear": {
            "mean": 0.059129878878593445,
            "std": 0.19194243848323822,
            "n_bases": 2874998400
        },
        "log1p": {
            "mean": 0.053046923130750656,
            "std": 0.07828786969184875,
            "n_bases": 2874998400
        }
    },
    "DNase_X2": {
        "linear": {
            "mean": 0.04061654210090637,
            "std": 7.574223518371582,
            "n_bases": 2874998400
        },
        "log1p": {
            "mean": 0.031954433768987656,
            "std": 0.09260807931423187,
            "n_bases": 2874998400
        }
    },
    "DNase_X3": {
        "linear": {
            "mean": 0.051157668232917786,
            "std": 4.427009582519531,
            "n_bases": 2874998400
        },
        "log1p": {
            "mean": 0.04281692951917648,
            "std": 0.09422403573989868,
            "n_bases": 2874998400
        }
    },
    "H3K27ac_X1": {
        "linear": {
            "mean": 0.5642776489257812,
            "std": 3.6970138549804688,
            "n_bases": 2873226021
        },
        "log1p": {
            "mean": 0.25190261006355286,
            "std": 0.3577013313770294,
            "n_bases": 2873226021
        }
    },
    "H3K27ac_X2": {
        "linear": {
            "mean": 0.8619783520698547,
            "std": 4.580360412597656,
            "n_bases": 2873266093
        },
        "log1p": {
            "mean": 0.3374004065990448,
            "std": 0.5281977653503418,
            "n_bases": 2873266093
        }
    },
    "H3K27ac_X3": {
        "linear": {
            "mean": 0.7922787070274353,
            "std": 5.447851181030273,
            "n_bases": 2873162076
        },
        "log1p": {
            "mean": 0.3445810377597809,
            "std": 0.3644179701805115,
            "n_bases": 2873162076
        }
    },
    "H3K4me3_X1": {
        "linear": {
            "mean": 0.457354873418808,
            "std": 3.890503168106079,
            "n_bases": 2873942100
        },
        "log1p": {
            "mean": 0.10375674813985825,
            "std": 0.4205327332019806,
            "n_bases": 2873942100
        }
    },
    "H3K4me3_X2": {
        "linear": {
            "mean": 0.3699096441268921,
            "std": 3.553868293762207,
            "n_bases": 2873699506
        },
        "log1p": {
            "mean": 0.08913667500019073,
            "std": 0.3425064980983734,
            "n_bases": 2873699506
        }
    },
    "H3K4me3_X3": {
        "linear": {
            "mean": 0.5177997350692749,
            "std": 5.149993896484375,
            "n_bases": 2873326848
        },
        "log1p": {
            "mean": 0.20048126578330994,
            "std": 0.3210262954235077,
            "n_bases": 2873326848
        }
    },
    "H3K27me3_X1": {
        "linear": {
            "mean": 0.9885541796684265,
            "std": 2.556891918182373,
            "n_bases": 2873306794
        },
        "log1p": {
            "mean": 0.4382393956184387,
            "std": 0.5623812079429626,
            "n_bases": 2873306794
        }
    },
    "H3K27me3_X2": {
        "linear": {
            "mean": 0.2051515132188797,
            "std": 1.5275344848632812,
            "n_bases": 2873443040
        },
        "log1p": {
            "mean": 0.11865246295928955,
            "std": 0.2220373898744583,
            "n_bases": 2873443040
        }
    },
    "H3K27me3_X3": {
        "linear": {
            "mean": 0.38597774505615234,
            "std": 1.0820600986480713,
            "n_bases": 2873484925
        },
        "log1p": {
            "mean": 0.24806052446365356,
            "std": 0.31118884682655334,
            "n_bases": 2873484925
        }
    },
    "H3K36me3_X1": {
        "linear": {
            "mean": 0.41661790013313293,
            "std": 0.6605895757675171,
            "n_bases": 2873269539
        },
        "log1p": {
            "mean": 0.30330976843833923,
            "std": 0.2532863914966583,
            "n_bases": 2873269539
        }
    },
    "H3K36me3_X2": {
        "linear": {
            "mean": 0.38835465908050537,
            "std": 0.5985153317451477,
            "n_bases": 2873502663
        },
        "log1p": {
            "mean": 0.2843032777309418,
            "std": 0.2540467083454132,
            "n_bases": 2873502663
        }
    },
    "H3K36me3_X3": {
        "linear": {
            "mean": 0.40994900465011597,
            "std": 0.6611122488975525,
            "n_bases": 2873223637
        },
        "log1p": {
            "mean": 0.292042076587677,
            "std": 0.2756795585155487,
            "n_bases": 2873223637
        }
    },
    "H3K4me1_X1": {
        "linear": {
            "mean": 0.37155500054359436,
            "std": 0.87220698595047,
            "n_bases": 2873344925
        },
        "log1p": {
            "mean": 0.25413182377815247,
            "std": 0.2763703763484955,
            "n_bases": 2873344925
        }
    },
    "H3K4me1_X2": {
        "linear": {
            "mean": 0.4138239026069641,
            "std": 0.6713811159133911,
            "n_bases": 2873429792
        },
        "log1p": {
            "mean": 0.2940889894962311,
            "std": 0.27873021364212036,
            "n_bases": 2873429792
        }
    },
    "H3K4me1_X3": {
        "linear": {
            "mean": 0.4710850119590759,
            "std": 0.7039573192596436,
            "n_bases": 2873228967
        },
        "log1p": {
            "mean": 0.3484136164188385,
            "std": 0.21417438983917236,
            "n_bases": 2873228967
        }
    },
    "H3K9me3_X1": {
        "linear": {
            "mean": 0.43594256043434143,
            "std": 0.3353286683559418,
            "n_bases": 2873274514
        },
        "log1p": {
            "mean": 0.3418360650539398,
            "std": 0.18817450106143951,
            "n_bases": 2873274514
        }
    },
    "H3K9me3_X2": {
        "linear": {
            "mean": 0.37002015113830566,
            "std": 0.8850402235984802,
            "n_bases": 2873716838
        },
        "log1p": {
            "mean": 0.23771902918815613,
            "std": 0.32796019315719604,
            "n_bases": 2873716838
        }
    },
    "H3K9me3_X3": {
        "linear": {
            "mean": 0.35999196767807007,
            "std": 0.39170578122138977,
            "n_bases": 2873565126
        },
        "log1p": {
            "mean": 0.27962106466293335,
            "std": 0.21685665845870972,
            "n_bases": 2873565126
        }
    }
}