gene_name	chr	gene_start	gene_end	strand	TSS_start	TSS_end	gex	gex_rank	gex_group	gene_length	gene_center	TSS_center
MFSD10	chr4	2930561	2934834	-	2933897	2933947	3.5559628788229705	0.706951608941292	gex>0	4274	2932697	2933922
NOL11	chr17	67717931	67744531	+	67717930	67717980	516.864009792161	0.979765413903218	gex>0	26601	67731231	67717955
ATP6V0E1	chr5	172983771	173035445	+	172983815	172983865	251.560346900517	0.9549557848194546	gex>0	51675	173009608	172983840
SRFBP1	chr5	121961975	122075570	+	121961960	121962010	153.29083220872	0.9298084008843036	gex>0	113596	122018772	121961985
TCAIM	chr3	44338119	44409451	+	44338451	44338501	0.480535524165267	0.6075288626873004	gex>0	71333	44373785	44338476
MTFR2	chr6	136231024	136250335	-	136250274	136250324	273.809141669369	0.9586096782117416	gex>0	19312	136240679	136250299
CYBA	chr16	88643289	88651054	-	88651004	88651054	1557.0312054003	0.9953942520265292	gex>0	7766	88647171	88651029
C2CD5	chr12	22448583	22544546	-	22544496	22544546	9.80292469297144	0.7593650208793908	gex>0	95964	22496564	22544521
SPI1	chr11	47354860	47378547	-	47378526	47378576	41.3260550782129	0.8457688528617048	gex>0	23688	47366703	47378551
ST6GAL1	chr3	186930325	187078553	+	186930501	186930575	32.484201433572004	0.830385654630312	gex>0	148229	187004439	186930538
TPX2	chr20	31739271	31801805	+	31739270	31739320	437.479541200059	0.9751289609432572	gex>0	62535	31770538	31739295
SCOC	chr4	140257286	140385728	+	140343600	140343650	0.480535524165267	0.6075288626873004	gex>0	128443	140321507	140343625
GCN1	chr12	120127202	120194715	-	120177740	120177790	0.480535524165267	0.6075288626873004	gex>0	67514	120160958	120177765
TXNRD1	chr12	104215779	104350307	+	104286989	104287071	39.0194845622196	0.8416850896585606	gex>0	134529	104283043	104287030
DNAJC5	chr20	63895126	63936031	+	63895181	63895231	0.480535524165267	0.6075288626873004	gex>0	40906	63915578	63895206
PPP1R1C	chr2	181954241	182131398	+	181954495	181954608	0.480535524165267	0.6075288626873004	gex>0	177158	182042819	181954551
DNAJC12	chr10	67796669	67838188	-	67838116	67838166	8.16910391080953	0.749048145418816	gex>0	41520	67817428	67838141
HEXA	chr15	72340924	72376420	-	72375953	72376003	261.939914222487	0.9566752640628838	gex>0	35497	72358672	72375978
TUBA1B	chr12	49127782	49131397	-	49131347	49131397	13700.4522223711	0.9999385900270203	gex>0	3616	49129589	49131372
CTDSPL2	chr15	44427622	44529038	+	44519223	44519273	0.480535524165267	0.6075288626873004	gex>0	101417	44478330	44519248
MUC15	chr11	26559032	26572263	-	26572092	26572142	0.480535524165267	0.6075288626873004	gex>0	13232	26565647	26572117
PFKFB4	chr3	48517684	48562015	-	48561122	48561172	2.59489183049244	0.6914455907639401	gex>0	44332	48539849	48561147
H2BC7	chr6	26199516	26199988	+	26199519	26199569	50.3601229325199	0.8593097519037092	gex>0	473	26199752	26199544
EXOC2	chr6	485154	693139	-	693061	693111	41.9988048120443	0.8470277573077868	gex>0	207986	589146	693086
MAP3K8	chr10	30434021	30461833	+	30434020	30434070	42.3832332313765	0.8476725620240727	gex>0	27813	30447927	30434045
FAM227B	chr15	49326962	49620929	-	49620772	49620822	10.5717815316359	0.7635101940555146	gex>0	293968	49473945	49620797
RSBN1L	chr7	77696459	77783022	+	77696442	77696492	271.790892467875	0.9583026283468437	gex>0	86564	77739740	77696467
MFSD4B	chr6	111259327	111445354	+	111259347	111259397	36.088217864811504	0.8372021616310489	gex>0	186028	111352340	111259372
GATD1	chr11	767220	777488	-	777438	777488	53.2433360775115	0.8629022353230165	gex>0	10269	772354	777463
DTD1	chr20	18587942	18766644	+	18567452	18567502	147.043870394572	0.9277818717759764	gex>0	178703	18677293	18567477
PRTFDC1	chr10	24848614	24952606	-	24952554	24952604	8.553532330141751	0.7515045443380005	gex>0	103993	24900610	24952579
FRAS1	chr4	78057323	78544269	+	78057569	78057619	14.3199586201249	0.7798759518545811	gex>0	486947	78300796	78057594
PLSCR3	chr17	7389727	7394842	-	7394515	7394565	64.96840286714401	0.8761360845001228	gex>0	5116	7392284	7394540
MGLL	chr3	127689062	128052190	-	127791211	127822882	69.9659723184628	0.8821542618521248	gex>0	363129	127870626	127807046
FDX1	chr11	110429948	110464884	+	110429882	110429932	72.6569712537883	0.8849791206091869	gex>0	34937	110447416	110429907
TAGAP	chr6	159034468	159045152	-	159044968	159045018	13.0705662572953	0.7752702038811103	gex>0	10685	159039810	159044993
NOD1	chr7	30424527	30478784	-	30478688	30478738	23.1618122647658	0.8089535740604274	gex>0	54258	30451655	30478713
WDR19	chr4	39182504	39285810	+	39182503	39182553	14.3199586201249	0.7798759518545811	gex>0	103307	39234157	39182528
TM6SF1	chr15	83107572	83144854	+	83107647	83107697	7.111925757645951	0.7413104888233849	gex>0	37283	83126213	83107672
LSM11	chr5	157743712	157760709	+	157743694	157743744	15.7615651926207	0.7861704740849914	gex>0	16998	157752210	157743719
PSMB7	chr9	124353465	124415444	-	124415394	124415444	221.719090849854	0.9492139523458608	gex>0	61980	124384454	124415419
CASD1	chr7	94509219	94557019	+	94553851	94553901	0.480535524165267	0.6075288626873004	gex>0	47801	94533119	94553876
PIGW	chr17	36535392	36539682	+	36535019	36535054	28.928238554748997	0.822617293048391	gex>0	4291	36537537	36535036
ANKRD39	chr2	96836611	96858016	-	96858045	96858095	5.86253339481625	0.7314541881601572	gex>0	21406	96847313	96858070
VPS11	chr11	119067691	119081977	+	119067820	119067870	2.1143563063271698	0.680545320560059	gex>0	14287	119074834	119067845
IFITM2	chr11	303655	309397	+	308162	308212	360.689964438449	0.9693564234831736	gex>0	5743	306526	308187
CROT	chr7	87345664	87399794	+	87345680	87345730	20.1824920149412	0.8010930975190371	gex>0	54131	87372729	87345705
BUB1	chr2	110637528	110678063	-	110650689	110650739	1.05717815316359	0.6474453451240482	gex>0	40536	110657795	110650714
DENR	chr12	122752824	122771064	+	122752826	122752896	329.935690891872	0.9662245148612134	gex>0	18241	122761944	122752861
HDAC9	chr7	18086949	19002416	+	18290421	18290471	67.8035624597191	0.8797899778924098	gex>0	915468	18544682	18290446
ADGRG1	chr16	57610652	57665580	+	57619737	57620095	1.63382078216191	0.6671579464505035	gex>0	54929	57638116	57619916
TPI1	chr12	6867119	6870948	+	6868099	6868190	18.068135708614	0.7941537705723409	gex>0	3830	6869033	6868144
ALG9	chr11	111782195	111871581	-	111868686	111868736	1.05717815316359	0.6474453451240482	gex>0	89387	111826888	111868711
CDK2AP1	chr12	123250112	123272334	-	123271091	123272140	16.9148504506174	0.7901621223286662	gex>0	22223	123261223	123271615
TMED2	chr12	123584533	123598582	+	123584530	123584580	171.11870015525102	0.935611643330877	gex>0	14050	123591557	123584555
ERO1A	chr14	52639915	52695900	-	52695850	52695900	6.63139023348068	0.7379943502824858	gex>0	55986	52667907	52695875
TNFRSF13B	chr17	16929816	16972118	-	16972037	16972118	2483.9842315151	0.9979734708916728	gex>0	42303	16950967	16972077
PEPD	chr19	33386950	33521791	-	33521744	33521794	50.3601229325199	0.8593097519037092	gex>0	134842	33454370	33521769
DMXL1	chr5	119037772	119249138	+	119105222	119105258	0.480535524165267	0.6075288626873004	gex>0	211367	119143455	119105240
SEM1	chr7	96481626	96709880	-	96709823	96709891	484.668129673088	0.9779538197003194	gex>0	228255	96595753	96709857
AHRR	chr5	321714	438291	+	427917	427967	1.05717815316359	0.6474453451240482	gex>0	116578	380002	427942
RPL23A	chr17	28719985	28724359	+	28720243	28720293	12.59003073313	0.7732743797592729	gex>0	4375	28722172	28720268
GNG7	chr19	2511219	2702694	-	2702659	2702709	21.5279914826039	0.8045013510194056	gex>0	191476	2606956	2702684
ZNF655	chr7	99558406	99576453	+	99558825	99558875	41.9988048120443	0.8470277573077868	gex>0	18048	99567429	99558850
DNAJC17	chr15	40765161	40807478	-	40807428	40807478	323.496514868057	0.9653647752394988	gex>0	42318	40786319	40807453
ZNF44	chr19	12224686	12294883	-	12294830	12294880	33.349165377069504	0.8323200687791698	gex>0	70198	12259784	12294855
TNRC6B	chr22	40044817	40335808	+	40177924	40177974	170.109575554504	0.9351510685335298	gex>0	290992	40190312	40177949
CUL5	chr11	108008898	108107761	+	108008919	108008969	33.349165377069504	0.8323200687791698	gex>0	98864	108058329	108008944
ZNF419	chr19	57487711	57496098	+	57487721	57487771	9.41849627363922	0.7568779169737165	gex>0	8388	57491904	57487746
SYNGR4	chr19	48364367	48376377	+	48364394	48364444	0.480535524165267	0.6075288626873004	gex>0	12011	48370372	48364419
TECPR1	chr7	98214624	98252232	-	98252201	98252251	10.5717815316359	0.7635101940555146	gex>0	37609	98233428	98252226
METRN	chr16	715118	719655	+	715640	715690	0.480535524165267	0.6075288626873004	gex>0	4538	717386	715665
REXO5	chr16	20806429	20849665	+	20806623	20806673	7.400247072145111	0.7441660525669369	gex>0	43237	20828047	20806648
CHSY1	chr15	101175727	101252048	-	101188011	101188061	77.558433600274	0.8888479489069024	gex>0	76322	101213887	101188036
FAM168B	chr2	131047876	131093460	-	131093410	131093460	47.909391759277106	0.8559322033898306	gex>0	45585	131070668	131093435
RPL23	chr17	38847860	38853764	-	38853714	38853764	2350.39535579715	0.9976664210267748	gex>0	5905	38850812	38853739
TESPA1	chr12	54948015	54984762	-	54984696	54984746	83.0365385757581	0.8943748464750676	gex>0	36748	54966388	54984721
MRPL17	chr11	6680385	6683340	-	6683266	6683316	535.989323653938	0.9805637435519527	gex>0	2956	6681862	6683291
TMEM134	chr11	67461710	67469272	-	67467540	67467590	0.480535524165267	0.6075288626873004	gex>0	7563	67465491	67467565
LSM6	chr4	146175703	146200000	+	146182922	146182972	1.05717815316359	0.6474453451240482	gex>0	24298	146187851	146182947
JPH4	chr14	23568038	23578790	-	23578750	23578800	2.1143563063271698	0.680545320560059	gex>0	10753	23573414	23578775
ZNF180	chr19	44474428	44500524	-	44500474	44500524	27.294417772587103	0.8189326946696144	gex>0	26097	44487476	44500499
NAPEPLD	chr7	103099776	103149564	-	103149510	103149560	3.5559628788229705	0.706951608941292	gex>0	49789	103124670	103149535
ANXA3	chr4	78551747	78610451	+	78551746	78551796	22.7773838454336	0.8078481945467944	gex>0	58705	78581099	78551771
NFX1	chr9	33290512	33371157	+	33290511	33290561	79.8169505638508	0.8913043478260869	gex>0	80646	33330834	33290536
KIF20B	chr10	89701590	89774939	+	89701678	89701717	1.63382078216191	0.6671579464505035	gex>0	73350	89738264	89701697
PREP	chr6	105273218	105454062	-	105403034	105403084	13.8394230959597	0.7784021125030705	gex>0	180845	105363640	105403059
MVD	chr16	88651935	88663161	-	88663087	88663137	303.602344167615	0.9628469663473348	gex>0	11227	88657548	88663112
ILDR1	chr3	121987323	122022247	-	122022148	122022198	9.80292469297144	0.7593650208793908	gex>0	34925	122004785	122022173
CSTF3	chr11	33077188	33162371	-	33161441	33161491	65.8333668106415	0.8772414640137558	gex>0	85184	33119779	33161466
ENTPD7	chr10	99659509	99711241	+	99659505	99659555	9.03406785430701	0.754267993122083	gex>0	51733	99685375	99659530
TCTA	chr3	49412212	49416476	+	49412390	49412449	87.3613582932455	0.8980594448538443	gex>0	4265	49414344	49412419
SCAP	chr3	47413681	47477126	-	47475887	47475955	10.1873531123037	0.761545074920167	gex>0	63446	47445403	47475921
CCDC88A	chr2	55287842	55419895	-	55419806	55419921	1.05717815316359	0.6474453451240482	gex>0	132054	55353868	55419863
MRPL36	chr5	1798385	1801366	-	1801333	1801366	6.63139023348068	0.7379943502824858	gex>0	2982	1799875	1801349
ANO5	chr11	21782659	22283567	+	22193175	22193225	4.03649840298824	0.7126934414148858	gex>0	500909	22033113	22193200
B2M	chr15	44711489	44718888	+	44711486	44711536	7350.36748473675	0.9997543601080816	gex>0	7400	44715188	44711511
NEIL3	chr4	177309874	177362936	+	177309835	177309885	49.8795874083547	0.8587263571604028	gex>0	53063	177336405	177309860
ECD	chr10	73130155	73169055	-	73167898	73167948	2.1143563063271698	0.680545320560059	gex>0	38901	73149605	73167923
TIGD2	chr4	89111533	89114901	+	89111499	89111549	1.63382078216191	0.6671579464505035	gex>0	3369	89113217	89111524
GNAI2	chr3	50226292	50259362	+	50238111	50238161	1.05717815316359	0.6474453451240482	gex>0	33071	50242827	50238136
SMAD4	chr18	51028394	51085045	+	51030212	51030262	12.3017094186308	0.7714627855563744	gex>0	56652	51056719	51030237
PRRG4	chr11	32829927	32858120	+	32829942	32829992	0.480535524165267	0.6075288626873004	gex>0	28194	32844023	32829967
RAVER1	chr19	10316212	10333638	-	10321112	10321162	0.480535524165267	0.6075288626873004	gex>0	17427	10324925	10321137
MEF2A	chr15	99565417	99716488	+	99565416	99565466	0.480535524165267	0.6075288626873004	gex>0	151072	99640952	99565441
RABEP2	chr16	28904421	28936526	-	28925166	28925216	31.2348090707423	0.82753009088676	gex>0	32106	28920473	28925191
CDK9	chr9	127785679	127790792	+	127787499	127787549	1.63382078216191	0.6671579464505035	gex>0	5114	127788235	127787524
SERTAD3	chr19	40440844	40444335	-	40444012	40444062	3.5559628788229705	0.706951608941292	gex>0	3492	40442589	40444037
CYCS	chr7	25118656	25125260	-	25125210	25125260	83.9976096240886	0.8950810611643331	gex>0	6605	25121958	25125235
ETFRF1	chr12	25195216	25209645	+	25195260	25195310	120.037773936484	0.9166973716531563	gex>0	14430	25202430	25195285
QRSL1	chr6	106629578	106668417	+	106629577	106629627	80.6338609549317	0.8921026774748219	gex>0	38840	106648997	106629602
PDAP1	chr7	99392048	99408597	-	99408540	99408590	107.447743203354	0.9104949643822156	gex>0	16550	99400322	99408565
RDH14	chr2	18554723	18560679	-	18560629	18560679	14.8004941442902	0.7815033161385408	gex>0	5957	18557701	18560654
MAPK1	chr22	21759657	21867680	-	21867630	21867680	63.7190105043143	0.8747543601080816	gex>0	108024	21813668	21867655
ATP6V1A	chr3	113747033	113812056	+	113747032	113747082	222.439894136102	0.94936747727831	gex>0	65024	113779544	113747057
SCAF4	chr21	31671000	31732118	-	31731918	31731968	13.0705662572953	0.7752702038811103	gex>0	61119	31701559	31731943
CIB1	chr15	90229975	90234047	-	90233997	90234047	4.51703392715351	0.7182510439695406	gex>0	4073	90232011	90234022
VRK2	chr2	57907629	58159920	+	58046641	58046740	11.3406383703003	0.767563252272169	gex>0	252292	58033774	58046690
C21orf91	chr21	17788974	17819386	-	17819336	17819386	203.747062246073	0.9454679439941046	gex>0	30413	17804180	17819361
ACAT2	chr6	159762045	159779112	+	159762494	159762544	122.632665766976	0.91774134119381	gex>0	17068	159770578	159762519
BORCS8	chr19	19176903	19192591	-	19192539	19192589	3.5559628788229705	0.706951608941292	gex>0	15689	19184747	19192564
SSTR2	chr17	73165010	73176633	+	73165011	73165061	5.86253339481625	0.7314541881601572	gex>0	11624	73170821	73165036
RHBDF2	chr17	76470891	76501790	-	76501373	76501423	26.0450254097574	0.815985015966593	gex>0	30900	76486340	76501398
GSR	chr8	30678066	30727846	-	30727876	30727926	3.5559628788229705	0.706951608941292	gex>0	49781	30702956	30727901
TMEM251	chr14	93184951	93188463	+	93184950	93185000	36.9051282558925	0.8385531810366004	gex>0	3513	93186707	93184975
RPP14	chr3	58306245	58324695	+	58306246	58306311	179.72028603781	0.938620732006878	gex>0	18451	58315470	58306278
SMCO2	chr12	27466810	27502185	+	27474895	27474913	0.480535524165267	0.6075288626873004	gex>0	35376	27484497	27474904
COG1	chr17	73193055	73208507	+	73193071	73193142	1.05717815316359	0.6474453451240482	gex>0	15453	73200781	73193106
PDK1	chr2	172555373	172608669	+	172556564	172556614	0.480535524165267	0.6075288626873004	gex>0	53297	172582021	172556589
KATNB1	chr16	57735739	57757244	+	57755447	57755494	0.480535524165267	0.6075288626873004	gex>0	21506	57746491	57755470
ZNF213	chr16	3129777	3142804	+	3135132	3135187	2.59489183049244	0.6914455907639401	gex>0	13028	3136290	3135159
PAXIP1	chr7	154943687	155003124	-	154983694	154983744	0.480535524165267	0.6075288626873004	gex>0	59438	154973405	154983719
RNF7	chr3	141738249	141747560	+	141738276	141738346	496.969839091719	0.9786293294030952	gex>0	9312	141742904	141738311
CDV3	chr3	133573686	133590261	+	133573975	133574025	12.59003073313	0.7732743797592729	gex>0	16576	133581973	133574000
FLOT2	chr17	28879335	28897733	-	28888976	28889026	4.51703392715351	0.7182510439695406	gex>0	18399	28888534	28889001
DCTN6	chr8	30156319	30183639	+	30156368	30156406	43.152090070040906	0.8489621714566445	gex>0	27321	30169979	30156387
EXOSC1	chr10	97435909	97446017	-	97445800	97445850	2.1143563063271698	0.680545320560059	gex>0	10109	97440963	97445825
COG8	chr16	69320140	69339583	-	69339533	69339583	117.154560791492	0.9152542372881356	gex>0	19444	69329861	69339558
GTF2H1	chr11	18322295	18367045	+	18322546	18322596	318.546998969155	0.964904200442152	gex>0	44751	18344670	18322571
VIRMA	chr8	94487689	94553529	-	94553473	94553523	5.38199787065099	0.7278002947678703	gex>0	65841	94520609	94553498
MAPK9	chr5	180233143	180292099	-	180292021	180292071	7.400247072145111	0.7441660525669369	gex>0	58957	180262621	180292046
PPFIA1	chr11	70270690	70385312	+	70270699	70270749	37.577877989723795	0.8396585605502334	gex>0	114623	70328001	70270724
ATPAF2	chr17	17977409	18039209	-	18039177	18039209	23.1618122647658	0.8089535740604274	gex>0	61801	18008309	18039193
ALOX5	chr10	45374176	45446119	+	45440429	45440479	0.480535524165267	0.6075288626873004	gex>0	71944	45410147	45440454
DGUOK	chr2	73926826	73958961	+	73926874	73926924	335.50990297218897	0.96677720461803	gex>0	32136	73942893	73926899
TTLL12	chr22	43166622	43187134	-	43187083	43187133	7.111925757645951	0.7413104888233849	gex>0	20513	43176878	43187108
CYC1	chr8	144095039	144097525	+	144095038	144095088	366.16806941393304	0.9698784082535004	gex>0	2487	144096282	144095063
BRIX1	chr5	34915677	34925996	+	34915676	34915726	94.9538195750567	0.903187177597642	gex>0	10320	34920836	34915701
ZNF414	chr19	8509678	8514167	-	8514114	8514164	72.17643572962301	0.8842729059199214	gex>0	4490	8511922	8514139
FOXJ2	chr12	8032716	8055517	+	8032702	8032752	0.480535524165267	0.6075288626873004	gex>0	22802	8044116	8032727
TREML2	chr6	41189749	41201149	-	41201144	41201194	0.480535524165267	0.6075288626873004	gex>0	11401	41195449	41201169
SMPD4	chr2	130151392	130182750	-	130181551	130181601	176.45264447348598	0.9374846475067552	gex>0	31359	130167071	130181576
TSPYL5	chr8	97273488	97277928	-	97277914	97277964	0.480535524165267	0.6075288626873004	gex>0	4441	97275708	97277939
ZNF438	chr10	30820207	31031937	-	31031887	31031937	7.88078259631037	0.7467759764185704	gex>0	211731	30926072	31031912
EIF4G2	chr11	10797050	10808940	-	10800432	10800482	10.5717815316359	0.7635101940555146	gex>0	11891	10802995	10800457
PPP1R11	chr6	30057093	30060717	+	30066708	30066758	1.05717815316359	0.6474453451240482	gex>0	3625	30058905	30066733
NLRC3	chr16	3539033	3577403	-	3577350	3577400	2.59489183049244	0.6914455907639401	gex>0	38371	3558218	3577375
INTS9	chr8	28767661	28890242	-	28889914	28889964	44.978125061869	0.8518177352001965	gex>0	122582	28828951	28889939
TEC	chr4	48135783	48269838	-	48269814	48269864	28.928238554748997	0.822617293048391	gex>0	134056	48202810	48269839
HS1BP3	chr2	20560448	20651130	-	20651039	20651089	20.7591346439395	0.8028739867354459	gex>0	90683	20605789	20651064
CDK14	chr7	90466424	91210590	+	90709250	90709300	13.4549946766275	0.7769896831245394	gex>0	744167	90838507	90709275
DCAF1	chr3	51395867	51500015	-	51499952	51500002	272.800017068622	0.9584561532792926	gex>0	104149	51447941	51499977
TPRA1	chr3	127571232	127598267	-	127598201	127598251	13.0705662572953	0.7752702038811103	gex>0	27036	127584749	127598226
SUMF2	chr7	56064002	56080670	+	56064264	56064314	483.8031657295901	0.97783099975436	gex>0	16669	56072336	56064289
ATXN7L1	chr7	105604772	105876599	-	105876554	105876604	4.03649840298824	0.7126934414148858	gex>0	271828	105740685	105876579
DRAP1	chr11	65919274	65921563	+	65919256	65919323	4.51703392715351	0.7182510439695406	gex>0	2290	65920418	65919289
B3GNTL1	chr17	82942371	83050530	-	83051759	83051809	44.978125061869	0.8518177352001965	gex>0	108160	82996450	83051784
MAK	chr6	10762723	10838553	-	10838505	10838555	1.63382078216191	0.6671579464505035	gex>0	75831	10800638	10838530
DHX16	chr6	30642608	30662557	-	30672987	30673037	353.385824471137	0.968680913780398	gex>0	19950	30652582	30673012
TRAPPC10	chr21	44012309	44106552	+	44012318	44012368	15.0888154587894	0.7833456153279292	gex>0	94244	44059430	44012343
DNAAF10	chr2	68122936	68157549	-	68157510	68157560	88.51464355124209	0.8988270695160894	gex>0	34614	68140242	68157535
EIF3G	chr19	10115014	10119918	-	10119868	10119918	271.550624705792	0.958210513387374	gex>0	4905	10117466	10119893
ZNF284	chr19	44072159	44089613	+	44072143	44072193	50.3601229325199	0.8593097519037092	gex>0	17455	44080886	44072168
PDCD4	chr10	110871795	110900006	+	110885252	110885302	14.8004941442902	0.7815033161385408	gex>0	28212	110885900	110885277
CCDC152	chr5	42756818	42802439	+	42756817	42756867	4.51703392715351	0.7182510439695406	gex>0	45622	42779628	42756842
OCEL1	chr19	17226213	17229219	+	17226203	17226253	28.928238554748997	0.822617293048391	gex>0	3007	17227716	17226228
HIGD2A	chr5	176388751	176389761	+	176388746	176388796	1034.40076931815	0.991464013755834	gex>0	1011	176389256	176388771
HLA-DMB	chr6	32863344	32881839	-	32937389	32937439	4.03649840298824	0.7126934414148858	gex>0	18496	32872591	32937414
ATF7IP2	chr16	10326434	10483638	+	10386054	10386107	7.400247072145111	0.7441660525669369	gex>0	157205	10405036	10386080
ZNF629	chr16	30778456	30787205	-	30787152	30787202	2.59489183049244	0.6914455907639401	gex>0	8750	30782830	30787177
ETHE1	chr19	43506719	43527230	-	43527180	43527230	248.773240860358	0.9544645050356176	gex>0	20512	43516974	43527205
KCNK5	chr6	39188971	39229475	-	39229400	39229450	1.05717815316359	0.6474453451240482	gex>0	40505	39209223	39229425
SAYSD1	chr6	39104063	39115186	-	39115021	39115071	2.1143563063271698	0.680545320560059	gex>0	11124	39109624	39115046
TMEM25	chr11	118531041	118547280	+	118531191	118531241	9.03406785430701	0.754267993122083	gex>0	16240	118539160	118531216
DCTN2	chr12	57529633	57547224	-	57547138	57547206	190.772603093611	0.9422132154261852	gex>0	17592	57538428	57547172
MYPOP	chr19	45890023	45902613	-	45902569	45902604	2.1143563063271698	0.680545320560059	gex>0	12591	45896318	45902586
GART	chr21	33503931	33543491	-	33542811	33542861	123.113201291141	0.9180790960451978	gex>0	39561	33523711	33542836
TEPSIN	chr17	81228277	81239091	-	81237478	81237528	0.480535524165267	0.6075288626873004	gex>0	10815	81233684	81237503
VWCE	chr11	61258286	61295316	-	61294976	61295091	0.480535524165267	0.6075288626873004	gex>0	37031	61276801	61295033
FBXO41	chr2	73254682	73284478	-	73284381	73284431	1.63382078216191	0.6671579464505035	gex>0	29797	73269580	73284406
BBS12	chr4	122732702	122744942	+	122732701	122732751	1.05717815316359	0.6474453451240482	gex>0	12241	122738822	122732726
RSRC1	chr3	158105855	158545730	+	158110067	158110138	687.358013765997	0.9861213461066076	gex>0	439876	158325792	158110102
DUSP22	chr6	291630	351355	+	292476	292528	382.314063025886	0.9711680176860722	gex>0	59726	321492	292502
ADCK1	chr14	77800109	77935014	+	77800082	77800132	7.400247072145111	0.7441660525669369	gex>0	134906	77867561	77800107
TMEM184C	chr4	147617386	147672044	+	147617382	147617435	45.3144999287846	0.8524932449029723	gex>0	54659	147644715	147617408
TBC1D22B	chr6	37257772	37332970	+	37257771	37257821	15.7615651926207	0.7861704740849914	gex>0	75199	37295371	37257796
B4GALT5	chr20	49632945	49713878	-	49713828	49713878	11.3406383703003	0.767563252272169	gex>0	80934	49673411	49713853
RBSN	chr3	15070073	15099163	-	15099113	15099163	27.6307926395028	0.8197924342913289	gex>0	29091	15084618	15099138
CHD4	chr12	6570082	6614524	-	6607374	6607424	39.980555610550205	0.8437423237533775	gex>0	44443	6592303	6607399
C8orf76	chr8	123219967	123241377	-	123231542	123231592	0.480535524165267	0.6075288626873004	gex>0	21411	123230672	123231567
ZNF528	chr19	52397849	52418412	+	52397848	52397898	4.03649840298824	0.7126934414148858	gex>0	20564	52408130	52397873
SMC5	chr9	70258978	70354873	+	70258961	70259011	35.5596287882297	0.8360353721444362	gex>0	95896	70306925	70258986
FSBP	chr8	94378377	94436952	-	94436902	94436952	66.12168812514071	0.8776099238516335	gex>0	58576	94407664	94436927
NDE1	chr16	15643267	15734691	+	15691241	15691291	1.05717815316359	0.6474453451240482	gex>0	91425	15688979	15691266
ZNF443	chr19	12429706	12441021	-	12440971	12441021	26.0450254097574	0.815985015966593	gex>0	11316	12435363	12440996
COPS4	chr4	83034447	83075818	+	83035170	83035223	73.0413996731205	0.8851940555146156	gex>0	41372	83055132	83035196
UBL5	chr19	9827892	9830115	+	9827891	9827941	193.944137553102	0.943195774993859	gex>0	2224	9829003	9827916
DDX50	chr10	68901286	68946847	+	68913426	68913476	2.59489183049244	0.6914455907639401	gex>0	45562	68924066	68913451
CYBC1	chr17	82442586	82450829	-	82450718	82450768	150.263458406479	0.928641611397691	gex>0	8244	82446707	82450743
FAM111B	chr11	59107185	59127412	+	59107236	59107286	5.86253339481625	0.7314541881601572	gex>0	20228	59117298	59107261
STAT6	chr12	57095408	57132139	-	57111324	57111374	513.115832703672	0.9794890690248096	gex>0	36732	57113773	57111349
TAF6	chr7	100106876	100119841	-	100119316	100119366	29.697095393413505	0.8240297224269222	gex>0	12966	100113358	100119341
FZR1	chr19	3506311	3538334	+	3522983	3523039	0.480535524165267	0.6075288626873004	gex>0	32024	3522322	3523011
RFFL	chr17	35005990	35089319	-	35089197	35089247	43.152090070040906	0.8489621714566445	gex>0	83330	35047654	35089222
UNG	chr12	109097597	109110992	+	109097573	109097623	134.598000318691	0.923268238761975	gex>0	13396	109104294	109097598
ACTR8	chr3	53867066	53882152	-	53882152	53882202	41.3260550782129	0.8457688528617048	gex>0	15087	53874609	53882177
P4HB	chr17	81843159	81860856	-	81860574	81860624	52.5705863436802	0.8622574306067305	gex>0	17698	81852007	81860599
BRD8	chr5	138139770	138178953	-	138165912	138166061	0.480535524165267	0.6075288626873004	gex>0	39184	138159361	138165986
MED20	chr6	41905354	41921139	-	41921089	41921139	144.929514088244	0.926922132154262	gex>0	15786	41913246	41921114
HSPA4L	chr4	127781821	127840733	+	127782321	127782371	85.1508948820852	0.896032915745517	gex>0	58913	127811277	127782346
MTHFD1	chr14	64388031	64463457	+	64388310	64388360	1718.0106059956602	0.9961311717022844	gex>0	75427	64425744	64388335
GNPDA2	chr4	44682200	44726588	-	44726520	44726595	45.3144999287846	0.8524932449029723	gex>0	44389	44704394	44726557
PPIB	chr15	64155740	64163134	-	64163155	64163205	30.177630917578696	0.8251043969540653	gex>0	7395	64159437	64163180
B3GNT2	chr2	62196115	62224731	+	62196112	62196162	283.131530838175	0.9602063375092116	gex>0	28617	62210423	62196137
ZNF555	chr19	2841437	2860471	+	2841443	2841493	22.296848321268396	0.8067428150331614	gex>0	19035	2850954	2841468
ANP32A	chr15	68778535	68820897	-	68820847	68820897	390.675381146362	0.971997052321297	gex>0	42363	68799716	68820872
CCDC71	chr3	49162535	49166331	-	49166271	49166321	17.2992788699496	0.7915745517071973	gex>0	3797	49164433	49166296
MAEA	chr4	1289887	1340147	+	1289886	1289936	226.62055319634	0.9501965119135348	gex>0	50261	1315017	1289911
WDR36	chr5	111092321	111130502	+	111092313	111092370	386.54277563854	0.9716285924834192	gex>0	38182	111111411	111092341
SDC1	chr2	20200797	20225433	-	20224230	20224280	0.480535524165267	0.6075288626873004	gex>0	24637	20213115	20224255
SNX24	chr5	122843439	123029354	+	122845604	122845654	2.59489183049244	0.6914455907639401	gex>0	185916	122936396	122845629
OBI1	chr13	78614289	78659155	-	78659129	78659179	100.095549683625	0.9062269712601326	gex>0	44867	78636722	78659154
CNP	chr17	41966763	41977740	+	41966762	41966844	13.4549946766275	0.7769896831245394	gex>0	10978	41972251	41966803
CIT	chr12	119685791	119877320	-	119877248	119877291	15.0888154587894	0.7833456153279292	gex>0	191530	119781555	119877269
MIER3	chr5	56919602	56971675	-	56952093	56952125	184.237319964963	0.9400945713583886	gex>0	52074	56945638	56952109
CALM3	chr19	46601074	46610782	+	46601329	46601379	548.963782806401	0.9812085482682388	gex>0	9709	46605928	46601354
CCDC148	chr2	158171073	158456753	-	158456703	158456753	1.05717815316359	0.6474453451240482	gex>0	285681	158313913	158456728
CCDC113	chr16	58231157	58283836	+	58249935	58250001	9.03406785430701	0.754267993122083	gex>0	52680	58257496	58249968
KBTBD4	chr11	47572197	47578976	-	47578932	47579015	157.51954482137398	0.9313743551952836	gex>0	6780	47575586	47578973
ZNF416	chr19	57571566	57578911	-	57578877	57578927	19.029206756944603	0.7976541390321789	gex>0	7346	57575238	57578902
EBPL	chr13	49660674	49691486	-	49691425	49691475	131.71478717370002	0.9220093343158928	gex>0	30813	49676080	49691450
LTO1	chr11	69653076	69675416	-	69675366	69675416	1.05717815316359	0.6474453451240482	gex>0	22341	69664246	69675391
CSGALNACT2	chr10	43138445	43185302	+	43138485	43138535	25.18006146626	0.8138970768852861	gex>0	46858	43161873	43138510
DDN	chr12	48995149	48999375	-	48999259	48999309	0.480535524165267	0.6075288626873004	gex>0	4227	48997262	48999284
KIF18A	chr11	28020619	28108156	-	28088530	28088580	0.480535524165267	0.6075288626873004	gex>0	87538	28064387	28088555
HASPIN	chr17	3723903	3726699	+	3723902	3723952	4.03649840298824	0.7126934414148858	gex>0	2797	3725301	3723927
POM121	chr7	72879349	72951440	+	72879364	72879414	15.0888154587894	0.7833456153279292	gex>0	72092	72915394	72879389
G6PC3	chr17	44070735	44076344	+	44074733	44074770	0.480535524165267	0.6075288626873004	gex>0	5610	44073539	44074751
XAF1	chr17	6755447	6775647	+	6756045	6756097	951.556444952061	0.9903586342422008	gex>0	20201	6765547	6756071
BAZ1B	chr7	73440406	73522293	-	73522228	73522278	52.282265029181005	0.8616433308769345	gex>0	81888	73481349	73522253
TAF15	chr17	35809455	35864615	+	35844934	35844984	21.1435630632717	0.8037337263571604	gex>0	55161	35837035	35844959
PIK3CG	chr7	106865278	106908980	+	106865295	106865345	55.0693710693395	0.8655735691476296	gex>0	43703	106887129	106865320
STT3B	chr3	31532638	31637616	+	31533624	31533674	0.480535524165267	0.6075288626873004	gex>0	104979	31585127	31533649
CD9	chr12	6199715	6238271	+	6200384	6200434	61.6046541979872	0.8722672562024073	gex>0	38557	6218993	6200409
THTPA	chr14	23555988	23560271	+	23555987	23556056	3.07542735465771	0.7000736919675755	gex>0	4284	23558129	23556021
SLC35A1	chr6	87470623	87512336	+	87472976	87473019	21.5279914826039	0.8045013510194056	gex>0	41714	87491479	87472997
ZHX2	chr8	122781655	122974510	+	122781393	122781443	1.63382078216191	0.6671579464505035	gex>0	192856	122878082	122781418
MDM2	chr12	68808177	68845544	+	68809211	68809276	4.51703392715351	0.7182510439695406	gex>0	37368	68826860	68809243
ZNF585B	chr19	37181579	37218153	-	37210499	37210549	28.447703030583803	0.8215733235077377	gex>0	36575	37199866	37210524
FUZ	chr19	49806866	49817376	-	49813223	49813273	18.6447783376123	0.7962417096536477	gex>0	10511	49812121	49813248
TRMT1	chr19	13104902	13117567	-	13116699	13116749	44.2573217756211	0.8506509457135839	gex>0	12666	13111234	13116724
CHORDC1	chr11	90200429	90223077	-	90223022	90223077	304.515361663529	0.9630004912797838	gex>0	22649	90211753	90223049
GARRE1	chr19	34254552	34355566	+	34254551	34254601	19.5097422811098	0.7990358634242201	gex>0	101015	34305059	34254576
ZNF500	chr16	4748239	4767624	-	4767166	4767218	8.16910391080953	0.749048145418816	gex>0	19386	4757931	4767192
ACOT13	chr6	24667035	24705065	+	24667034	24667084	356.076823406463	0.968987963645296	gex>0	38031	24686050	24667059
SNN	chr16	11668455	11679152	+	11668413	11668463	30.177630917578696	0.8251043969540653	gex>0	10698	11673803	11668438
EARS2	chr16	23520754	23557731	-	23557004	23557054	18.6447783376123	0.7962417096536477	gex>0	36978	23539242	23557029
BCDIN3D	chr12	49836043	49843106	-	49843079	49843129	62.3735110366516	0.8733419307295505	gex>0	7064	49839574	49843104
H2AC6	chr6	26124145	26139116	+	26124202	26124252	2.1143563063271698	0.680545320560059	gex>0	14972	26131630	26124227
KREMEN2	chr16	2964216	2968383	+	2964274	2964324	75.4440772939469	0.8871898796364529	gex>0	4168	2966299	2964299
DHCR7	chr11	71428193	71452868	-	71448337	71448393	360.978285752948	0.9694178334561532	gex>0	24676	71440530	71448365
OAS3	chr12	112938051	112976460	+	112938545	112938595	13.0705662572953	0.7752702038811103	gex>0	38410	112957255	112938570
ABCD2	chr12	39550033	39619803	-	39619701	39619751	6.63139023348068	0.7379943502824858	gex>0	69771	39584918	39619726
ZFP36L2	chr2	43222402	43226606	-	43226559	43226609	67.2749733831373	0.8791451731761238	gex>0	4205	43224504	43226584
MCM3	chr6	52264014	52284881	-	52284701	52284751	775.968764422072	0.9880864652419552	gex>0	20868	52274447	52284726
NUP88	chr17	5360963	5419676	-	5387862	5387912	0.480535524165267	0.6075288626873004	gex>0	58714	5390319	5387887
TTL	chr2	112482156	112541739	+	112482153	112482203	0.480535524165267	0.6075288626873004	gex>0	59584	112511947	112482178
IDH3B	chr20	2658395	2664219	-	2664169	2664219	426.235009934591	0.9743306312945222	gex>0	5825	2661307	2664194
FYCO1	chr3	45917903	45995824	-	45995774	45995824	26.813882248421898	0.8179808400884304	gex>0	77922	45956863	45995799
RAB35	chr12	120095099	120117502	-	120116717	120116767	62.08518972215239	0.8728813559322034	gex>0	22404	120106300	120116742
CAPS2	chr12	75275979	75390928	-	75390878	75390928	15.0888154587894	0.7833456153279292	gex>0	114950	75333453	75390903
NOPCHAP1	chr12	104986316	105074197	+	104986309	104986359	516.864009792161	0.979765413903218	gex>0	87882	105030256	104986334
PDXK	chr21	43719094	43762307	+	43719175	43719225	14.3199586201249	0.7798759518545811	gex>0	43214	43740700	43719200
ZBTB43	chr9	126805006	126838210	+	126836219	126836269	1.05717815316359	0.6474453451240482	gex>0	33205	126821608	126836244
TNFRSF10D	chr8	23135588	23164027	-	23163980	23164030	225.85169635767505	0.950012281994596	gex>0	28440	23149807	23164005
SEPTIN10	chr2	109542799	109614143	-	109613887	109613937	18.068135708614	0.7941537705723409	gex>0	71345	109578471	109613912
AP1S3	chr2	223751686	223838027	-	223837552	223837602	30.177630917578696	0.8251043969540653	gex>0	86342	223794856	223837577
PEX6	chr6	42963865	42979181	-	42979170	42979220	16.145993611953003	0.7876136084500123	gex>0	15317	42971523	42979195
IFNAR2	chr21	33205282	33265675	+	33230181	33230216	0.480535524165267	0.6075288626873004	gex>0	60394	33235478	33230198
INTS4	chr11	77878720	77994671	-	77994628	77994678	318.546998969155	0.964904200442152	gex>0	115952	77936695	77994653
NUSAP1	chr15	41320794	41381050	+	41332854	41332904	1220.07969585561	0.9933063129452224	gex>0	60257	41350922	41332879
MSRB1	chr16	1938229	1943199	-	1943149	1943199	127.726342323128	0.9202898550724636	gex>0	4971	1940714	1943174
BYSL	chr6	41921499	41933046	+	41921549	41921599	7.400247072145111	0.7441660525669369	gex>0	11548	41927272	41921574
ZDHHC14	chr6	157381133	157678157	+	157542584	157542634	0.480535524165267	0.6075288626873004	gex>0	297025	157529645	157542609
DENND5A	chr11	9138825	9265959	-	9265340	9265390	45.3144999287846	0.8524932449029723	gex>0	127135	9202392	9265365
WDR62	chr19	36054649	36105108	+	36054880	36054930	9.03406785430701	0.754267993122083	gex>0	50460	36079878	36054905
KLRF2	chr12	9881489	9895833	+	9881488	9881538	1.63382078216191	0.6671579464505035	gex>0	14345	9888661	9881513
PNKD	chr2	218269651	218346793	+	218270484	218270534	22.7773838454336	0.8078481945467944	gex>0	77143	218308222	218270509
EYA1	chr8	71197433	71592025	-	71356639	71356689	0.480535524165267	0.6075288626873004	gex>0	394593	71394729	71356664
MRPL14	chr6	44113451	44127452	-	44127407	44127457	77.558433600274	0.8888479489069024	gex>0	14002	44120451	44127432
C12orf60	chr12	14803666	14906586	+	14803665	14803715	12.59003073313	0.7732743797592729	gex>0	102921	14855126	14803690
BICRAL	chr6	42746958	42868558	+	42782026	42782076	8.16910391080953	0.749048145418816	gex>0	121601	42807758	42782051
CFAP418	chr8	95244913	95269201	-	95269151	95269201	0.480535524165267	0.6075288626873004	gex>0	24289	95257057	95269176
LRCH4	chr7	100574011	100586129	-	100576901	100576943	1.05717815316359	0.6474453451240482	gex>0	12119	100580070	100576922
STXBP6	chr14	24809454	25050147	-	25050014	25050064	15.0888154587894	0.7833456153279292	gex>0	240694	24929800	25050039
UFM1	chr13	38349849	38363619	+	38349848	38349898	3750.09923058574	0.998894620486367	gex>0	13771	38356734	38349873
C5orf22	chr5	31532287	31555053	+	31532265	31532336	113.934972779585	0.9137496929501352	gex>0	22767	31543670	31532300
PDLIM1	chr10	95237572	95291012	-	95290974	95291024	572.798344804998	0.9821911078359126	gex>0	53441	95264292	95290999
CSTF1	chr20	56392371	56406362	+	56392370	56392420	153.002510894221	0.9296855809383444	gex>0	13992	56399366	56392395
CENPX	chr17	82018702	82024107	-	82022842	82022918	481.881023632929	0.9777695897813804	gex>0	5406	82021404	82022880
CCDC93	chr2	117915478	118014133	-	118014083	118014133	0.480535524165267	0.6075288626873004	gex>0	98656	117964805	118014108
SLC4A1AP	chr2	27663471	27694976	+	27663470	27663520	0.480535524165267	0.6075288626873004	gex>0	31506	27679223	27663495
PCBP1	chr2	70087477	70089203	+	70087453	70087503	620.371361697359	0.9839105870793416	gex>0	1727	70088340	70087478
ABHD2	chr15	89087459	89202355	+	89088429	89088479	108.889349775849	0.9113239990174404	gex>0	114897	89144907	89088454
CEP97	chr3	101724593	101770562	+	101727469	101727519	0.480535524165267	0.6075288626873004	gex>0	45970	101747577	101727494
FECH	chr18	57544377	57586732	-	57586722	57586772	23.546240684098105	0.8100589535740604	gex>0	42356	57565554	57586747
MRPS18B	chr6	30607946	30616632	+	30617842	30617892	76.4051483422774	0.8879575042986981	gex>0	8687	30612289	30617867
YTHDF1	chr20	63195429	63216139	-	63216089	63216139	4.90146234648572	0.7233787767133383	gex>0	20711	63205784	63216114
MYH9	chr22	36281280	36388010	-	36387968	36388018	210.52261313680305	0.9470953082780644	gex>0	106731	36334645	36387993
UBE3B	chr12	109477402	109536705	+	109477627	109477677	51.9939437146818	0.8611520510930976	gex>0	59304	109507053	109477652
CCDC6	chr10	59788747	59906556	-	59812678	59812728	0.480535524165267	0.6075288626873004	gex>0	117810	59847651	59812703
BTG1	chr12	92140278	92145846	-	92145847	92145897	72.4647570441222	0.8847334807172685	gex>0	5569	92143062	92145872
VPS13C	chr15	61852389	62060473	-	62060398	62060448	62.08518972215239	0.8728813559322034	gex>0	208085	61956431	62060423
UQCRC2	chr16	21953288	21983660	+	21953370	21953420	171.11870015525102	0.935611643330877	gex>0	30373	21968474	21953395
ABCC4	chr13	95019835	95301475	-	95301396	95301446	22.296848321268396	0.8067428150331614	gex>0	281641	95160655	95301421
ADCK5	chr8	144373101	144393242	+	144374041	144374091	45.3144999287846	0.8524932449029723	gex>0	20142	144383171	144374066
TRIM25	chr17	56836387	56914080	-	56891476	56891526	9.41849627363922	0.7568779169737165	gex>0	77694	56875233	56891501
ZNF598	chr16	1997654	2009821	-	2009745	2009823	5.38199787065099	0.7278002947678703	gex>0	12168	2003737	2009784
RRP7A	chr22	42508344	42519796	-	42519752	42519802	102.354066647202	0.907762220584623	gex>0	11453	42514070	42519777
TCF7	chr5	134114681	134151865	+	134115955	134116005	2.1143563063271698	0.680545320560059	gex>0	37185	134133273	134115980
RCC1L	chr7	75027122	75074228	-	75073831	75073881	129.840698629455	0.921364529599607	gex>0	47107	75050675	75073856
RBM47	chr4	40423267	40630875	-	40630795	40630875	70.254293632962	0.8825841316629821	gex>0	207609	40527071	40630835
HSF2BP	chr21	43529186	43659488	-	43659443	43659493	1.05717815316359	0.6474453451240482	gex>0	130303	43594337	43659468
NAA15	chr4	139301505	139420033	+	139386167	139386217	2.1143563063271698	0.680545320560059	gex>0	118529	139360769	139386192
ARID3B	chr15	74541206	74598131	+	74541205	74541255	32.484201433572004	0.830385654630312	gex>0	56926	74569668	74541230
HMGXB4	chr22	35257452	35295807	+	35257451	35257501	26.813882248421898	0.8179808400884304	gex>0	38356	35276629	35257476
UGDH	chr4	39498755	39528311	-	39527548	39527598	254.01107807376	0.9554163596168016	gex>0	29557	39513533	39527573
COIL	chr17	56938199	56961050	-	56961004	56961054	52.5705863436802	0.8622574306067305	gex>0	22852	56949624	56961029
ATP5MK	chr10	103389041	103396492	-	103396416	103396466	158.865044289037	0.9316199950872022	gex>0	7452	103392766	103396441
TUBG1	chr17	42609641	42615238	+	42609685	42609735	280.34442479801703	0.959653647752395	gex>0	5598	42612439	42609710
MARK3	chr14	103385377	103503831	+	103385391	103385441	18.6447783376123	0.7962417096536477	gex>0	118455	103444604	103385416
ZNF254	chr19	24033405	24129968	+	24087159	24087209	6.63139023348068	0.7379943502824858	gex>0	96564	24081686	24087184
MRPS10	chr6	42206807	42217861	-	42217815	42217865	153.771367732885	0.9299926308032423	gex>0	11055	42212334	42217840
MMP13	chr11	102942995	102955732	-	102955684	102955734	0.480535524165267	0.6075288626873004	gex>0	12738	102949363	102955709
ZNF878	chr19	12043805	12052961	-	12052889	12052939	3.07542735465771	0.7000736919675755	gex>0	9157	12048383	12052914
ACY1	chr3	51983340	51989197	+	51983461	51983511	72.17643572962301	0.8842729059199214	gex>0	5858	51986268	51983486
TRIAP1	chr12	120443964	120446384	-	120446362	120446412	738.5831006420151	0.9873495455662	gex>0	2421	120445174	120446387
NR2C2	chr3	14947583	15053600	+	14948631	14948681	3.5559628788229705	0.706951608941292	gex>0	106018	15000591	14948656
UAP1L1	chr9	137077517	137084539	+	137078140	137078190	2.1143563063271698	0.680545320560059	gex>0	7023	137081028	137078165
COMMD3-BMI1	chr10	22316388	22329542	+	22316387	22316437	809.798465323307	0.9888233849177106	gex>0	13155	22322965	22316412
ZDHHC16	chr10	97446170	97457370	+	97455716	97455766	0.480535524165267	0.6075288626873004	gex>0	11201	97451770	97455741
DECR1	chr8	90001405	90053633	+	90001445	90001495	146.707495527656	0.9275976418570376	gex>0	52229	90027519	90001470
UBE3D	chr6	82892390	83065841	-	83065791	83065841	31.907558804573696	0.8290039302382707	gex>0	173452	82979115	83065816
SLC39A11	chr17	72645949	73092712	-	73092662	73092712	218.403395733114	0.9486612625890444	gex>0	446764	72869330	73092687
MTX3	chr5	79976716	79991262	-	79991212	79991262	6.63139023348068	0.7379943502824858	gex>0	14547	79983989	79991237
ZNF324	chr19	58467056	58475436	+	58467044	58467105	7.400247072145111	0.7441660525669369	gex>0	8381	58471246	58467074
TSC1	chr9	132891348	132946874	-	132944583	132944633	40.4610911347154	0.8442643085237043	gex>0	55527	132919111	132944608
POM121C	chr7	75416786	75486299	-	75437514	75437553	0.480535524165267	0.6075288626873004	gex>0	69514	75451542	75437533
ERICH5	chr8	98064522	98093610	+	98064521	98064571	15.4732438781216	0.7847887496929501	gex>0	29089	98079066	98064546
TEX264	chr3	51662693	51704323	+	51671231	51671281	137.817588330598	0.9244350282485876	gex>0	41631	51683508	51671256
GPRIN1	chr5	176595802	176610156	-	176610083	176610133	1.05717815316359	0.6474453451240482	gex>0	14355	176602979	176610108
GABPB1	chr15	50275389	50355408	-	50355103	50355153	128.206877847293	0.920566199950872	gex>0	80020	50315398	50355128
ADARB2	chr10	1177313	1737525	-	1240480	1737476	11.3406383703003	0.767563252272169	gex>0	560213	1457419	1488978
ISY1	chr3	129127415	129161063	-	129160998	129161048	10.5717815316359	0.7635101940555146	gex>0	33649	129144239	129161023
BIRC3	chr11	102317450	102339403	+	102317449	102317499	2891.95889153141	0.99840334070253	gex>0	21954	102328426	102317474
GOLGA8A	chr15	34379068	34437808	-	34437416	34437466	9.41849627363922	0.7568779169737165	gex>0	58741	34408438	34437441
STRADB	chr2	201387858	201480846	+	201451733	201451783	2.59489183049244	0.6914455907639401	gex>0	92989	201434352	201451758
NANS	chr9	98056732	98083077	+	98056738	98056788	9.03406785430701	0.754267993122083	gex>0	26346	98069904	98056763
RIF1	chr2	151409883	151508013	+	151409885	151409935	128.206877847293	0.920566199950872	gex>0	98131	151458948	151409910
ZNF681	chr19	23739195	23758891	-	23758841	23758891	1.05717815316359	0.6474453451240482	gex>0	19697	23749043	23758866
ABI3	chr17	49210411	49223225	+	49219562	49219612	1.63382078216191	0.6671579464505035	gex>0	12815	49216818	49219587
SEC61G	chr7	54752250	54759974	-	54759191	54759246	282.314620447094	0.960114222549742	gex>0	7725	54756112	54759218
BHLHE41	chr12	26120030	26125037	-	26124849	26124899	6.63139023348068	0.7379943502824858	gex>0	5008	26122533	26124874
LHX2	chr9	124001670	124033301	+	124015396	124015446	1.63382078216191	0.6671579464505035	gex>0	31632	124017485	124015421
DTNBP1	chr6	15522807	15663058	-	15662970	15663030	100.624138760207	0.9065647261115204	gex>0	140252	15592932	15663000
KCTD7	chr7	66628881	66649067	+	66628942	66628992	4.90146234648572	0.7233787767133383	gex>0	20187	66638974	66628967
UMPS	chr3	124730433	124749273	+	124738130	124738180	0.480535524165267	0.6075288626873004	gex>0	18841	124739853	124738155
PEDS1	chr20	50118254	50153734	-	50153684	50153734	39.692234296051005	0.8430975190370916	gex>0	35481	50135994	50153709
SIAH2	chr3	150741125	150763477	-	150763427	150763477	4.03649840298824	0.7126934414148858	gex>0	22353	150752301	150763452
RXYLT1	chr12	63779833	63809792	+	63779841	63779891	33.8297009012348	0.8331183984279047	gex>0	29960	63794812	63779866
RPL35	chr9	124857880	124861981	-	124861931	124861981	1591.53365603536	0.9955170719724884	gex>0	4102	124859930	124861956
RAD51D	chr17	35092221	35121522	-	35119763	35119813	7.88078259631037	0.7467759764185704	gex>0	29302	35106871	35119788
NUDT7	chr16	77722492	77742260	+	77722491	77722541	3.07542735465771	0.7000736919675755	gex>0	19769	77732376	77722516
DYNLL2	chr17	58083419	58095542	+	58083414	58083464	74.5791133504494	0.8863608450012282	gex>0	12124	58089480	58083439
ZNF7	chr8	144827518	144847509	+	144827576	144827609	4.51703392715351	0.7182510439695406	gex>0	19992	144837513	144827592
AZIN1	chr8	102826111	102893864	-	102864143	102864193	266.985537226222	0.9576885286170476	gex>0	67754	102859987	102864168
PTER	chr10	16436943	16513745	+	16436983	16437033	291.156474091735	0.9612810120363549	gex>0	76803	16475344	16437008
SPSB3	chr16	1776712	1793700	-	1782544	1782594	53.2433360775115	0.8629022353230165	gex>0	16989	1785206	1782569
DNAJB11	chr3	186567403	186585800	+	186570677	186570727	66.5541700968894	0.878009088676001	gex>0	18398	186576601	186570702
MLEC	chr12	120687149	120701859	+	120694166	120696452	14.3199586201249	0.7798759518545811	gex>0	14711	120694504	120695309
MED16	chr19	868013	881626	-	893168	893218	143.007371991583	0.9261852124785064	gex>0	13614	874819	893193
SOX9	chr17	72121020	72126416	+	72121019	72121069	54.7810497548404	0.8652358142962417	gex>0	5397	72123718	72121044
NPRL2	chr3	50347330	50350826	-	50350771	50350821	43.152090070040906	0.8489621714566445	gex>0	3497	50349078	50350796
SIDT2	chr11	117178736	117197445	+	117178735	117178785	3.5559628788229705	0.706951608941292	gex>0	18710	117188090	117178760
HSPA8	chr11	123057489	123063230	-	123061972	123062022	0.480535524165267	0.6075288626873004	gex>0	5742	123060359	123061997
APEH	chr3	49674014	49683971	+	49674359	49674409	177.990358150815	0.938129452223041	gex>0	9958	49678992	49674384
MYL6B	chr12	56152256	56159647	+	56152589	56152631	340.89190084284	0.9672070744288872	gex>0	7392	56155951	56152610
DCP1B	chr12	1946053	2004535	-	2004420	2004470	44.593696642536706	0.85126504544338	gex>0	58483	1975294	2004445
FAM219A	chr9	34398184	34458570	-	34458502	34458570	0.480535524165267	0.6075288626873004	gex>0	60387	34428377	34458536
ICE2	chr15	60419609	60479160	-	60479095	60479160	27.294417772587103	0.8189326946696144	gex>0	59552	60449384	60479127
TGFB1I1	chr16	31471585	31477960	+	31472140	31472201	0.480535524165267	0.6075288626873004	gex>0	6376	31474772	31472170
F2R	chr5	76716126	76735770	+	76716198	76716248	13.8394230959597	0.7784021125030705	gex>0	19645	76725948	76716223
POLR2I	chr19	36113709	36115213	-	36114856	36114906	496.10487514822097	0.9785679194301156	gex>0	1505	36114461	36114881
ARL5B	chr10	18659431	18681639	+	18659404	18659454	139.835837532093	0.9252640628838124	gex>0	22209	18670535	18659429
BIVM	chr13	102799119	102841533	+	102800400	102800450	1.63382078216191	0.6671579464505035	gex>0	42415	102820326	102800425
TLR9	chr3	52221080	52225645	-	52226113	52226163	0.480535524165267	0.6075288626873004	gex>0	4566	52223362	52226138
NRXN3	chr14	78170373	79868291	+	78403730	78403799	1.63382078216191	0.6671579464505035	gex>0	1697919	79019332	78403764
PAXX	chr9	136992422	136993984	+	136992417	136992467	2.1143563063271698	0.680545320560059	gex>0	1563	136993203	136992442
TBC1D17	chr19	49877666	49888750	+	49878549	49878599	0.480535524165267	0.6075288626873004	gex>0	11085	49883208	49878574
ABHD10	chr3	111979010	111993368	+	111979009	111979059	247.908276916861	0.9542802751166788	gex>0	14359	111986189	111979034
ZNF680	chr7	64519878	64563075	-	64563025	64563075	1.05717815316359	0.6474453451240482	gex>0	43198	64541476	64563050
ZMAT5	chr22	29730956	29767011	-	29766961	29767011	26.0450254097574	0.815985015966593	gex>0	36056	29748983	29766986
TMED7-TICAM2	chr5	115578642	115626161	-	115626111	115626161	15.0888154587894	0.7833456153279292	gex>0	47520	115602401	115626136
CLPP	chr19	6361531	6370242	+	6361862	6361912	1.05717815316359	0.6474453451240482	gex>0	8712	6365886	6361887
CANT1	chr17	78991716	79009867	-	79009743	79009802	32.1958801190729	0.8296794399410464	gex>0	18152	79000791	79009772
DCP2	chr5	112976702	113022195	+	112976793	112976843	61.028011568988894	0.8716531564726111	gex>0	45494	112999448	112976818
MPHOSPH9	chr12	123152320	123244014	-	123233188	123233238	0.480535524165267	0.6075288626873004	gex>0	91695	123198167	123233213
ZNF544	chr19	58228594	58277495	+	58229464	58229514	0.480535524165267	0.6075288626873004	gex>0	48902	58253044	58229489
BICD2	chr9	92711363	92764833	-	92764762	92764812	2.59489183049244	0.6914455907639401	gex>0	53471	92738098	92764787
CALY	chr10	133324072	133336935	-	133336857	133336907	0.480535524165267	0.6075288626873004	gex>0	12864	133330503	133336882
ZBTB4	chr17	7459366	7484263	-	7484213	7484263	3.5559628788229705	0.706951608941292	gex>0	24898	7471814	7484238
GPCPD1	chr20	5544439	5611006	-	5610976	5611026	123.497629710474	0.9182940309506264	gex>0	66568	5577722	5611001
MOSPD3	chr7	100612102	100615384	+	100612429	100612479	7.111925757645951	0.7413104888233849	gex>0	3283	100613743	100612454
PDGFD	chr11	103907189	104164379	-	104164057	104164379	0.480535524165267	0.6075288626873004	gex>0	257191	104035784	104164218
TRAT1	chr3	108822770	108855005	+	108822772	108822822	2.1143563063271698	0.680545320560059	gex>0	32236	108838887	108822797
ENDOD1	chr11	95089846	95132645	+	95089809	95089859	92.74335616389652	0.9018054532056006	gex>0	42800	95111245	95089834
IKBIP	chr12	98613405	98645113	-	98644904	98644954	3.5559628788229705	0.706951608941292	gex>0	31709	98629259	98644929
FAM50B	chr6	3849373	3851320	+	3849385	3849435	0.480535524165267	0.6075288626873004	gex>0	1948	3850346	3849410
SACS	chr13	23288689	23433763	-	23375493	23433728	9.03406785430701	0.754267993122083	gex>0	145075	23361226	23404610
PRC1	chr15	90966040	90995629	-	90994486	90994536	125.90030733129998	0.9196757553426675	gex>0	29590	90980834	90994511
HELQ	chr4	83407343	83455855	-	83455805	83455856	35.1752003688975	0.8353291574551707	gex>0	48513	83431599	83455830
KIFC1	chr6	33561891	33562220	+	33406220	33406270	2.1143563063271698	0.680545320560059	gex>0	330	33562055	33406245
ERLIN1	chr10	100150094	100186033	-	100185983	100186033	19.5097422811098	0.7990358634242201	gex>0	35940	100168063	100186008
ZMYND19	chr9	137582081	137590512	-	137590440	137590490	0.480535524165267	0.6075288626873004	gex>0	8432	137586296	137590465
PRKAR1A	chr17	68511780	68551319	+	68512449	68512499	152.906403789388	0.9295934659788748	gex>0	39540	68531549	68512474
TMEM243	chr7	87196160	87220587	-	87219683	87219733	18.6447783376123	0.7962417096536477	gex>0	24428	87208373	87219708
GADD45GIP1	chr19	12953119	12957223	-	12957186	12957236	501.05439104712303	0.9788442643085236	gex>0	4105	12955171	12957211
ZNF660	chr3	44578223	44599694	+	44584961	44585007	3.5559628788229705	0.706951608941292	gex>0	21472	44588958	44584984
PPIP5K2	chr5	103120149	103212799	+	103120263	103120313	163.57429242585698	0.9330938344387129	gex>0	92651	103166474	103120288
CCNF	chr16	2429394	2458854	+	2443700	2443750	1.05717815316359	0.6474453451240482	gex>0	29461	2444124	2443725
PLEKHA8	chr7	30027404	30130483	+	30028424	30028474	10.956209950968098	0.7655367231638418	gex>0	103080	30078943	30028449
HSPE1-MOB4	chr2	197500413	197550726	+	197500412	197500439	189.330996521115	0.9417219356423484	gex>0	50314	197525569	197500425
PCTP	chr17	55751051	55842830	+	55751060	55751110	117.154560791492	0.9152542372881356	gex>0	91780	55796940	55751085
SETD9	chr5	56909260	56925532	+	56910059	56910109	17.5876001844488	0.7928948661262589	gex>0	16273	56917396	56910084
ZNF93	chr19	19900913	19963464	+	19900912	19900995	9.41849627363922	0.7568779169737165	gex>0	62552	19932188	19900953
EMG1	chr12	6970913	6997428	+	6970892	6970942	113.214169493337	0.9134733480717268	gex>0	26516	6984170	6970917
DERL2	chr17	5471254	5486811	-	5482829	5482879	0.480535524165267	0.6075288626873004	gex>0	15558	5479032	5482854
LY96	chr8	73991392	74029079	+	73991425	73991475	0.480535524165267	0.6075288626873004	gex>0	37688	74010235	73991450
CKLF-CMTM1	chr16	66552587	66579135	+	66552612	66552662	202.882098302576	0.9452223041021862	gex>0	26549	66565861	66552637
ASS1	chr9	130444961	130501274	+	130444961	130444995	2.1143563063271698	0.680545320560059	gex>0	56314	130473117	130444978
TVP23B	chr17	18781111	18806714	+	18781110	18781229	6.63139023348068	0.7379943502824858	gex>0	25604	18793912	18781169
WDR5	chr9	134135365	134159968	+	134135364	134135414	4.51703392715351	0.7182510439695406	gex>0	24604	134147666	134135389
SARNP	chr12	55752463	55817724	-	55817706	55817756	653.720527074429	0.9850773765659544	gex>0	65262	55785093	55817731
ANG	chr14	20684177	20698971	+	20684176	20684226	4.90146234648572	0.7233787767133383	gex>0	14795	20691574	20684201
BMP2	chr20	6767686	6780246	+	6767663	6767713	0.480535524165267	0.6075288626873004	gex>0	12561	6773966	6767688
ALDH3A2	chr17	19648136	19685760	+	19648145	19648195	4.90146234648572	0.7233787767133383	gex>0	37625	19666948	19648170
DOHH	chr19	3490821	3500674	-	3496618	3496668	2.1143563063271698	0.680545320560059	gex>0	9854	3495747	3496643
TESMIN	chr11	68707440	68751520	-	68750215	68750265	1.05717815316359	0.6474453451240482	gex>0	44081	68729480	68750240
FBXO45	chr3	196568611	196589059	+	196568610	196568660	15.0888154587894	0.7833456153279292	gex>0	20449	196578835	196568635
SCYL2	chr12	100267140	100341715	+	100267139	100267189	10.956209950968098	0.7655367231638418	gex>0	74576	100304427	100267164
STOM	chr9	121338987	121370304	-	121370254	121370304	13.8394230959597	0.7784021125030705	gex>0	31318	121354645	121370279
TMEM145	chr19	42313309	42325064	+	42313335	42313385	0.480535524165267	0.6075288626873004	gex>0	11756	42319186	42313360
CCL4L2	chr17	36312669	36314484	+	36211062	36211112	736.2765301260209	0.9872881355932204	gex>0	1816	36313576	36211087
MNAT1	chr14	60734742	60969965	+	60734741	60734811	168.379647667509	0.9346290837632032	gex>0	235224	60852353	60734776
KDM2B	chr12	121429096	121581023	-	121580175	121580225	3.5559628788229705	0.706951608941292	gex>0	151928	121505059	121580200
UBXN2B	chr8	58411359	58451501	+	58411358	58411408	45.3144999287846	0.8524932449029723	gex>0	40143	58431430	58411383
TMEM177	chr2	119679167	119686507	+	119679166	119679216	66.5541700968894	0.878009088676001	gex>0	7341	119682837	119679191
TM9SF1	chr14	24189148	24195686	-	24195587	24195637	48.5340879406919	0.8568226479980349	gex>0	6539	24192417	24195612
SLTM	chr15	58879050	58933679	-	58933566	58933616	104.660637163195	0.9089597150577252	gex>0	54630	58906364	58933591
WNT2	chr7	117275451	117323152	-	117323064	117323114	0.480535524165267	0.6075288626873004	gex>0	47702	117299301	117323089
LRRC51	chr11	72080337	72096895	+	72080811	72080885	14.3199586201249	0.7798759518545811	gex>0	16559	72088616	72080848
LMBRD1	chr6	69672757	69867236	-	69790615	69796885	43.152090070040906	0.8489621714566445	gex>0	194480	69769996	69793750
UHRF1BP1	chr6	34792083	34877514	+	34792079	34792129	17.2992788699496	0.7915745517071973	gex>0	85432	34834798	34792104
MSANTD3-TMEFF1	chr9	100442271	100577636	+	100442270	100442320	1.05717815316359	0.6474453451240482	gex>0	135366	100509953	100442295
SLC30A6	chr2	32165841	32224379	+	32165863	32165903	15.7615651926207	0.7861704740849914	gex>0	58539	32195110	32165883
MON2	chr12	62466817	62600476	+	62466816	62466866	100.624138760207	0.9065647261115204	gex>0	133660	62533646	62466841
SAMD12	chr8	118189455	118622112	-	118621945	118621995	65.8333668106415	0.8772414640137558	gex>0	432658	118405783	118621970
TRAPPC2L	chr16	88856220	88862686	+	88857097	88857147	65.4489383913093	0.8768422991893884	gex>0	6467	88859453	88857122
VAMP2	chr17	8159149	8163546	-	8162925	8162975	55.934335012837	0.8665254237288136	gex>0	4398	8161347	8162950
MGAT4A	chr2	98619106	98731132	-	98731076	98731126	4.03649840298824	0.7126934414148858	gex>0	112027	98675119	98731101
RINT1	chr7	105532169	105567677	+	105550054	105550104	0.480535524165267	0.6075288626873004	gex>0	35509	105549923	105550079
RIC8A	chr11	207708	215113	+	209079	209129	0.480535524165267	0.6075288626873004	gex>0	7406	211410	209104
FAM76B	chr11	95768953	95790409	-	95789511	95789615	9.41849627363922	0.7568779169737165	gex>0	21457	95779681	95789563
ASXL1	chr20	32358330	32439319	+	32358343	32358393	14.8004941442902	0.7815033161385408	gex>0	80990	32398824	32358368
H1-2	chr6	26055740	26056470	-	26056378	26056428	0.480535524165267	0.6075288626873004	gex>0	731	26056105	26056403
LTB	chr6	31567961	31569928	-	31582356	31582427	35.7518429978958	0.836710881847212	gex>0	1968	31568944	31582391
DMWD	chr19	45782947	45792845	-	45785609	45785659	0.480535524165267	0.6075288626873004	gex>0	9899	45787896	45785634
TMEM106A	chr17	43211835	43220041	+	43211874	43211922	36.5206998365603	0.8379390813068043	gex>0	8207	43215938	43211898
ZSCAN2	chr15	84600986	84627796	+	84601004	84601065	12.3017094186308	0.7714627855563744	gex>0	26811	84614391	84601034
NFYA	chr6	41072974	41102403	+	41072944	41072994	32.484201433572004	0.830385654630312	gex>0	29430	41087688	41072969
GPR155	chr2	174431571	174487094	-	174487030	174487088	4.90146234648572	0.7233787767133383	gex>0	55524	174459332	174487059
IL4R	chr16	27313668	27364778	+	27313912	27313962	88.51464355124209	0.8988270695160894	gex>0	51111	27339223	27313937
OTUB1	chr11	63985853	64001811	+	63986445	63986495	472.17420604479105	0.9773397199705232	gex>0	15959	63993832	63986470
PPAT	chr4	56393362	56435615	-	56435565	56435615	16.9148504506174	0.7901621223286662	gex>0	42254	56414488	56435590
MED30	chr8	117520713	117540262	+	117520832	117520882	1.63382078216191	0.6671579464505035	gex>0	19550	117530487	117520857
WDR53	chr3	196554177	196568674	-	196568531	196568581	35.7518429978958	0.836710881847212	gex>0	14498	196561425	196568556
IFIT5	chr10	89414568	89421605	+	89414585	89414635	45.3144999287846	0.8524932449029723	gex>0	7038	89418086	89414610
NDUFAF3	chr3	49020459	49023495	+	49022112	49022162	185.102283908461	0.9404016212232866	gex>0	3037	49021977	49022137
CTNS	chr17	3636459	3663103	+	3636467	3636517	1.05717815316359	0.6474453451240482	gex>0	26645	3649781	3636492
PIGY	chr4	88520998	88523776	-	88521739	88521789	1.05717815316359	0.6474453451240482	gex>0	2779	88522387	88521764
ATL3	chr11	63624087	63671921	-	63671696	63671746	23.1618122647658	0.8089535740604274	gex>0	47835	63648004	63671721
PDCD2L	chr19	34404399	34426168	+	34404383	34404433	83.0365385757581	0.8943748464750676	gex>0	21770	34415283	34404408
SEPTIN8	chr5	132750819	132807241	-	132777211	132777261	9.03406785430701	0.754267993122083	gex>0	56423	132779030	132777236
HSPA5	chr9	125234853	125241382	-	125241280	125241330	123.113201291141	0.9180790960451978	gex>0	6530	125238117	125241305
MSANTD3	chr9	100427143	100451734	+	100429513	100429563	0.480535524165267	0.6075288626873004	gex>0	24592	100439438	100429538
CHAF1A	chr19	4402640	4445018	+	4402701	4402751	0.480535524165267	0.6075288626873004	gex>0	42379	4423829	4402726
DCTN5	chr16	23641466	23677472	+	23641470	23641525	289.666813966823	0.9610353721444362	gex>0	36007	23659469	23641497
KLHL22	chr22	20441519	20495844	-	20495767	20495817	16.9148504506174	0.7901621223286662	gex>0	54326	20468681	20495792
LRCH1	chr13	46553168	46753040	+	46553169	46553219	33.8297009012348	0.8331183984279047	gex>0	199873	46653104	46553194
DAZAP2	chr12	51238724	51271362	+	51238823	51238873	1699.17361344838	0.9960697617293048	gex>0	32639	51255043	51238848
ZNF23	chr16	71447597	71463095	-	71462209	71462252	122.632665766976	0.91774134119381	gex>0	15499	71455346	71462230
SLFN5	chr17	35243071	35273655	+	35243035	35243085	9.80292469297144	0.7593650208793908	gex>0	30585	35258363	35243060
SLC25A10	chr17	81712236	81721016	+	81712263	81712313	13.8394230959597	0.7784021125030705	gex>0	8781	81716626	81712288
CARD9	chr9	136361903	136373681	-	136373631	136373681	30.9464877562432	0.8267931712110047	gex>0	11779	136367792	136373656
MED19	chr11	57703710	57712221	-	57712171	57712221	32.8686298529042	0.831337509211496	gex>0	8512	57707965	57712196
TAMM41	chr3	11817080	11846919	-	11846814	11846864	35.1752003688975	0.8353291574551707	gex>0	29840	11831999	11846839
CYP4V2	chr4	186191567	186213463	+	186191519	186191569	4.03649840298824	0.7126934414148858	gex>0	21897	186202515	186191544
MOB1B	chr4	70902326	71022449	+	70902346	70902396	8.553532330141751	0.7515045443380005	gex>0	120124	70962387	70902371
SLC27A4	chr9	128340527	128361470	+	128340645	128340695	0.480535524165267	0.6075288626873004	gex>0	20944	128350998	128340670
CHD6	chr20	41402083	41618384	-	41499294	41499317	0.480535524165267	0.6075288626873004	gex>0	216302	41510233	41499305
FANCA	chr16	89737549	89816657	-	89816607	89816657	94.52133760330791	0.9028801277327438	gex>0	79109	89777103	89816632
DSTN	chr20	17570075	17609919	+	17570081	17570131	111.964777130507	0.912644313436502	gex>0	39845	17589997	17570106
BARD1	chr2	214725646	214809683	-	214809661	214809711	199.90277805275105	0.9444853844264308	gex>0	84038	214767664	214809686
CXXC4	chr4	104468308	104494901	-	104494851	104494901	37.0973424655586	0.8390137558339474	gex>0	26594	104481604	104494876
PLK2	chr5	58453982	58460139	-	58460036	58460086	4.51703392715351	0.7182510439695406	gex>0	6158	58457060	58460061
ARID5B	chr10	61901684	62096944	+	61901299	62049260	0.480535524165267	0.6075288626873004	gex>0	195261	61999314	61975279
PIPOX	chr17	28950513	29057216	+	28950619	28950669	5.38199787065099	0.7278002947678703	gex>0	106704	29003864	28950644
TP53INP2	chr20	34704339	34713439	+	34704734	34704778	4.90146234648572	0.7233787767133383	gex>0	9101	34708889	34704756
CPSF6	chr12	69239569	69274358	+	69239571	69239621	82.6521101564258	0.8940370916236797	gex>0	34790	69256963	69239596
HNRNPA3	chr2	177212563	177223958	+	177212771	177212821	44.0170540135384	0.8501289609432572	gex>0	11396	177218260	177212796
TM7SF2	chr11	65111845	65116384	+	65112704	65112754	11.3406383703003	0.767563252272169	gex>0	4540	65114114	65112729
SUZ12	chr17	31937007	32001038	+	31937017	31937067	182.939874049717	0.9396647015475312	gex>0	64032	31969022	31937042
ZSWIM3	chr20	45857614	45879122	+	45857616	45857666	39.4039129815519	0.8423605993613362	gex>0	21509	45868368	45857641
ARL11	chr13	49628507	49633872	+	49628522	49628572	2.1143563063271698	0.680545320560059	gex>0	5366	49631189	49628547
NDUFAF1	chr15	41387218	41409403	-	41402409	41402519	6.24696181414847	0.734647506755097	gex>0	22186	41398310	41402464
SENP1	chr12	48042897	48106079	-	48065630	48065680	0.480535524165267	0.6075288626873004	gex>0	63183	48074488	48065655
OARD1	chr6	41033627	41097787	-	41072564	41072614	0.480535524165267	0.6075288626873004	gex>0	64161	41065707	41072589
SEMA4D	chr9	89360787	89498130	-	89498080	89498130	28.447703030583803	0.8215733235077377	gex>0	137344	89429458	89498105
RSL1D1	chr16	11833850	11851580	-	11846517	11846567	12.59003073313	0.7732743797592729	gex>0	17731	11842715	11846542
CNOT9	chr2	218568580	218597080	+	218568930	218568978	2.1143563063271698	0.680545320560059	gex>0	28501	218582830	218568954
PTK7	chr6	43076307	43161719	+	43076306	43076356	9.80292469297144	0.7593650208793908	gex>0	85413	43119013	43076331
CFDP1	chr16	75293698	75433503	-	75395161	75395211	1.05717815316359	0.6474453451240482	gex>0	139806	75363600	75395186
MIDEAS	chr14	73715122	73790285	-	73725289	73725339	1.05717815316359	0.6474453451240482	gex>0	75164	73752703	73725314
YTHDC1	chr4	68310387	68350089	-	68350039	68350089	107.928278727519	0.9108327192336036	gex>0	39703	68330238	68350064
ADAM18	chr8	39429440	39575001	+	39685129	39685223	1.63382078216191	0.6671579464505035	gex>0	145562	39502220	39685176
RAB5IF	chr20	36605779	36612557	+	36605784	36605834	32.8686298529042	0.831337509211496	gex>0	6779	36609168	36605809
POMC	chr2	25160853	25168903	-	25168640	25168690	0.480535524165267	0.6075288626873004	gex>0	8051	25164878	25168665
EXOSC6	chr16	70246778	70251940	-	70251880	70251930	66.5541700968894	0.878009088676001	gex>0	5163	70249359	70251905
ZNF133	chr20	18288283	18316996	+	18288510	18288578	46.80416005369701	0.8546425939572586	gex>0	28714	18302639	18288544
COPS8	chr2	237085882	237100474	+	237085881	237085935	155.309081410214	0.9306067305330386	gex>0	14593	237093178	237085908
THAP7	chr22	20999104	21002196	-	21001745	21001795	48.3418737310258	0.8564541881601572	gex>0	3093	21000650	21001770
ANAPC7	chr12	110372900	110403730	-	110403639	110403730	213.26166562454495	0.947617293048391	gex>0	30831	110388315	110403684
IQCE	chr7	2558972	2614733	+	2559426	2559476	0.480535524165267	0.6075288626873004	gex>0	55762	2586852	2559451
HMMR	chr5	163460203	163491941	+	163460633	163460683	188.61019323486695	0.94144559076394	gex>0	31739	163476072	163460658
ZDHHC3	chr3	44915257	44976185	-	44976135	44976185	22.296848321268396	0.8067428150331614	gex>0	60929	44945721	44976160
ACTR10	chr14	58200080	58235636	+	58223598	58223687	0.480535524165267	0.6075288626873004	gex>0	35557	58217858	58223642
NCOA5	chr20	46060991	46089962	-	46089902	46089952	34.8868790543983	0.8347764676983542	gex>0	28972	46075476	46089927
POC1B-GALNT4	chr12	89519408	89526262	-	89526148	89526262	1.05717815316359	0.6474453451240482	gex>0	6855	89522835	89526205
SLFN12	chr17	35410922	35433283	-	35433149	35433199	15.0888154587894	0.7833456153279292	gex>0	22362	35422102	35433174
SDF2	chr17	28648346	28662189	-	28661866	28661916	152.906403789388	0.9295934659788748	gex>0	13844	28655267	28661891
GOLPH3	chr5	32124716	32174319	-	32174300	32174350	77.1740051809418	0.8885101940555146	gex>0	49604	32149517	32174325
INTS5	chr11	62646848	62653302	-	62653252	62653302	5.38199787065099	0.7278002947678703	gex>0	6455	62650075	62653277
SLC26A2	chr5	149960758	149993455	+	149960736	149960786	9.03406785430701	0.754267993122083	gex>0	32698	149977106	149960761
ZNF540	chr19	37551406	37614179	+	37594875	37594925	4.90146234648572	0.7233787767133383	gex>0	62774	37582792	37594900
TM2D2	chr8	38988808	38996824	-	38996483	38996533	112.445312654672	0.9129513633014	gex>0	8017	38992816	38996508
BRD7	chr16	50313487	50368988	-	50361791	50361833	0.480535524165267	0.6075288626873004	gex>0	55502	50341237	50361812
CHAC2	chr2	53767804	53775196	+	53767791	53767841	20.7591346439395	0.8028739867354459	gex>0	7393	53771500	53767816
YTHDF3	chr8	63168553	63212786	+	63169002	63169071	0.480535524165267	0.6075288626873004	gex>0	44234	63190669	63169036
ZBTB7A	chr19	4043303	4066899	-	4066895	4066945	19.798063595609	0.8000184229918939	gex>0	23597	4055101	4066920
METTL27	chr7	73834590	73842516	-	73842489	73842535	3.07542735465771	0.7000736919675755	gex>0	7927	73838553	73842512
ZNF165	chr6	28080568	28089563	+	28080974	28081024	0.480535524165267	0.6075288626873004	gex>0	8996	28085065	28080999
RAB43	chr3	129087569	129122801	-	129121754	129121804	4.90146234648572	0.7233787767133383	gex>0	35233	129105185	129121779
WDR20	chr14	102139503	102224847	+	102139874	102139924	233.39610408707	0.951885286170474	gex>0	85345	102182175	102139899
TTC7A	chr2	46916157	47076137	+	46941173	46941324	7.88078259631037	0.7467759764185704	gex>0	159981	46996147	46941248
ZNF572	chr8	124973295	124979389	+	124973297	124973347	4.51703392715351	0.7182510439695406	gex>0	6095	124976342	124973322
SH3BP2	chr4	2793071	2841098	+	2812289	2812339	95.6265693088881	0.9037398673544584	gex>0	48028	2817084	2812314
TMED4	chr7	44577894	44582287	-	44582237	44582287	49.8795874083547	0.8587263571604028	gex>0	4394	44580090	44582262
NDUFA8	chr9	122144058	122159779	-	122159769	122159819	426.235009934591	0.9743306312945222	gex>0	15722	122151918	122159794
HBS1L	chr6	134960378	135103056	-	135054802	135054852	130.417341258453	0.9215794645050356	gex>0	142679	135031717	135054827
SLC25A28	chr10	99610522	99620609	-	99620097	99620147	1.05717815316359	0.6474453451240482	gex>0	10088	99615565	99620122
ZFAND1	chr8	81701334	81732903	-	81721250	81721300	20.1824920149412	0.8010930975190371	gex>0	31570	81717118	81721275
ANKRD16	chr10	5861616	5889906	-	5889848	5889898	13.4549946766275	0.7769896831245394	gex>0	28291	5875761	5889873
FAM161A	chr2	61824848	61854143	-	61854014	61854064	17.2992788699496	0.7915745517071973	gex>0	29296	61839495	61854039
NR6A1	chr9	124517275	124771311	-	124771247	124771310	5.38199787065099	0.7278002947678703	gex>0	254037	124644293	124771278
ZNF561	chr19	9604680	9621236	-	9621186	9621236	24.891740151760803	0.8129145173176123	gex>0	16557	9612958	9621211
ZNF518A	chr10	96129715	96205288	+	96130055	96130105	7.88078259631037	0.7467759764185704	gex>0	75574	96167501	96130080
PRLR	chr5	35048756	35230487	-	35230322	35230477	12.3017094186308	0.7714627855563744	gex>0	181732	35139621	35230399
ZBTB14	chr18	5289019	5297053	-	5295990	5296040	18.356457023113197	0.7952284450994842	gex>0	8035	5293036	5296015
LDAF1	chr16	21158377	21180616	+	21158660	21158723	83.9976096240886	0.8950810611643331	gex>0	22240	21169496	21158691
CCDC117	chr22	28772674	28789301	+	28772673	28772753	128.206877847293	0.920566199950872	gex>0	16628	28780987	28772713
MYD88	chr3	38138478	38143022	+	38138477	38138527	0.480535524165267	0.6075288626873004	gex>0	4545	38140750	38138502
MAP3K14	chr17	45263119	45317029	-	45316990	45317040	69.9659723184628	0.8821542618521248	gex>0	53911	45290074	45317015
GALNT11	chr7	152025674	152122340	+	152025673	152025723	4.03649840298824	0.7126934414148858	gex>0	96667	152074007	152025698
ZNF738	chr19	21358930	21388582	+	21358929	21358979	5.38199787065099	0.7278002947678703	gex>0	29653	21373756	21358954
RNASEH1	chr2	3541430	3558333	-	3558282	3558332	182.026856553803	0.939388356669123	gex>0	16904	3549881	3558307
TMX3	chr18	68673688	68715108	-	68715027	68715077	16.145993611953003	0.7876136084500123	gex>0	41421	68694398	68715052
FAM120AOS	chr9	93431441	93453581	-	93451158	93451208	1.05717815316359	0.6474453451240482	gex>0	22141	93442511	93451183
TGM5	chr15	43232590	43266928	-	43239693	43239743	3.07542735465771	0.7000736919675755	gex>0	34339	43249759	43239718
ZSCAN32	chr16	3382081	3401065	-	3400963	3401013	75.1557559794477	0.8868828297715549	gex>0	18985	3391573	3400988
SFMBT1	chr3	52903572	53046750	-	53046018	53046068	4.90146234648572	0.7233787767133383	gex>0	143179	52975161	53046043
POLR3B	chr12	106357748	106510198	+	106358081	106358131	2.1143563063271698	0.680545320560059	gex>0	152451	106433973	106358106
RIOX2	chr3	97941818	97972457	-	97972407	97972457	31.523130385241497	0.8282056005895357	gex>0	30640	97957137	97972432
EXOC4	chr7	133253073	134066589	+	133253072	133253122	209.081006564308	0.9466654384672072	gex>0	813517	133659831	133253097
KLC1	chr14	103561896	103714249	+	103629202	103629252	52.282265029181005	0.8616433308769345	gex>0	152354	103638072	103629227
RIOK2	chr5	97160867	97183247	-	97183210	97183260	77.8467549147732	0.88924711373127	gex>0	22381	97172057	97183235
ATG3	chr3	112532510	112562046	-	112561874	112561924	44.2573217756211	0.8506509457135839	gex>0	29537	112547278	112561899
LILRA4	chr19	54333185	54339162	-	54339100	54339150	2.59489183049244	0.6914455907639401	gex>0	5978	54336173	54339125
PIGS	chr17	28553383	28571794	-	28571488	28571540	133.492768613111	0.9228690739376074	gex>0	18412	28562588	28571514
ABTB1	chr3	127672935	127680926	+	127672939	127672989	49.01462346485721	0.8572525178088921	gex>0	7992	127676930	127672964
ENKD1	chr16	67662945	67667265	-	67666714	67666764	5.86253339481625	0.7314541881601572	gex>0	4321	67665105	67666739
JARID2	chr6	15246069	15522042	+	15248854	15248904	29.312666974081303	0.8233235077376566	gex>0	275974	15384055	15248879
CDC40	chr6	110180141	110254275	+	110180140	110180180	1.05717815316359	0.6474453451240482	gex>0	74135	110217208	110180160
NDUFB10	chr16	1959538	1961975	+	1959542	1959601	454.5866058603421	0.9762343404568902	gex>0	2438	1960756	1959571
SLC43A3	chr11	57406954	57427580	-	57427407	57427496	0.480535524165267	0.6075288626873004	gex>0	20627	57417267	57427451
RFX2	chr19	5993164	6199572	-	6110482	6110534	5.38199787065099	0.7278002947678703	gex>0	206409	6096368	6110508
NSRP1	chr17	30115521	30186475	+	30116806	30116856	756.555129245796	0.987656595431098	gex>0	70955	30150998	30116831
MAL	chr2	95025677	95053992	+	95025676	95025733	24.1228833130964	0.8114713829525915	gex>0	28316	95039834	95025704
RBM4	chr11	66638667	66668374	+	66638666	66638716	446.84998392128097	0.9757737656595432	gex>0	29708	66653520	66638691
DERL1	chr8	123013170	123042302	-	123042252	123042302	79.8169505638508	0.8913043478260869	gex>0	29133	123027736	123042277
HAUS1	chr18	46104378	46128333	+	46104377	46104427	4.03649840298824	0.7126934414148858	gex>0	23956	46116355	46104402
IRAK2	chr3	10164919	10243745	+	10164864	10164914	12.59003073313	0.7732743797592729	gex>0	78827	10204332	10164889
MAT2A	chr2	85539168	85545281	+	85539164	85539214	1265.82667775615	0.9936747727831	gex>0	6114	85542224	85539189
HELB	chr12	66302493	66343643	+	66302544	66302594	56.6070847466684	0.867231638418079	gex>0	41151	66323068	66302569
XPOT	chr12	64404392	64451125	+	64404349	64404399	9.80292469297144	0.7593650208793908	gex>0	46734	64427758	64404374
MARCHF9	chr12	57755103	57760411	+	57755727	57755777	0.480535524165267	0.6075288626873004	gex>0	5309	57757757	57755752
DMAC2L	chr14	50312324	50335558	+	50312328	50312378	6.63139023348068	0.7379943502824858	gex>0	23235	50323941	50312353
HSPBAP1	chr3	122739999	122793831	-	122793774	122793824	4.03649840298824	0.7126934414148858	gex>0	53833	122766915	122793799
HSPE1	chr2	197500140	197503449	+	197500437	197500487	0.480535524165267	0.6075288626873004	gex>0	3310	197501794	197500462
HNRNPA1	chr12	54280193	54287088	+	54285946	54285996	1.63382078216191	0.6671579464505035	gex>0	6896	54283640	54285971
KIF22	chr16	29790727	29805385	+	29790718	29790768	613.259435939713	0.983542127241464	gex>0	14659	29798056	29790743
FKBP15	chr9	113161006	113221458	-	113221268	113221318	326.475835117882	0.9657332350773764	gex>0	60453	113191232	113221293
SCRN2	chr17	47837692	47841289	-	47841215	47841265	137.817588330598	0.9244350282485876	gex>0	3598	47839490	47841240
BLNK	chr10	96189171	96271587	-	96271537	96271587	626.906644826007	0.9840948169982804	gex>0	82417	96230379	96271562
RUSF1	chr16	31489471	31509309	-	31508363	31508413	36.5206998365603	0.8379390813068043	gex>0	19839	31499390	31508388
TYW1	chr7	66995173	67239514	+	66996814	66996864	21.5279914826039	0.8045013510194056	gex>0	244342	67117343	66996839
METTL2B	chr7	128476729	128506602	+	128476753	128476803	36.5206998365603	0.8379390813068043	gex>0	29874	128491665	128476778
ARF6	chr14	49893079	49897054	+	49893091	49893141	103.795673219698	0.908560550233358	gex>0	3976	49895066	49893116
RPL15	chr3	23916591	23924374	+	23917130	23917180	1310.90090992285	0.993981822647998	gex>0	7784	23920482	23917155
CITED2	chr6	139371807	139374648	-	139374555	139374605	3.07542735465771	0.7000736919675755	gex>0	2842	139373227	139374580
CAMP	chr3	48223347	48225491	+	48223346	48223396	1.05717815316359	0.6474453451240482	gex>0	2145	48224419	48223371
RPUSD3	chr3	9837849	9844602	-	9843968	9844018	199.03781410925305	0.9443625644804716	gex>0	6754	9841225	9843993
SORL1	chr11	121452314	121633763	+	121590418	121590468	13.0705662572953	0.7752702038811103	gex>0	181450	121543038	121590443
TMEM87A	chr15	42210447	42273584	-	42273386	42273436	177.798143941149	0.9380373372635716	gex>0	63138	42242015	42273411
TFRC	chr3	196027183	196082096	-	196055164	196055214	4.03649840298824	0.7126934414148858	gex>0	54914	196054639	196055189
STN1	chr10	103877569	103918184	-	103900103	103900153	3.5559628788229705	0.706951608941292	gex>0	40616	103897876	103900128
UROS	chr10	125784980	125823258	-	125823198	125823248	51.2250868760174	0.8603230164578728	gex>0	38279	125804119	125823223
C6orf89	chr6	36871870	36928964	+	36885853	36885903	18.068135708614	0.7941537705723409	gex>0	57095	36900417	36885878
MRTFB	chr16	14071319	14266773	+	14071320	14071365	5.86253339481625	0.7314541881601572	gex>0	195455	14169046	14071342
KBTBD3	chr11	106051098	106077459	-	106077311	106077349	10.5717815316359	0.7635101940555146	gex>0	26362	106064278	106077330
FXR1	chr3	180868141	180982753	+	180912670	180912720	190.292067569446	0.942090395480226	gex>0	114613	180925447	180912695
LARS1	chr5	146110566	146182696	-	146182610	146182660	665.830022283393	0.985445836403832	gex>0	72131	146146631	146182635
NSMCE3	chr15	29409413	29411093	-	29269779	29269829	44.593696642536706	0.85126504544338	gex>0	1681	29410253	29269804
ZNF230	chr19	44002957	44013924	+	44002947	44002997	97.8370327200483	0.9049987718005404	gex>0	10968	44008440	44002972
ZFP64	chr20	52051663	52204308	-	52191729	52191779	78.1350762292723	0.8896155735691477	gex>0	152646	52127985	52191754
PHIP	chr6	78934419	79078254	-	79078186	79078236	114.223294094084	0.913903217882584	gex>0	143836	79006336	79078211
GORASP1	chr3	39096599	39107863	-	39107588	39107640	39.0194845622196	0.8416850896585606	gex>0	11265	39102231	39107614
PPIF	chr10	79347469	79355334	+	79347657	79347707	3.07542735465771	0.7000736919675755	gex>0	7866	79351401	79347682
ARMC9	chr2	231198546	231376848	+	231198642	231198692	8.553532330141751	0.7515045443380005	gex>0	178303	231287697	231198667
MRPS35	chr12	27710822	27756295	+	27710821	27710871	56.6070847466684	0.867231638418079	gex>0	45474	27733558	27710846
PLEKHM3	chr2	207821288	208025527	-	208025510	208025560	7.111925757645951	0.7413104888233849	gex>0	204240	207923407	208025535
ZNF146	chr19	36214602	36238771	+	36215095	36215155	171.262860812501	0.9357344632768362	gex>0	24170	36226686	36215125
MDM1	chr12	68272443	68332381	-	68332236	68332332	21.5279914826039	0.8045013510194056	gex>0	59939	68302412	68332284
CHP1	chr15	41230839	41281887	+	41231221	41231288	103.507351905198	0.9084377302873988	gex>0	51049	41256363	41231254
VPS37C	chr11	61130257	61161615	-	61161403	61161453	3.07542735465771	0.7000736919675755	gex>0	31359	61145936	61161428
ADAM17	chr2	9488486	9556732	-	9555738	9555788	32.8686298529042	0.831337509211496	gex>0	68247	9522609	9555763
AXIN1	chr16	287440	352723	-	352399	352449	1.63382078216191	0.6671579464505035	gex>0	65284	320081	352424
DPM2	chr9	127935099	127937854	-	127937817	127937843	175.53962697757197	0.9371468926553672	gex>0	2756	127936476	127937830
SIPA1L1	chr14	71320449	71741229	+	71320448	71320498	97.2603900910499	0.9046917219356424	gex>0	420781	71530839	71320473
DCAF4	chr14	72926377	72959703	+	72926331	72926381	4.51703392715351	0.7182510439695406	gex>0	33327	72943040	72926356
FANCC	chr9	95099054	95426796	-	95317659	95317709	17.5876001844488	0.7928948661262589	gex>0	327743	95262925	95317684
PPWD1	chr5	65563236	65587549	+	65563292	65563342	75.4440772939469	0.8871898796364529	gex>0	24314	65575392	65563317
CHRAC1	chr8	140511311	140517154	+	140511981	140512025	1.05717815316359	0.6474453451240482	gex>0	5844	140514232	140512003
SPRY1	chr4	123396795	123403760	+	123396794	123396844	4.03649840298824	0.7126934414148858	gex>0	6966	123400277	123396819
ALDH6A1	chr14	74056847	74084492	-	74084399	74084449	109.081563985516	0.9114775239498896	gex>0	27646	74070669	74084424
ARPC1B	chr7	99374249	99394816	+	99374706	99374756	1384.5189522249698	0.9943502824858758	gex>0	20568	99384532	99374731
MOAP1	chr14	93182196	93184928	-	93184873	93184923	149.638762225064	0.928457381478752	gex>0	2733	93183562	93184898
ORC3	chr6	87590067	87667453	+	87590120	87590170	823.061245790269	0.9890076148366496	gex>0	77387	87628760	87590145
CHST11	chr12	104455295	104762014	+	104456967	104457017	57.4720486901659	0.8684598378776713	gex>0	306720	104608654	104456992
GON7	chr14	93202894	93207065	-	93207044	93207094	211.339523527884	0.9472181282240236	gex>0	4172	93204979	93207069
ZC3HC1	chr7	130018287	130051451	-	130051339	130051389	24.1228833130964	0.8114713829525915	gex>0	33165	130034869	130051364
MTMR3	chr22	29883169	30030868	+	29883154	29883204	43.7287326990393	0.8496376811594203	gex>0	147700	29957018	29883179
TRAF3	chr14	102777449	102911500	+	102777475	102777525	13.0705662572953	0.7752702038811103	gex>0	134052	102844474	102777500
C2orf42	chr2	70149885	70248615	-	70190649	70190699	0.480535524165267	0.6075288626873004	gex>0	98731	70199250	70190674
ZNF772	chr19	57466663	57477570	-	57477520	57477570	27.6307926395028	0.8197924342913289	gex>0	10908	57472116	57477545
SELENOH	chr11	57741491	57743554	+	57741571	57741621	191.54145993227505	0.9424895603045936	gex>0	2064	57742522	57741596
DCAF11	chr14	24114195	24125242	+	24115325	24115375	4.51703392715351	0.7182510439695406	gex>0	11048	24119718	24115350
NAT9	chr17	74770529	74776367	-	74776311	74776361	111.09981318701	0.9123065585851142	gex>0	5839	74773448	74776336
PGBD4	chr15	34102083	34108686	+	34102072	34102122	72.17643572962301	0.8842729059199214	gex>0	6604	34105384	34102097
UBE2V1	chr20	50081124	50115959	-	50113123	50113173	477.075668391277	0.9775853598624415	gex>0	34836	50098541	50113148
ZNF286A-TBC1D26	chr17	15699552	15745940	+	15699740	15699777	3.5559628788229705	0.706951608941292	gex>0	46389	15722746	15699758
HMGB2	chr4	173331376	173334432	-	173334341	173334391	1018.5430970207	0.9912797838368952	gex>0	3057	173332904	173334366
KHK	chr2	27086747	27100762	+	27086746	27086796	6.63139023348068	0.7379943502824858	gex>0	14016	27093754	27086771
DQX1	chr2	74518131	74526281	-	74526231	74526281	0.480535524165267	0.6075288626873004	gex>0	8151	74522206	74526256
CDK5RAP2	chr9	120388875	120580170	-	120580011	120580061	0.480535524165267	0.6075288626873004	gex>0	191296	120484522	120580036
HSPH1	chr13	31134973	31162388	-	31138518	31138568	4.03649840298824	0.7126934414148858	gex>0	27416	31148680	31138543
NSG1	chr4	4348140	4419058	+	4386537	4386587	0.480535524165267	0.6075288626873004	gex>0	70919	4383599	4386562
N4BP2L1	chr13	32400723	32428311	-	32427964	32428014	2.1143563063271698	0.680545320560059	gex>0	27589	32414517	32427989
HEATR5A	chr14	31291788	31420550	-	31420532	31420582	33.8297009012348	0.8331183984279047	gex>0	128763	31356169	31420557
SEC61B	chr9	99222064	99230615	+	99222300	99222350	70.254293632962	0.8825841316629821	gex>0	8552	99226339	99222325
ALG5	chr13	36949738	37000763	-	36999317	36999367	26.5255609339227	0.816936870547777	gex>0	51026	36975250	36999342
PTK2B	chr8	27311482	27459391	+	27326822	27326872	0.480535524165267	0.6075288626873004	gex>0	147910	27385436	27326847
ZNF304	chr19	57351271	57359898	+	57351306	57351356	1.05717815316359	0.6474453451240482	gex>0	8628	57355584	57351331
H2BC15	chr6	27838545	27855709	+	27838600	27838650	17.5876001844488	0.7928948661262589	gex>0	17165	27847127	27838625
SIVA1	chr14	104753147	104768494	+	104753146	104753196	397.787306904008	0.9724269221321544	gex>0	15348	104760820	104753171
HECW1	chr7	43112629	43566001	+	43112598	43112678	0.480535524165267	0.6075288626873004	gex>0	453373	43339315	43112638
SLC35E3	chr12	68746125	68793964	+	68752088	68752138	0.480535524165267	0.6075288626873004	gex>0	47840	68770044	68752113
MTG2	chr20	62183028	62203568	+	62183028	62183057	64.5839744478118	0.8757676246622451	gex>0	20541	62193298	62183042
NFKB1	chr4	102501331	102617302	+	102501454	102501521	0.480535524165267	0.6075288626873004	gex>0	115972	102559316	102501487
SCRIB	chr8	143790920	143815773	-	143815329	143815379	1.05717815316359	0.6474453451240482	gex>0	24854	143803346	143815354
DYNLT1	chr6	158636474	158644743	-	158644689	158644739	31.907558804573696	0.8290039302382707	gex>0	8270	158640608	158644714
NUDT18	chr8	22106874	22109419	-	22109369	22109419	7.111925757645951	0.7413104888233849	gex>0	2546	22108146	22109394
IGF2BP1	chr17	48997385	49056145	+	48997411	48997461	1.63382078216191	0.6671579464505035	gex>0	58761	49026765	48997436
ZC3HAV1L	chr7	139025706	139036042	-	139035979	139036029	7.88078259631037	0.7467759764185704	gex>0	10337	139030874	139036004
SAP30L	chr5	154445997	154461053	+	154446544	154446603	1.63382078216191	0.6671579464505035	gex>0	15057	154453525	154446573
DYRK2	chr12	67648338	67665406	+	67648777	67648827	0.480535524165267	0.6075288626873004	gex>0	17069	67656872	67648802
NOLC1	chr10	102152176	102163871	+	102152394	102152444	458.9114255778299	0.9764799803488088	gex>0	11696	102158023	102152419
LCP2	chr5	170246233	170297815	-	170297768	170297818	39.980555610550205	0.8437423237533775	gex>0	51583	170272024	170297793
CHPT1	chr12	101696947	101744140	+	101697671	101697721	2.59489183049244	0.6914455907639401	gex>0	47194	101720543	101697696
PIM1	chr6	37170152	37175428	+	37170202	37170252	1.63382078216191	0.6671579464505035	gex>0	5277	37172790	37170227
NDUFB5	chr3	179604690	179627647	+	179604786	179604840	1581.15408871339	0.9954556619995087	gex>0	22958	179616168	179604813
SMIM14	chr4	39546336	39638902	-	39638852	39638902	5.38199787065099	0.7278002947678703	gex>0	92567	39592619	39638877
QPRT	chr16	29663279	29698699	+	29679007	29679057	16.145993611953003	0.7876136084500123	gex>0	35421	29680989	29679032
TEX22	chr14	105398538	105450106	+	105398582	105398632	0.480535524165267	0.6075288626873004	gex>0	51569	105424322	105398607
RECQL5	chr17	75626845	75667189	-	75630184	75630234	0.480535524165267	0.6075288626873004	gex>0	40345	75647017	75630209
ASL	chr7	66075800	66094697	+	66075797	66075847	80.34553964043259	0.8917342176369443	gex>0	18898	66085248	66075822
RRP36	chr6	43021623	43034156	+	43021644	43021694	0.480535524165267	0.6075288626873004	gex>0	12534	43027889	43021669
CFL1	chr11	65823022	65862026	-	65861371	65861421	1.05717815316359	0.6474453451240482	gex>0	39005	65842524	65861396
ARHGAP19-SLIT1	chr10	97153045	97292637	-	97292587	97292637	69.4854367942975	0.8815708671088185	gex>0	139593	97222841	97292612
SNRPF	chr12	95858952	95903828	+	95858927	95858977	698.5064379266311	0.9863055760255466	gex>0	44877	95881390	95858952
CENPN	chr16	81006552	81033114	+	81007206	81007256	94.1849627363923	0.9026651928273152	gex>0	26563	81019833	81007231
MRPL15	chr8	54135241	54148514	+	54135276	54135326	5.38199787065099	0.7278002947678703	gex>0	13274	54141877	54135301
CREBZF	chr11	85657742	85682908	-	85664603	85664653	3.5559628788229705	0.706951608941292	gex>0	25167	85670325	85664628
TRAFD1	chr12	112125538	112153604	+	112125537	112125587	196.53902938359403	0.9438098747236552	gex>0	28067	112139571	112125562
KCNMB1	chr5	170374671	170389634	-	170389584	170389677	1.05717815316359	0.6474453451240482	gex>0	14964	170382152	170389630
PTPRE	chr10	127907103	128085855	+	127907060	127907110	0.480535524165267	0.6075288626873004	gex>0	178753	127996479	127907085
RRAS2	chr11	14277922	14364506	-	14359134	14359184	10.5717815316359	0.7635101940555146	gex>0	86585	14321214	14359159
TERF2	chr16	69355567	69408571	-	69384697	69384747	0.480535524165267	0.6075288626873004	gex>0	53005	69382069	69384722
EIF3H	chr8	116642130	116766925	-	116755779	116755829	147.524405918737	0.9279353967084254	gex>0	124796	116704527	116755804
DDX49	chr19	18919705	18929189	+	18919714	18919764	238.29756643355597	0.9529292557111276	gex>0	9485	18924447	18919739
TREX1	chr3	48465811	48467645	+	48466261	48466309	114.944097380332	0.9143330876934416	gex>0	1835	48466728	48466285
RAMAC	chr15	82986210	82991057	+	82986206	82986256	85.82364461591659	0.8966470154753132	gex>0	4848	82988633	82986231
CNBD2	chr20	35954564	36030700	+	35954706	35954756	1.63382078216191	0.6671579464505035	gex>0	76137	35992632	35954731
SIRT1	chr10	67884656	67918390	+	67885180	67885230	2.1143563063271698	0.680545320560059	gex>0	33735	67901523	67885205
RECQL	chr12	21468910	21501669	-	21501605	21501655	296.394311305136	0.9619258167526408	gex>0	32760	21485289	21501630
DNAJB9	chr7	108569867	108574850	+	108569866	108569916	20.1824920149412	0.8010930975190371	gex>0	4984	108572358	108569891
RAB3IP	chr12	69738860	69823204	+	69738861	69738911	9.41849627363922	0.7568779169737165	gex>0	84345	69781032	69738886
ZNF350	chr19	51964340	51986856	-	51986806	51986856	40.845519554047705	0.8449705232129698	gex>0	22517	51975598	51986831
ZNF730	chr19	23075210	23147221	+	23075209	23075259	1.05717815316359	0.6474453451240482	gex>0	72012	23111215	23075234
SNX9	chr6	157700387	157945077	+	157823263	157823313	0.480535524165267	0.6075288626873004	gex>0	244691	157822732	157823288
DHFR2	chr3	94047836	94063389	-	94062868	94062987	24.891740151760803	0.8129145173176123	gex>0	15554	94055612	94062927
ARID5A	chr2	96536743	96552634	+	96547389	96547439	3.5559628788229705	0.706951608941292	gex>0	15892	96544688	96547414
AP2A1	chr19	49767001	49807114	+	49766967	49767056	14.3199586201249	0.7798759518545811	gex>0	40114	49787057	49767011
POLR1D	chr13	27620742	27744237	+	27621869	27621924	296.730686172052	0.9619872267256202	gex>0	123496	27682489	27621896
FA2H	chr16	74712955	74774831	-	74774781	74774831	1.05717815316359	0.6474453451240482	gex>0	61877	74743893	74774806
PARN	chr16	14435700	14632728	-	14584748	14584791	0.480535524165267	0.6075288626873004	gex>0	197029	14534214	14584769
THNSL1	chr10	25016612	25026664	+	25016657	25016707	10.956209950968098	0.7655367231638418	gex>0	10053	25021638	25016682
ANO7	chr2	241188509	241225976	+	241218184	241218234	7.111925757645951	0.7413104888233849	gex>0	37468	241207242	241218209
PPIA	chr7	44796680	44824564	+	44796679	44796729	600.765512311416	0.9829894374846476	gex>0	27885	44810622	44796704
SKA3	chr13	21153595	21176552	-	21176501	21176602	21.816312797103095	0.8055146155735692	gex>0	22958	21165073	21176551
PLIN2	chr9	19108375	19149290	-	19127440	19127490	13.8394230959597	0.7784021125030705	gex>0	40916	19128832	19127465
PPP6R2	chr22	50343304	50445090	+	50343303	50343353	36.9051282558925	0.8385531810366004	gex>0	101787	50394197	50343328
DTX3L	chr3	122564338	122575203	+	122564237	122564476	9.80292469297144	0.7593650208793908	gex>0	10866	122569770	122564356
MBNL1	chr3	152243828	152465780	+	152299404	152299454	2.1143563063271698	0.680545320560059	gex>0	221953	152354804	152299429
ADAMTS13	chr9	133414506	133459550	+	133421999	133422049	0.480535524165267	0.6075288626873004	gex>0	45045	133437028	133422024
MAPK1IP1L	chr14	55051647	55070194	+	55051646	55051696	229.59987344616405	0.9508720216163103	gex>0	18548	55060920	55051671
ARHGEF39	chr9	35658875	35675866	-	35665142	35665192	7.400247072145111	0.7441660525669369	gex>0	16992	35667370	35665167
MEN1	chr11	64803510	64811294	-	64810513	64810581	22.296848321268396	0.8067428150331614	gex>0	7785	64807402	64810547
EXOSC9	chr4	121801318	121817021	+	121801322	121801372	86.4002872449149	0.8971997052321297	gex>0	15704	121809169	121801347
HMGN3	chr6	79201245	79234738	-	79234639	79234689	1276.49456639261	0.9937361827560796	gex>0	33494	79217991	79234664
NLRP1	chr17	5499427	5619424	-	5584481	5584531	41.6143763927121	0.8464136575779907	gex>0	119998	5559425	5584506
PRSS8	chr16	31131433	31135727	-	31135712	31135762	0.480535524165267	0.6075288626873004	gex>0	4295	31133580	31135737
CLUH	chr17	2689386	2712663	-	2711745	2711795	18.068135708614	0.7941537705723409	gex>0	23278	2701024	2711770
WDR70	chr5	37379285	37753435	+	37379284	37379334	123.113201291141	0.9180790960451978	gex>0	374151	37566360	37379309
SELENOM	chr22	31104772	31120069	-	31107518	31107568	3.5559628788229705	0.706951608941292	gex>0	15298	31112420	31107543
NME6	chr3	48290722	48301685	-	48301352	48301411	175.395466320322	0.9369933677229182	gex>0	10964	48296203	48301381
RNASE6	chr14	20781268	20782467	+	20781050	20781100	88.2263222367429	0.8986121346106608	gex>0	1200	20781867	20781075
ZNF256	chr19	57940833	57947706	-	57947625	57947675	0.480535524165267	0.6075288626873004	gex>0	6874	57944269	57947650
ITGB8	chr7	20330702	20415754	+	20330701	20331172	2.59489183049244	0.6914455907639401	gex>0	85053	20373228	20330936
TMEM231	chr16	75536741	75556289	-	75556218	75556286	13.4549946766275	0.7769896831245394	gex>0	19549	75546515	75556252
NOB1	chr16	69741871	69754926	-	69754890	69754940	277.605372310275	0.9592544829280276	gex>0	13056	69748398	69754915
TTC30A	chr2	177612999	177618742	-	177618916	177618966	2.59489183049244	0.6914455907639401	gex>0	5744	177615870	177618941
STX2	chr12	130789600	130839266	-	130839216	130839266	28.447703030583803	0.8215733235077377	gex>0	49667	130814433	130839241
CTSO	chr4	155921580	155953912	-	155953867	155953917	43.7287326990393	0.8496376811594203	gex>0	32333	155937746	155953892
NT5C	chr17	75130225	75131757	-	75131707	75131757	56.6070847466684	0.867231638418079	gex>0	1533	75130991	75131732
NIFK	chr2	121726945	121736911	-	121736861	121736911	90.052357228571	0.899993859002702	gex>0	9967	121731928	121736886
TMC6	chr17	78107397	78132407	-	78128732	78128782	25.6605969904252	0.8150638663718988	gex>0	25011	78119902	78128757
STX11	chr6	144150517	144191939	+	144150525	144150575	13.4549946766275	0.7769896831245394	gex>0	41423	144171228	144150550
FBXO11	chr2	47789316	47906498	-	47905518	47905568	12.59003073313	0.7732743797592729	gex>0	117183	47847907	47905543
RND1	chr12	48857145	48865870	-	48865848	48865898	44.593696642536706	0.85126504544338	gex>0	8726	48861507	48865873
HYKK	chr15	78507564	78537372	+	78507581	78507631	2.59489183049244	0.6914455907639401	gex>0	29809	78522468	78507606
ZNF154	chr19	57696275	57709204	-	57709144	57709194	2.1143563063271698	0.680545320560059	gex>0	12930	57702739	57709169
APEX1	chr14	20455191	20457772	+	20455214	20455275	192.694745190272	0.9428273151559812	gex>0	2582	20456481	20455244
NFXL1	chr4	47847233	47914667	-	47914617	47914667	4.03649840298824	0.7126934414148858	gex>0	67435	47880950	47914642
MCMBP	chr10	119829404	119892556	-	119872799	119872849	48.3418737310258	0.8564541881601572	gex>0	63153	119860980	119872824
DDB2	chr11	47214465	47239217	+	47215087	47215137	151.176475902393	0.9289179562760992	gex>0	24753	47226841	47215112
PSMC2	chr7	103328570	103370346	+	103344253	103344315	0.480535524165267	0.6075288626873004	gex>0	41777	103349458	103344284
PPIG	chr2	169584342	169641406	+	169584339	169584389	973.372757749164	0.990665684107099	gex>0	57065	169612874	169584364
ICAM3	chr19	10333776	10339661	-	10339611	10339661	525.417542122302	0.980041758781626	gex>0	5886	10336718	10339636
HACD1	chr10	17589032	17617374	-	17617327	17617377	1.63382078216191	0.6671579464505035	gex>0	28343	17603203	17617352
ENOSF1	chr18	670318	712662	-	712600	712662	4.51703392715351	0.7182510439695406	gex>0	42345	691490	712631
ABCA7	chr19	1039997	1065572	+	1040100	1040152	11.3406383703003	0.767563252272169	gex>0	25576	1052784	1040126
PNPO	chr17	47941506	47949308	+	47941570	47941620	109.610153062097	0.911692458855318	gex>0	7803	47945407	47941595
IKZF3	chr17	39757718	39864312	-	39864138	39864188	83.9976096240886	0.8950810611643331	gex>0	106595	39811015	39864163
RPS29	chr14	49570984	49599164	-	49586366	49586416	553.7691380480529	0.9814234831736676	gex>0	28181	49585074	49586391
AASDH	chr4	56338287	56387508	-	56387458	56387508	92.4550348493973	0.9015291083271924	gex>0	49222	56362897	56387483
PDCD1LG2	chr9	5510531	5571282	+	5510569	5510619	8.553532330141751	0.7515045443380005	gex>0	60752	5540906	5510594
UBL3	chr13	29764371	29850617	-	29850634	29850684	9.03406785430701	0.754267993122083	gex>0	86247	29807494	29850659
ARL4C	chr2	234493041	234497081	-	234497003	234497053	1.63382078216191	0.6671579464505035	gex>0	4041	234495061	234497028
SPTLC1	chr9	92000087	92115413	-	92115334	92115384	0.480535524165267	0.6075288626873004	gex>0	115327	92057750	92115359
DEPDC5	chr22	31753867	31908033	+	31754022	31754072	13.4549946766275	0.7769896831245394	gex>0	154167	31830950	31754047
MYL12B	chr18	3261479	3278461	+	3262955	3263005	0.480535524165267	0.6075288626873004	gex>0	16983	3269970	3262980
LEO1	chr15	51938025	51971778	-	51971756	51971806	132.051162040615	0.9222242692213216	gex>0	33754	51954901	51971781
IFFO1	chr12	6538961	6556073	-	6556023	6556083	41.9988048120443	0.8470277573077868	gex>0	17113	6547517	6556053
LSM7	chr19	2321520	2328611	-	2328570	2328620	2782.10847070723	0.9982805207565708	gex>0	7092	2325065	2328595
INO80B	chr2	74455087	74457944	+	74455086	74455136	187.841336396203	0.941292065831491	gex>0	2858	74456515	74455111
ARL6IP6	chr2	152717647	152762396	+	152717913	152717963	15.0888154587894	0.7833456153279292	gex>0	44750	152740021	152717938
NHLRC3	chr13	39038306	39050109	+	39038310	39038367	9.80292469297144	0.7593650208793908	gex>0	11804	39044207	39038338
VTI1B	chr14	67647085	67674820	-	67659795	67659845	3.5559628788229705	0.706951608941292	gex>0	27736	67660952	67659820
RBM19	chr12	113816738	113966325	-	113966321	113966371	69.0049012701323	0.8812024072709408	gex>0	149588	113891531	113966346
GXYLT1	chr12	42081845	42144874	-	42144829	42144879	4.51703392715351	0.7182510439695406	gex>0	63030	42113359	42144854
FAM162A	chr3	122384161	122412334	+	122384181	122384231	5338.36524505678	0.9995087202161632	gex>0	28174	122398247	122384206
STK11	chr19	1177558	1228431	+	1206815	1206918	2.1143563063271698	0.680545320560059	gex>0	50874	1202994	1206866
LCORL	chr4	17841199	18021876	-	18021707	18021757	169.62904003033898	0.9349975436010808	gex>0	180678	17931537	18021732
BUB3	chr10	123154402	123170467	+	123154401	123154451	315.279357404831	0.964412920658315	gex>0	16066	123162434	123154426
SAMD9L	chr7	93130056	93148385	-	93148318	93148369	305.236164949777	0.963123311225743	gex>0	18330	93139220	93148343
STAP1	chr4	67558727	67607337	+	67558727	67558777	30.177630917578696	0.8251043969540653	gex>0	48611	67583032	67558752
ZNF773	chr19	57499915	57518404	+	57499914	57499964	7.111925757645951	0.7413104888233849	gex>0	18490	57509159	57499939
IQCB1	chr3	121769761	121835079	-	121834966	121835034	807.491894807314	0.9887619749447312	gex>0	65319	121802420	121835000
EGR2	chr10	62811996	62819167	-	62816316	62816366	79.09614727760291	0.8907209530827807	gex>0	7172	62815581	62816341
WDR24	chr16	684622	690444	-	690394	690444	7.111925757645951	0.7413104888233849	gex>0	5823	687533	690419
KSR2	chr12	117453012	117968990	-	117968933	117968983	6.24696181414847	0.734647506755097	gex>0	515979	117711001	117968958
FAM174A	chr5	100535374	100586741	+	100535381	100535431	12.59003073313	0.7732743797592729	gex>0	51368	100561057	100535406
CMTM1	chr16	66566393	66579137	+	66566430	66566496	0.480535524165267	0.6075288626873004	gex>0	12745	66572765	66566463
TMEM65	chr8	124306189	124372701	-	124372642	124372692	0.480535524165267	0.6075288626873004	gex>0	66513	124339445	124372667
SMC3	chr10	110567684	110606048	+	110567690	110567740	89.18739328507351	0.8993490542864161	gex>0	38365	110586866	110567715
MARCHF5	chr10	92291167	92353964	+	92349480	92349530	1.63382078216191	0.6671579464505035	gex>0	62798	92322565	92349505
CEP135	chr4	55948871	56033361	+	55948944	55948994	13.8394230959597	0.7784021125030705	gex>0	84491	55991116	55948969
SSBP4	chr19	18418864	18434562	+	18419425	18419475	7.400247072145111	0.7441660525669369	gex>0	15699	18426713	18419450
SEPTIN7	chr7	35800932	35907110	+	35801038	35801088	95.2421408895558	0.90349422746254	gex>0	106179	35854021	35801063
UCHL1	chr4	41256413	41268455	+	41256907	41256960	2.59489183049244	0.6914455907639401	gex>0	12043	41262434	41256933
SPG11	chr15	44554818	44663688	-	44663628	44663678	175.876001844488	0.9373004175878162	gex>0	108871	44609253	44663653
ANAPC16	chr10	72216000	72235860	+	72215999	72216049	760.111092124619	0.9877794153770572	gex>0	19861	72225930	72216024
NEMP1	chr12	57055643	57088063	-	57078719	57078769	118.500060259155	0.9158683370179316	gex>0	32421	57071853	57078744
MYO1G	chr7	44962662	44979088	-	44979048	44979098	112.973901731254	0.9131970031933186	gex>0	16427	44970875	44979073
ZNF268	chr12	133181409	133214832	+	133191454	133191504	0.480535524165267	0.6075288626873004	gex>0	33424	133198120	133191479
LCA5L	chr21	39405728	39445805	-	39445755	39445805	0.480535524165267	0.6075288626873004	gex>0	40078	39425766	39445780
SLC29A1	chr6	44219553	44234142	+	44219655	44219705	13.0705662572953	0.7752702038811103	gex>0	14590	44226847	44219680
NUPR1	chr16	28532708	28539008	-	28538958	28539008	5.38199787065099	0.7278002947678703	gex>0	6301	28535858	28538983
ATP5PO	chr21	33903453	33915814	-	33907362	33907416	8.16910391080953	0.749048145418816	gex>0	12362	33909633	33907389
LONP1	chr19	5691834	5720572	-	5720115	5720165	215.279914826039	0.9479243429132892	gex>0	28739	5706203	5720140
MACIR	chr5	103258763	103278660	+	103258701	103259085	21.1435630632717	0.8037337263571604	gex>0	19898	103268711	103258893
QTRT1	chr19	10701430	10713437	+	10701429	10701479	294.952704732641	0.9617722918201916	gex>0	12008	10707433	10701454
TP53	chr17	7661779	7687538	-	7687441	7687491	182.026856553803	0.939388356669123	gex>0	25760	7674658	7687466
TMEM241	chr18	23197144	23437961	-	23437905	23437959	39.4039129815519	0.8423605993613362	gex>0	240818	23317552	23437932
RNF146	chr6	127266726	127288567	+	127266839	127266889	180.777464190973	0.9389584868582658	gex>0	21842	127277646	127266864
ELAC1	chr18	50967991	50988121	+	50968015	50968065	26.813882248421898	0.8179808400884304	gex>0	20131	50978056	50968040
HSPA9	chr5	138553756	138575675	-	138575394	138575444	1257.2731454260002	0.9935519528371408	gex>0	21920	138564715	138575419
HADH	chr4	107989714	108035241	+	107989854	107989904	60.5474760448236	0.8712539916482437	gex>0	45528	108012477	107989879
ADA2	chr22	17178790	17258235	-	17219535	17219585	26.5255609339227	0.816936870547777	gex>0	79446	17218512	17219560
PI4K2A	chr10	97640686	97676434	+	97640685	97640735	19.798063595609	0.8000184229918939	gex>0	35749	97658560	97640710
CYFIP2	chr5	157266079	157395595	+	157266122	157266172	321.574372771396	0.96518054532056	gex>0	129517	157330837	157266147
HPS4	chr22	26443423	26483837	-	26479631	26479681	0.480535524165267	0.6075288626873004	gex>0	40415	26463630	26479656
ATP5MF	chr7	99448475	99466186	-	99466136	99466186	820.850782379108	0.98894620486367	gex>0	17712	99457330	99466161
RABAC1	chr19	41956681	41959321	-	41959260	41959310	4.03649840298824	0.7126934414148858	gex>0	2641	41958001	41959285
CDC25A	chr3	48157146	48188417	-	48187916	48187966	1.05717815316359	0.6474453451240482	gex>0	31272	48172781	48187941
COX18	chr4	73052362	73069755	-	73069705	73069755	68.09188377421829	0.8801277327437976	gex>0	17394	73061058	73069730
TIMELESS	chr12	56416363	56449426	-	56449353	56449403	59.8747263109922	0.8707013018914271	gex>0	33064	56432894	56449378
RPS27A	chr2	55231903	55235853	+	55232677	55232727	249.494044146606	0.9545566199950872	gex>0	3951	55233878	55232702
BTBD1	chr15	83016423	83067252	-	83041771	83041821	1.05717815316359	0.6474453451240482	gex>0	50830	83041837	83041796
PKIB	chr6	122471917	122726373	+	122471916	122471966	12.3017094186308	0.7714627855563744	gex>0	254457	122599145	122471941
PRPF18	chr10	13586939	13630859	+	13586938	13586988	618.064791181366	0.9837263571604028	gex>0	43921	13608899	13586963
ZNF195	chr11	3339261	3379222	-	3379168	3379218	38.250627723555205	0.840671825104397	gex>0	39962	3359241	3379193
PRRG2	chr19	49580646	49591004	+	49581325	49581375	1.05717815316359	0.6474453451240482	gex>0	10359	49585825	49581350
GLT1D1	chr12	128853427	128984968	+	128853602	128853649	2.1143563063271698	0.680545320560059	gex>0	131542	128919197	128853625
PRR11	chr17	59155732	59206709	+	59155731	59155781	139.45140911276002	0.9251412429378532	gex>0	50978	59181220	59155756
SLC35D2	chr9	96313444	96383711	-	96383647	96383710	0.480535524165267	0.6075288626873004	gex>0	70268	96348577	96383678
UBE3C	chr7	157138916	157269370	+	157225501	157225539	1.05717815316359	0.6474453451240482	gex>0	130455	157204143	157225520
AMBRA1	chr11	46396414	46594125	-	46594075	46594125	1.05717815316359	0.6474453451240482	gex>0	197712	46495269	46594100
GLI4	chr8	143267433	143276931	+	143267432	143267482	4.90146234648572	0.7233787767133383	gex>0	9499	143272182	143267457
SYNCRIP	chr6	85607779	85644063	-	85642941	85642991	104.660637163195	0.9089597150577252	gex>0	36285	85625921	85642966
PRKAR1B	chr7	549197	727650	-	727291	727341	14.3199586201249	0.7798759518545811	gex>0	178454	638423	727316
PHF12	chr17	28905250	28951771	-	28951556	28951606	1.63382078216191	0.6671579464505035	gex>0	46522	28928510	28951581
MOGS	chr2	74461057	74465410	-	74465350	74465410	35.5596287882297	0.8360353721444362	gex>0	4354	74463233	74465380
NUP43	chr6	149724315	149749665	-	149746502	149746552	74.5791133504494	0.8863608450012282	gex>0	25351	149736990	149746527
PHAX	chr5	126600925	126627252	+	126617234	126617284	2.1143563063271698	0.680545320560059	gex>0	26328	126614088	126617259
KIF3B	chr20	32277651	32335011	+	32277663	32277713	5.86253339481625	0.7314541881601572	gex>0	57361	32306331	32277688
SPDL1	chr5	169583636	169604778	+	169583749	169583799	195.145476363515	0.9433800049127978	gex>0	21143	169594207	169583774
PLAAT2	chr11	63552770	63563379	-	63563333	63563383	23.1618122647658	0.8089535740604274	gex>0	10610	63558074	63563358
BAG6	chr6	31715314	31728984	-	31652423	31652445	3.07542735465771	0.7000736919675755	gex>0	13671	31722149	31652434
FNIP1	chr5	131641714	131797017	-	131796967	131797017	26.0450254097574	0.815985015966593	gex>0	155304	131719365	131796992
PRPF31	chr19	54115410	54131719	+	54118612	54118633	1.05717815316359	0.6474453451240482	gex>0	16310	54123564	54118622
EFCAB5	chr17	29929200	30108452	+	29929855	29929905	13.8394230959597	0.7784021125030705	gex>0	179253	30018826	29929880
SENP7	chr3	101324205	101513241	-	101513155	101513223	24.411204627595502	0.8121468926553672	gex>0	189037	101418723	101513189
RAD9B	chr12	110501655	110533556	+	110502313	110502363	3.5559628788229705	0.706951608941292	gex>0	31902	110517605	110502338
CFTR	chr7	117287120	117715971	+	117479962	117480012	5.86253339481625	0.7314541881601572	gex>0	428852	117501545	117479987
ZNF747	chr16	30530367	30535347	-	30535297	30535347	1.05717815316359	0.6474453451240482	gex>0	4981	30532857	30535322
TTC14	chr3	180602163	180617828	+	180602188	180602238	215.279914826039	0.9479243429132892	gex>0	15666	180609995	180602213
REV3L	chr6	111299028	111483715	-	111351683	111351733	0.480535524165267	0.6075288626873004	gex>0	184688	111391371	111351708
CYBRD1	chr2	171522247	171558129	+	171522476	171522526	23.8345619985972	0.810918693195775	gex>0	35883	171540188	171522501
CYP20A1	chr2	203238977	203306026	+	203238976	203239026	25.6605969904252	0.8150638663718988	gex>0	67050	203272501	203239001
NIPA2	chr15	22838644	22869362	+	22838657	22838725	291.156474091735	0.9612810120363549	gex>0	30719	22854003	22838691
LRCH3	chr3	197791226	197888436	+	197791225	197791275	64.0073318188135	0.8751228199459592	gex>0	97211	197839831	197791250
YPEL1	chr22	21697536	21735794	-	21735784	21735834	1.05717815316359	0.6474453451240482	gex>0	38259	21716665	21735809
MCM7	chr7	100092728	100101940	-	100101359	100101409	453.144999287846	0.976111520510931	gex>0	9213	100097334	100101384
GDF11	chr12	55743122	55757264	+	55743279	55743329	7.400247072145111	0.7441660525669369	gex>0	14143	55750193	55743304
COA1	chr7	43608456	43729717	-	43729473	43729541	274.866319822532	0.9587939081306804	gex>0	121262	43669086	43729507
ANLN	chr7	36389821	36453791	+	36420223	36420273	1.05717815316359	0.6474453451240482	gex>0	63971	36421806	36420248
LSM1	chr8	38163335	38176730	-	38176680	38176730	19.5097422811098	0.7990358634242201	gex>0	13396	38170032	38176705
TMX4	chr20	7977346	8019805	-	8019596	8019646	4.51703392715351	0.7182510439695406	gex>0	42460	7998575	8019621
LGALS3	chr14	55124110	55145423	+	55129255	55129300	90.82121406723542	0.9005158437730287	gex>0	21314	55134766	55129277
LAMTOR4	chr7	100148912	100155944	+	100148933	100148975	890.432326278239	0.989898059444854	gex>0	7033	100152428	100148954
HIKESHI	chr11	86302211	86345943	+	86302222	86302272	400.47830583933296	0.972611152051093	gex>0	43733	86324077	86302247
EHBP1	chr2	62673851	63046487	+	62705711	62705736	44.2573217756211	0.8506509457135839	gex>0	372637	62860169	62705723
ZNF300	chr5	150894392	150904983	-	150904933	150904983	0.480535524165267	0.6075288626873004	gex>0	10592	150899687	150904958
ADGRE2	chr19	14732392	14778560	-	14776792	14776842	0.480535524165267	0.6075288626873004	gex>0	46169	14755476	14776817
NECAP1	chr12	8076939	8097881	+	8082254	8082304	136.664303072602	0.9239437484647508	gex>0	20943	8087410	8082279
TADA3	chr3	9779967	9793011	-	9792961	9793011	3.07542735465771	0.7000736919675755	gex>0	13045	9786489	9792986
POMP	chr13	28659104	28678959	+	28659103	28659153	728.395747529711	0.9871039056742816	gex>0	19856	28669031	28659128
PM20D2	chr6	89146055	89165565	+	89146049	89146099	44.0170540135384	0.8501289609432572	gex>0	19511	89155810	89146074
ZMYM5	chr13	19823482	19863649	-	19863474	19863524	18.068135708614	0.7941537705723409	gex>0	40168	19843565	19863499
SUV39H2	chr10	14878820	14904315	+	14878847	14878897	336.855402439852	0.9669000245639892	gex>0	25496	14891567	14878872
HTRA2	chr2	74529725	74533332	+	74529774	74529824	4.51703392715351	0.7182510439695406	gex>0	3608	74531528	74529799
QTRT2	chr3	114005833	114088422	+	114056756	114056806	334.692992581108	0.9666850896585606	gex>0	82590	114047127	114056781
RNF6	chr13	26132115	26222314	-	26222211	26222261	2.59489183049244	0.6914455907639401	gex>0	90200	26177214	26222236
DCAF7	chr17	63550222	63594286	+	63550460	63550510	385.197276170878	0.9714443625644804	gex>0	44065	63572254	63550485
HSPBP1	chr19	55262223	55280381	-	55280127	55280177	30.177630917578696	0.8251043969540653	gex>0	18159	55271302	55280152
PANK3	chr5	168548495	168579368	-	168566014	168566064	1.05717815316359	0.6474453451240482	gex>0	30874	168563931	168566039
TMEM80	chr11	695591	705028	+	695590	695640	1.05717815316359	0.6474453451240482	gex>0	9438	700309	695615
MKRN2	chr3	12557057	12586208	+	12557086	12557136	37.0973424655586	0.8390137558339474	gex>0	29152	12571632	12557111
DSG2	chr18	31498177	31549008	+	31498219	31498269	57.4720486901659	0.8684598378776713	gex>0	50832	31523592	31498244
GIMAP2	chr7	150685697	150693641	+	150685696	150685746	102.354066647202	0.907762220584623	gex>0	7945	150689669	150685721
AP3M1	chr10	74120255	74150842	-	74150792	74150842	448.7721260179419	0.975957995578482	gex>0	30588	74135548	74150817
KIF20A	chr5	138178719	138187723	+	138178718	138178768	1.05717815316359	0.6474453451240482	gex>0	9005	138183221	138178743
ZNF639	chr3	179323031	179338583	+	179322990	179323040	15.0888154587894	0.7833456153279292	gex>0	15553	179330807	179323015
DYNC1H1	chr14	101964573	102056443	+	101964527	101964577	165.256166760435	0.9335851142225498	gex>0	91871	102010508	101964552
TRAF7	chr16	2155698	2178129	+	2155764	2155814	62.3735110366516	0.8733419307295505	gex>0	22432	2166913	2155789
ANKRD49	chr11	94493979	94499578	+	94493978	94494028	384.47647288463	0.971352247605011	gex>0	5600	94496778	94494003
NDUFA2	chr5	140638740	140647771	-	140647735	140647785	40.4610911347154	0.8442643085237043	gex>0	9032	140643255	140647760
FXYD5	chr19	35154730	35169881	+	35154941	35154991	28.447703030583803	0.8215733235077377	gex>0	15152	35162305	35154966
ACSBG1	chr15	78167468	78245688	-	78234524	78234574	5.38199787065099	0.7278002947678703	gex>0	78221	78206578	78234549
HERC4	chr10	67921899	68075301	-	68075251	68075301	49.8795874083547	0.8587263571604028	gex>0	153403	67998600	68075276
CEP250	chr20	35455164	35519280	+	35455163	35455213	50.3601229325199	0.8593097519037092	gex>0	64117	35487222	35455188
PBX2	chr6	32184733	32190202	-	32189892	32189942	0.480535524165267	0.6075288626873004	gex>0	5470	32187467	32189917
MRS2	chr6	24402908	24426194	+	24402907	24403003	184.525641279462	0.9402480962908376	gex>0	23287	24414551	24402955
NFATC2	chr20	51386957	51562831	-	51542669	51542719	3.07542735465771	0.7000736919675755	gex>0	175875	51474894	51542694
LRMDA	chr10	75431624	76560168	+	75601239	75601289	0.480535524165267	0.6075288626873004	gex>0	1128545	75995896	75601264
LRRTM4	chr2	76747685	77593319	-	77522318	77522376	1.05717815316359	0.6474453451240482	gex>0	845635	77170502	77522347
ROMO1	chr20	35699272	35700984	+	35699441	35699456	9.03406785430701	0.754267993122083	gex>0	1713	35700128	35699448
GOLT1B	chr12	21501781	21518408	+	21501780	21501830	97.8370327200483	0.9049987718005404	gex>0	16628	21510094	21501805
MYH10	chr17	8474207	8631376	-	8630711	8630761	10.1873531123037	0.761545074920167	gex>0	157170	8552791	8630736
PACSIN2	chr22	42835412	43015149	-	43015095	43015145	119.557238412318	0.9164824367477278	gex>0	179738	42925280	43015120
HACL1	chr3	15560699	15601852	-	15601542	15601592	817.775355024451	0.9888847948906904	gex>0	41154	15581275	15601567
TAMALIN	chr12	52006946	52015889	+	52006939	52006989	0.480535524165267	0.6075288626873004	gex>0	8944	52011417	52006964
NDUFV1	chr11	67605653	67612554	+	67611552	67611602	2.1143563063271698	0.680545320560059	gex>0	6902	67609103	67611577
ST7	chr7	116953238	117230176	+	116953326	116953376	10.5717815316359	0.7635101940555146	gex>0	276939	117091707	116953351
STK35	chr20	2101827	2177038	+	2102890	2102940	6.24696181414847	0.734647506755097	gex>0	75212	2139432	2102915
DCP1A	chr3	53283429	53347586	-	53347536	53347586	58.0486913191642	0.8689511176615082	gex>0	64158	53315507	53347561
ZNF765	chr19	53389793	53430413	+	53395143	53395193	64.24759958089611	0.8753991648243675	gex>0	40621	53410103	53395168
MAD2L1BP	chr6	43629540	43640941	+	43635818	43635868	466.5999939644741	0.9768484401866864	gex>0	11402	43635240	43635843
PDE6D	chr2	231732433	231786272	-	231781259	231781309	123.497629710474	0.9182940309506264	gex>0	53840	231759352	231781284
TNFRSF10C	chr8	23102921	23117445	+	23102920	23102970	21.1435630632717	0.8037337263571604	gex>0	14525	23110183	23102945
TMEM109	chr11	60914158	60923443	+	60919677	60919727	1.63382078216191	0.6671579464505035	gex>0	9286	60918800	60919702
NELFB	chr9	137255327	137273542	+	137255306	137255356	44.978125061869	0.8518177352001965	gex>0	18216	137264434	137255331
DEF6	chr6	35297818	35321771	+	35309737	35309787	5.38199787065099	0.7278002947678703	gex>0	23954	35309794	35309762
ASPA	chr17	3472374	3503405	+	3476001	3476051	2.1143563063271698	0.680545320560059	gex>0	31032	3487889	3476026
CNOT7	chr8	17224966	17246878	-	17246559	17246609	4.51703392715351	0.7182510439695406	gex>0	21913	17235922	17246584
BIRC2	chr11	102347211	102378670	+	102347373	102347423	0.480535524165267	0.6075288626873004	gex>0	31460	102362940	102347398
TXNDC17	chr17	6640985	6644541	+	6641015	6641065	374.673548191658	0.9706767379022352	gex>0	3557	6642763	6641040
DDIT3	chr12	57516588	57521737	-	57520467	57520517	83.0365385757581	0.8943748464750676	gex>0	5150	57519162	57520492
GPN3	chr12	110452486	110469268	-	110469218	110469268	0.480535524165267	0.6075288626873004	gex>0	16783	110460877	110469243
CARD8	chr19	48180770	48255946	-	48255896	48255946	31.907558804573696	0.8290039302382707	gex>0	75177	48218358	48255921
NTN1	chr17	9021510	9244000	+	9162934	9162984	0.480535524165267	0.6075288626873004	gex>0	222491	9132755	9162959
ARCN1	chr11	118572390	118603033	+	118572389	118572439	401.15105557316497	0.9726725620240728	gex>0	30644	118587711	118572414
VWDE	chr7	12330885	12403941	-	12403674	12403905	4.90146234648572	0.7233787767133383	gex>0	73057	12367413	12403789
CASP1	chr11	105025443	105035250	-	105035106	105035157	323.88094328739	0.9654568901989684	gex>0	9808	105030346	105035131
TMF1	chr3	69019827	69052339	-	69052253	69052303	45.7469819005334	0.8532301645787276	gex>0	32513	69036083	69052278
MAP4	chr3	47850690	48089272	-	48089222	48089272	1.63382078216191	0.6671579464505035	gex>0	238583	47969981	48089247
AMN1	chr12	31671142	31729121	-	31729060	31729110	4.03649840298824	0.7126934414148858	gex>0	57980	31700131	31729085
ZNF35	chr3	44648732	44660791	+	44648726	44648776	27.6307926395028	0.8197924342913289	gex>0	12060	44654761	44648751
ALKBH8	chr11	107502727	107565742	-	107565692	107565746	8.16910391080953	0.749048145418816	gex>0	63016	107534234	107565719
TTC17	chr11	43358920	43494933	+	43450137	43450187	1.05717815316359	0.6474453451240482	gex>0	136014	43426926	43450162
GSTO1	chr10	104235356	104267459	+	104255162	104255212	1.63382078216191	0.6671579464505035	gex>0	32104	104251407	104255187
CENPK	chr5	65517766	65563168	-	65563121	65563171	256.317648589753	0.9557848194546794	gex>0	45403	65540467	65563146
SLC1A5	chr19	46774883	46788594	-	46784774	46784824	13.8394230959597	0.7784021125030705	gex>0	13712	46781738	46784799
RRP12	chr10	97356358	97426076	-	97426026	97426076	4.03649840298824	0.7126934414148858	gex>0	69719	97391217	97426051
BBS1	chr11	66510606	66533613	+	66510615	66510683	233.39610408707	0.951885286170474	gex>0	23008	66522109	66510649
NCEH1	chr3	172630249	172711218	-	172711062	172711112	73.2336138827866	0.8854704003930238	gex>0	80970	172670733	172711087
H2AC16	chr6	27865317	27865798	+	27865354	27865404	3.07542735465771	0.7000736919675755	gex>0	482	27865557	27865379
SETMAR	chr3	4303332	4317265	+	4303360	4303410	92.0706064300651	0.9012834684352738	gex>0	13934	4310298	4303385
TEDC2	chr16	2460086	2464963	+	2460079	2460151	39.0194845622196	0.8416850896585606	gex>0	4878	2462524	2460115
KRAS	chr12	25205246	25250936	-	25250886	25250936	15.4732438781216	0.7847887496929501	gex>0	45691	25228091	25250911
STX16-NPEPL1	chr20	58651434	58715410	+	58673637	58673687	0.480535524165267	0.6075288626873004	gex>0	63977	58683422	58673662
ZFP1	chr16	75148494	75172236	+	75148509	75148559	7.88078259631037	0.7467759764185704	gex>0	23743	75160365	75148534
CAPN1	chr11	65180566	65212006	+	65181193	65181243	1.63382078216191	0.6671579464505035	gex>0	31441	65196286	65181218
WBP1	chr2	74458400	74460891	+	74458438	74458488	66.12168812514071	0.8776099238516335	gex>0	2492	74459645	74458463
C20orf204	chr20	64034344	64039962	+	64038131	64038181	4.51703392715351	0.7182510439695406	gex>0	5619	64037153	64038156
NRF1	chr7	129611720	129757082	+	129611713	129611763	121.671594718645	0.9173114713829524	gex>0	145363	129684401	129611738
FXYD2	chr11	117800844	117828698	-	117828042	117828092	13.0705662572953	0.7752702038811103	gex>0	27855	117814771	117828067
WDR76	chr15	43826980	43868412	+	43826979	43827029	234.50133579265	0.9521002210759028	gex>0	41433	43847696	43827004
MRPL19	chr2	75646783	75690851	+	75646978	75647028	0.480535524165267	0.6075288626873004	gex>0	44069	75668817	75647003
PIKFYVE	chr2	208266255	208358746	+	208266266	208266316	18.068135708614	0.7941537705723409	gex>0	92492	208312500	208266291
DNAJC3	chr13	95677139	95794988	+	95677138	95677188	81.5949320032623	0.8930238270695161	gex>0	117850	95736063	95677163
SOHLH2	chr13	36168217	36214588	-	36214538	36214615	6.24696181414847	0.734647506755097	gex>0	46372	36191402	36214576
CPSF3	chr2	9423651	9473101	+	9423650	9423700	773.566086801246	0.9880250552689755	gex>0	49451	9448376	9423675
ZNF33A	chr10	38010650	38065088	+	38010649	38010704	26.813882248421898	0.8179808400884304	gex>0	54439	38037869	38010676
SPATA5	chr4	122923070	123319433	+	122923073	122923123	108.60102846135	0.9111090641120118	gex>0	396364	123121251	122923098
ALG8	chr11	78095244	78139660	-	78139599	78139649	181.738535239304	0.9392655367231638	gex>0	44417	78117452	78139624
RASSF9	chr12	85800703	85836409	-	85836520	85836570	7.88078259631037	0.7467759764185704	gex>0	35707	85818556	85836545
NCOR2	chr12	124324415	124567589	-	124483719	124483769	1.05717815316359	0.6474453451240482	gex>0	243175	124446002	124483744
RPS10-NUDT3	chr6	34284887	34426071	-	34426031	34426048	22.296848321268396	0.8067428150331614	gex>0	141185	34355479	34426039
BCL2L11	chr2	111119378	111168445	+	111120913	111120963	2.1143563063271698	0.680545320560059	gex>0	49068	111143911	111120938
COQ10A	chr12	56266890	56270966	+	56267282	56267332	6.63139023348068	0.7379943502824858	gex>0	4077	56268928	56267307
ANKRD37	chr4	185396021	185400628	+	185396810	185396860	182.939874049717	0.9396647015475312	gex>0	4608	185398324	185396835
URI1	chr19	29923644	30016612	+	29942250	29942300	23.546240684098105	0.8100589535740604	gex>0	92969	29970128	29942275
ARHGEF7	chr13	111114559	111305737	+	111153646	111153696	118.932542230903	0.91614468189634	gex>0	191179	111210148	111153671
GHITM	chr10	84139482	84154841	+	84139501	84139551	981.541861659974	0.9908499140260378	gex>0	15360	84147161	84139526
RGS10	chr10	119499817	119542719	-	119526044	119526094	1.05717815316359	0.6474453451240482	gex>0	42903	119521268	119526069
RACK1	chr5	181236897	181248096	-	181243897	181243947	514.557439276167	0.9795811839842792	gex>0	11200	181242496	181243922
AP1M1	chr19	16197854	16245906	+	16203462	16203512	2.1143563063271698	0.680545320560059	gex>0	48053	16221880	16203487
MZT2B	chr2	130181737	130190729	+	130182256	130182306	174.866877243741	0.9368398427904692	gex>0	8993	130186233	130182281
ZNF641	chr12	48337180	48351414	-	48350785	48350804	0.480535524165267	0.6075288626873004	gex>0	14235	48344297	48350794
ZNF280D	chr15	56630176	56734086	-	56733480	56733530	19.5097422811098	0.7990358634242201	gex>0	103911	56682131	56733505
BCAP29	chr7	107580906	107618493	+	107594021	107594071	0.480535524165267	0.6075288626873004	gex>0	37588	107599699	107594046
DNMT1	chr19	10133342	10231286	-	10184509	10184559	0.480535524165267	0.6075288626873004	gex>0	97945	10182314	10184534
NABP2	chr12	56222015	56229854	+	56222014	56222064	16.6265291361182	0.7888418079096046	gex>0	7840	56225934	56222039
CIPC	chr14	77098126	77117287	+	77098096	77098175	1.05717815316359	0.6474453451240482	gex>0	19162	77107706	77098135
CNOT8	chr5	154857553	154876792	+	154859666	154859716	1.05717815316359	0.6474453451240482	gex>0	19240	154867172	154859691
PSMD3	chr17	39980807	39997959	+	39980796	39980846	444.639520510121	0.9755588307541144	gex>0	17153	39989383	39980821
CTDSP1	chr2	218398256	218405941	+	218400132	218400157	2.1143563063271698	0.680545320560059	gex>0	7686	218402098	218400144
FADS1	chr11	61799627	61829318	-	61816721	61816778	1.05717815316359	0.6474453451240482	gex>0	29692	61814472	61816749
MYO9B	chr19	17075777	17214537	+	17207212	17207244	1.05717815316359	0.6474453451240482	gex>0	138761	17145157	17207228
PRRC2A	chr6	31610949	31627996	+	31620719	31620773	65.1606170768101	0.8764738393515107	gex>0	17048	31619472	31620746
PIM3	chr22	49960768	49964072	+	49960767	49960817	33.349165377069504	0.8323200687791698	gex>0	3305	49962420	49960792
ARMT1	chr6	151452258	151470101	+	151452485	151452535	24.411204627595502	0.8121468926553672	gex>0	17844	151461179	151452510
STOML2	chr9	35099776	35103195	-	35103145	35103195	470.34817105296304	0.977216900024564	gex>0	3420	35101485	35103170
ARL4D	chr17	43398993	43401137	+	43398958	43399008	1.05717815316359	0.6474453451240482	gex>0	2145	43400065	43398983
PIN1	chr19	9835257	9849689	+	9838598	9838648	0.480535524165267	0.6075288626873004	gex>0	14433	9842473	9838623
FRMD8	chr11	65386621	65413525	+	65386620	65386670	84.766466462753	0.8956337509211496	gex>0	26905	65400073	65386645
SMU1	chr9	33041765	33076674	-	33076609	33076659	82.41184239434321	0.8937914517317612	gex>0	34910	33059219	33076634
ZNF92	chr7	65373799	65401136	+	65373837	65373887	30.9464877562432	0.8267931712110047	gex>0	27338	65387467	65373862
TRIM6	chr11	5596109	5612958	+	5596108	5596159	2.1143563063271698	0.680545320560059	gex>0	16850	5604533	5596133
PPP4C	chr16	30075978	30085376	+	30076006	30076056	118.500060259155	0.9158683370179316	gex>0	9399	30080677	30076031
CAPG	chr2	85394753	85418432	-	85413992	85414042	5.86253339481625	0.7314541881601572	gex>0	23680	85406592	85414017
IL6ST	chr5	55935095	55995022	-	55951587	55951637	0.480535524165267	0.6075288626873004	gex>0	59928	55965058	55951612
PEX5	chr12	7188685	7218574	+	7210129	7210179	1.63382078216191	0.6671579464505035	gex>0	29890	7203629	7210154
MAVS	chr20	3846799	3876123	+	3846798	3846892	40.4610911347154	0.8442643085237043	gex>0	29325	3861461	3846845
DNAJC2	chr7	103312289	103344830	-	103344780	103344830	34.8868790543983	0.8347764676983542	gex>0	32542	103328559	103344805
NUDT6	chr4	122888697	122922968	-	122922556	122922606	26.0450254097574	0.815985015966593	gex>0	34272	122905832	122922581
TBL1XR1	chr3	177019340	177228000	-	177197202	177197252	5.38199787065099	0.7278002947678703	gex>0	208661	177123670	177197227
AP5Z1	chr7	4775615	4794397	+	4775621	4775671	51.705622400182705	0.86075288626873	gex>0	18783	4785006	4775646
PUS3	chr11	125893485	125903221	-	125903171	125903221	56.895406061167606	0.8676000982559567	gex>0	9737	125898353	125903196
MACC1	chr7	20134655	20217404	-	20217354	20217404	347.042755552156	0.9679439941046426	gex>0	82750	20176029	20217379
DHX36	chr3	154275723	154284039	-	154284937	154284987	1.05717815316359	0.6474453451240482	gex>0	8317	154279881	154284962
KIR2DL4	chr19	54803543	54814528	+	54803610	54803690	4.03649840298824	0.7126934414148858	gex>0	10986	54809035	54803650
CTSA	chr20	45890144	45898949	+	45891312	45891362	163.57429242585698	0.9330938344387129	gex>0	8806	45894546	45891337
BSCL2	chr11	62689289	62709845	-	62707413	62707463	0.480535524165267	0.6075288626873004	gex>0	20557	62699567	62707438
ACAD8	chr11	134253548	134265855	+	134253547	134253597	16.145993611953003	0.7876136084500123	gex>0	12308	134259701	134253572
PRPF39	chr14	45084107	45116282	+	45084098	45084148	95.6265693088881	0.9037398673544584	gex>0	32176	45100194	45084123
ZBTB3	chr11	62748319	62754184	-	62754138	62754188	17.2992788699496	0.7915745517071973	gex>0	5866	62751251	62754163
UFL1	chr6	96521595	96555276	+	96521807	96521857	44.593696642536706	0.85126504544338	gex>0	33682	96538435	96521832
ZNF189	chr9	101398851	101410660	+	101398872	101398922	9.03406785430701	0.754267993122083	gex>0	11810	101404755	101398897
NEK9	chr14	75079353	75127344	-	75127030	75127080	142.238515152919	0.9258781626136084	gex>0	47992	75103348	75127055
CHUK	chr10	100188300	100229596	-	100229569	100229619	25.6605969904252	0.8150638663718988	gex>0	41297	100208948	100229594
PTCD2	chr5	72320367	72368395	+	72320366	72320416	92.0706064300651	0.9012834684352738	gex>0	48029	72344381	72320391
SH2B1	chr16	28846600	28874212	+	28863558	28863608	1.05717815316359	0.6474453451240482	gex>0	27613	28860406	28863583
FUT11	chr10	73772276	73780251	+	73773604	73773654	0.480535524165267	0.6075288626873004	gex>0	7976	73776263	73773629
MAP1S	chr19	17719242	17734513	+	17719479	17719529	102.354066647202	0.907762220584623	gex>0	15272	17726877	17719504
ATP5MF-PTCD1	chr7	99419749	99466197	-	99466147	99466197	836.8045617813949	0.9890690248096292	gex>0	46449	99442973	99466172
WDR25	chr14	100376418	100530303	+	100376499	100376549	0.480535524165267	0.6075288626873004	gex>0	153886	100453360	100376524
CCDC13	chr3	42705756	42773253	-	42773203	42773253	9.80292469297144	0.7593650208793908	gex>0	67498	42739504	42773228
ATMIN	chr16	81035842	81047350	+	81036057	81036107	3.07542735465771	0.7000736919675755	gex>0	11509	81041596	81036082
RBM14-RBM4	chr11	66616626	66646469	+	66616625	66616675	106.102243735691	0.9097580447064604	gex>0	29844	66631547	66616650
ZNF404	chr19	43872365	43901385	-	43901335	43901385	2.1143563063271698	0.680545320560059	gex>0	29021	43886875	43901360
ATP6V1B2	chr8	20197381	20226819	+	20197366	20197416	390.00263141253	0.9718742323753378	gex>0	29439	20212100	20197391
G3BP2	chr4	75641849	75724589	-	75724420	75724470	32.8686298529042	0.831337509211496	gex>0	82741	75683219	75724445
ATP6V0A2	chr12	123712353	123761755	+	123712317	123712405	2.59489183049244	0.6914455907639401	gex>0	49403	123737054	123712361
DSN1	chr20	36751791	36773818	-	36773747	36773799	47.092481368196104	0.8551338737410955	gex>0	22028	36762804	36773773
HLA-DRB5	chr6	32517353	32530287	-	32530237	32530287	49.8795874083547	0.8587263571604028	gex>0	12935	32523820	32530262
CNMD	chr13	52703264	52739820	-	52739302	52739352	1.63382078216191	0.6671579464505035	gex>0	36557	52721542	52739327
MRPL45	chr17	38097522	38123634	+	38297022	38297072	3.07542735465771	0.7000736919675755	gex>0	26113	38110578	38297047
EPHA3	chr3	89107621	89482134	+	89107661	89107711	25.6605969904252	0.8150638663718988	gex>0	374514	89294877	89107686
DAPK3	chr19	3958453	3971123	-	3971073	3971123	49.01462346485721	0.8572525178088921	gex>0	12671	3964788	3971098
TMEM175	chr4	932387	958656	+	932445	932495	91.4939638010668	0.9008228936379268	gex>0	26270	945521	932470
CHAMP1	chr13	114314482	114337626	+	114314512	114314562	28.063274611251604	0.8206214689265536	gex>0	23145	114326054	114314537
BZW2	chr7	16646131	16706523	+	16646159	16646209	5.86253339481625	0.7314541881601572	gex>0	60393	16676327	16646184
RPS6KB2	chr11	67428460	67435401	+	67428459	67428532	328.20576300487704	0.9659481699828052	gex>0	6942	67431930	67428495
ANKRD26	chr10	26973793	27100494	-	27100448	27100498	26.5255609339227	0.816936870547777	gex>0	126702	27037143	27100473
TPST1	chr7	66205317	66420543	+	66205316	66205366	2.1143563063271698	0.680545320560059	gex>0	215227	66312930	66205341
FASN	chr17	82078338	82098294	-	82098282	82098332	8.16910391080953	0.749048145418816	gex>0	19957	82088316	82098307
TNFRSF13C	chr22	41922032	41926806	-	41926768	41926818	41.9988048120443	0.8470277573077868	gex>0	4775	41924419	41926793
ACBD4	chr17	45132600	45144181	+	45135646	45135696	24.411204627595502	0.8121468926553672	gex>0	11582	45138390	45135671
COMMD2	chr3	149738472	149752495	-	149752449	149752499	228.20632042608503	0.9505342667649226	gex>0	14024	149745483	149752474
PLD3	chr19	40348456	40380439	+	40366879	40366915	0.480535524165267	0.6075288626873004	gex>0	31984	40364447	40366897
ELP1	chr9	108866898	108934328	-	108934066	108934116	22.296848321268396	0.8067428150331614	gex>0	67431	108900613	108934091
VAMP8	chr2	85561562	85582031	+	85561561	85561611	2.1143563063271698	0.680545320560059	gex>0	20470	85571796	85561586
RPAP1	chr15	41517176	41544269	-	41544219	41544269	30.658166441743997	0.8260255465487595	gex>0	27094	41530722	41544244
TMEM182	chr2	102736905	103019900	+	102736907	102736957	16.9148504506174	0.7901621223286662	gex>0	282996	102878402	102736932
COL1A1	chr17	50184101	50201632	-	50190874	50190924	1.05717815316359	0.6474453451240482	gex>0	17532	50192866	50190899
VPS51	chr11	65089324	65111862	+	65110481	65110531	3.07542735465771	0.7000736919675755	gex>0	22539	65100593	65110506
TMEM138	chr11	61361964	61377890	+	61362360	61362410	289.28238554749	0.9608818472119872	gex>0	15927	61369927	61362385
GCFC2	chr2	75652000	75710985	-	75710891	75710941	75.1557559794477	0.8868828297715549	gex>0	58986	75681492	75710916
FANCE	chr6	35452338	35467102	+	35452360	35452410	1.63382078216191	0.6671579464505035	gex>0	14765	35459720	35452385
UBQLN1	chr9	83659968	83707958	-	83707551	83707601	3.07542735465771	0.7000736919675755	gex>0	47991	83683963	83707576
SSB	chr2	169791933	169812064	+	169798878	169798928	180.777464190973	0.9389584868582658	gex>0	20132	169801998	169798903
SNX3	chr6	108211222	108261246	-	108260914	108260964	6.63139023348068	0.7379943502824858	gex>0	50025	108236234	108260939
ELP6	chr3	47495640	47513712	-	47513289	47513413	30.9464877562432	0.8267931712110047	gex>0	18073	47504676	47513351
EBI3	chr19	4229523	4237528	+	4229497	4229547	1195.0918485990198	0.9930606730533038	gex>0	8006	4233525	4229522
C6orf62	chr6	24704861	24719998	-	24719948	24719998	0.480535524165267	0.6075288626873004	gex>0	15138	24712429	24719973
COX4I1	chr16	85798633	85807068	+	85799682	85799732	286.303065297666	0.9605133873741096	gex>0	8436	85802850	85799707
EZH2	chr7	148807257	148884321	-	148884237	148884321	141.565765419088	0.92563252272169	gex>0	77065	148845789	148884279
GSE1	chr16	85169525	85676204	+	85613156	85613206	0.480535524165267	0.6075288626873004	gex>0	506680	85422864	85613181
ZNF800	chr7	127346790	127431924	-	127392668	127392718	82.94043147092499	0.8941599115696389	gex>0	85135	127389357	127392693
BDH2	chr4	103077592	103099870	-	103099820	103099870	31.2348090707423	0.82753009088676	gex>0	22279	103088731	103099845
PSMC1	chr14	90256527	90275429	+	90256526	90256576	640.842175026799	0.9846168017686072	gex>0	18903	90265978	90256551
BMPR2	chr2	202376327	202567751	+	202464825	202464875	2.59489183049244	0.6914455907639401	gex>0	191425	202472039	202464850
DDX24	chr14	94048287	94081202	-	94081152	94081202	183.756784440798	0.9399717514124294	gex>0	32916	94064744	94081177
LMO7	chr13	75620434	75859870	+	75833084	75833134	0.480535524165267	0.6075288626873004	gex>0	239437	75740152	75833109
C12orf4	chr12	4487735	4538508	-	4538458	4538508	89.18739328507351	0.8993490542864161	gex>0	50774	4513121	4538483
ZBED8	chr5	160393148	160400054	-	160400047	160400097	3.5559628788229705	0.706951608941292	gex>0	6907	160396601	160400072
CALHM1	chr10	103453240	103458900	-	103458838	103458888	12.59003073313	0.7732743797592729	gex>0	5661	103456070	103458863
GDF15	chr19	18374731	18389176	+	18386157	18386207	4.51703392715351	0.7182510439695406	gex>0	14446	18381953	18386182
POLM	chr7	44072062	44082530	-	44082480	44082530	41.9988048120443	0.8470277573077868	gex>0	10469	44077296	44082505
ARL14EP	chr11	30323104	30338223	+	30331643	30331693	0.480535524165267	0.6075288626873004	gex>0	15120	30330663	30331668
ARAP1	chr11	72685069	72793599	-	72722308	72722358	86.4002872449149	0.8971997052321297	gex>0	108531	72739334	72722333
DCAF15	chr19	13952509	13961449	+	13952491	13952541	61.6046541979872	0.8722672562024073	gex>0	8941	13956979	13952516
MEF2B	chr19	19145567	19192131	-	19170239	19170289	18.6447783376123	0.7962417096536477	gex>0	46565	19168849	19170264
E4F1	chr16	2223580	2235742	+	2223565	2223664	25.18006146626	0.8138970768852861	gex>0	12163	2229661	2223614
PCGF2	chr17	38733898	38749817	-	38748328	38748378	129.456270210123	0.9211495946941785	gex>0	15920	38741857	38748353
HYOU1	chr11	119044187	119057226	-	119057107	119057175	125.515878911968	0.9193994104642594	gex>0	13040	119050706	119057141
MRPL48	chr11	73787872	73865133	+	73787871	73787921	169.62904003033898	0.9349975436010808	gex>0	77262	73826502	73787896
DLST	chr14	74881891	74903743	+	74881913	74881965	1084.08814251684	0.9918324735937116	gex>0	21853	74892817	74881939
CCNE1	chr19	29811991	29824312	+	29812724	29812774	1.05717815316359	0.6474453451240482	gex>0	12322	29818151	29812749
SLAIN2	chr4	48341529	48426201	+	48377900	48377950	2.59489183049244	0.6914455907639401	gex>0	84673	48383865	48377925
TMEM140	chr7	135148072	135166215	+	135148071	135148121	245.84197416295	0.9540653402112504	gex>0	18144	135157143	135148096
E2F4	chr16	67192155	67198918	+	67192173	67192223	124.362593653971	0.9188160157209532	gex>0	6764	67195536	67192198
TOMM22	chr22	38681957	38685421	+	38682171	38682221	1.63382078216191	0.6671579464505035	gex>0	3465	38683689	38682196
NUP58	chr13	25301556	25349800	+	25301624	25301674	65.4489383913093	0.8768422991893884	gex>0	48245	25325678	25301649
PARD3	chr10	34109560	34815325	-	34815275	34815325	6.24696181414847	0.734647506755097	gex>0	705766	34462442	34815300
ASF1B	chr19	14119830	14136931	-	14136563	14136613	225.85169635767505	0.950012281994596	gex>0	17102	14128380	14136588
SIRT5	chr6	13574227	13615158	+	13574583	13574624	19.5097422811098	0.7990358634242201	gex>0	40932	13594692	13574603
RMC1	chr18	23503470	23531822	+	23503508	23503558	32.1958801190729	0.8296794399410464	gex>0	28353	23517646	23503533
RAP1B	chr12	68610855	68671901	+	68610898	68610948	18.068135708614	0.7941537705723409	gex>0	61047	68641378	68610923
DAD1	chr14	22564907	22589224	-	22589219	22589269	323.88094328739	0.9654568901989684	gex>0	24318	22577065	22589244
YIF1A	chr11	66284580	66289145	-	66289095	66289145	282.314620447094	0.960114222549742	gex>0	4566	66286862	66289120
SDHAF3	chr7	97117698	97181763	+	97117700	97117750	28.928238554748997	0.822617293048391	gex>0	64066	97149730	97117725
RIPOR2	chr6	24804282	25042170	-	24936002	24936052	25.18006146626	0.8138970768852861	gex>0	237889	24923226	24936027
PGAP2	chr11	3797724	3826371	+	3797897	3797947	100.095549683625	0.9062269712601326	gex>0	28648	3812047	3797922
UHRF1	chr19	4903080	4962154	+	4909429	4909479	12.59003073313	0.7732743797592729	gex>0	59075	4932617	4909454
DMPK	chr19	45769709	45782552	-	45779569	45779619	2.1143563063271698	0.680545320560059	gex>0	12844	45776130	45779594
LPAR1	chr9	110873263	111038470	-	111038408	111038458	0.480535524165267	0.6075288626873004	gex>0	165208	110955866	111038433
LIN52	chr14	74084956	74201493	+	74084955	74084993	100.624138760207	0.9065647261115204	gex>0	116538	74143224	74084974
XPO4	chr13	20777329	20903048	-	20902724	20902774	28.447703030583803	0.8215733235077377	gex>0	125720	20840188	20902749
URGCP	chr7	43875894	43926411	-	43906577	43906627	58.0486913191642	0.8689511176615082	gex>0	50518	43901152	43906602
AGBL2	chr11	47664132	47719930	-	47715332	47715389	3.07542735465771	0.7000736919675755	gex>0	55799	47692031	47715360
B9D1	chr17	19334308	19378193	-	19362683	19362733	3.5559628788229705	0.706951608941292	gex>0	43886	19356250	19362708
SPCS2	chr11	74949261	74979033	+	74949246	74949296	71.69590020545779	0.8838737410955539	gex>0	29773	74964147	74949271
IST1	chr16	71845996	71931199	+	71916524	71916574	2.1143563063271698	0.680545320560059	gex>0	85204	71888597	71916549
ZNF487	chr10	43436841	43483181	+	43436840	43436890	4.51703392715351	0.7182510439695406	gex>0	46341	43460011	43436865
SH3BP1	chr22	37634654	37656117	+	37640385	37640435	1.05717815316359	0.6474453451240482	gex>0	21464	37645385	37640410
PTMS	chr12	6765516	6770952	+	6766376	6766426	7.111925757645951	0.7413104888233849	gex>0	5437	6768234	6766401
CDCA2	chr8	25459199	25507911	+	25459198	25459248	40.845519554047705	0.8449705232129698	gex>0	48713	25483555	25459223
HINT3	chr6	125956770	125980244	+	125956780	125956830	7.111925757645951	0.7413104888233849	gex>0	23475	125968507	125956805
SELENOP	chr5	42799880	42887392	-	42811843	42811893	15.7615651926207	0.7861704740849914	gex>0	87513	42843636	42811868
ATP6V1D	chr14	67294371	67360265	-	67360215	67360265	1.05717815316359	0.6474453451240482	gex>0	65895	67327318	67360240
PHETA2	chr22	42074248	42079438	+	42074250	42074300	0.480535524165267	0.6075288626873004	gex>0	5191	42076843	42074275
ZNF468	chr19	52838010	52857649	-	52857599	52857649	163.57429242585698	0.9330938344387129	gex>0	19640	52847829	52857624
ZNF619	chr3	40477113	40491053	+	40477112	40477162	28.447703030583803	0.8215733235077377	gex>0	13941	40484083	40477137
SRP72	chr4	56467617	56503681	+	56467616	56467666	309.657091772098	0.9636452959960696	gex>0	36065	56485649	56467641
SF3B5	chr6	144094884	144095573	-	144095523	144095573	58.3370126336634	0.8693502824858758	gex>0	690	144095228	144095548
NEDD1	chr12	96907224	96953780	+	96907222	96907287	79.38446859210201	0.8909972979611889	gex>0	46557	96930502	96907254
HAAO	chr2	42767089	42792593	-	42792524	42792593	14.8004941442902	0.7815033161385408	gex>0	25505	42779841	42792558
SP3	chr2	173880850	173965373	-	173964169	173965310	27.294417772587103	0.8189326946696144	gex>0	84524	173923111	173964739
LURAP1L	chr9	12775020	12823060	+	12775020	12775070	24.411204627595502	0.8121468926553672	gex>0	48041	12799040	12775045
STK16	chr2	219245455	219250337	+	219245472	219245522	420.85301206394	0.9740235814296242	gex>0	4883	219247896	219245497
HACD4	chr9	20999509	21031640	-	21026695	21026745	0.480535524165267	0.6075288626873004	gex>0	32132	21015574	21026720
RNF144B	chr6	18387350	18468870	+	18387349	18387399	0.480535524165267	0.6075288626873004	gex>0	81521	18428110	18387374
APOL2	chr22	36226209	36239954	-	36239646	36239673	40.845519554047705	0.8449705232129698	gex>0	13746	36233081	36239659
HAGH	chr16	1795620	1827157	-	1826510	1826560	4.03649840298824	0.7126934414148858	gex>0	31538	1811388	1826535
OAS1	chr12	112905856	112933219	+	112907006	112907101	73.0413996731205	0.8851940555146156	gex>0	27364	112919537	112907053
NBEAL1	chr2	203014608	203226378	+	203014878	203014928	15.7615651926207	0.7861704740849914	gex>0	211771	203120493	203014903
PFKP	chr10	3066333	3137718	+	3129006	3129056	0.480535524165267	0.6075288626873004	gex>0	71386	3102025	3129031
TOB1	chr17	50862223	50867978	-	50867928	50867978	1.63382078216191	0.6671579464505035	gex>0	5756	50865100	50867953
NRN1	chr6	5997999	6007605	-	6003994	6004044	0.480535524165267	0.6075288626873004	gex>0	9607	6002802	6004019
CINP	chr14	102341102	102362916	-	102362864	102362916	881.9749010529301	0.9897445345124048	gex>0	21815	102352009	102362890
LARP4B	chr10	806933	931821	-	931427	931476	3.5559628788229705	0.706951608941292	gex>0	124889	869377	931451
EIF3E	chr8	108162787	108443496	-	108248715	108248765	273.809141669369	0.9586096782117416	gex>0	280710	108303141	108248740
DDX17	chr22	38483438	38507660	-	38506262	38506337	125.90030733129998	0.9196757553426675	gex>0	24223	38495549	38506299
BORCS8-MEF2B	chr19	19145569	19192158	-	19192108	19192158	68.6685264032166	0.8808032424465734	gex>0	46590	19168863	19192133
ACO1	chr9	32384603	32454769	+	32384619	32384669	46.419731634364794	0.854120609186932	gex>0	70167	32419686	32384644
KMT5A	chr12	123384132	123409353	+	123384165	123384208	58.913655262661706	0.8697187423237533	gex>0	25222	123396742	123384186
CBX6	chr22	38861422	38872249	-	38872199	38872249	61.6046541979872	0.8722672562024073	gex>0	10828	38866835	38872224
GRHL1	chr2	9951693	10002277	+	9951692	9951742	1.05717815316359	0.6474453451240482	gex>0	50585	9976985	9951717
WDR11	chr10	120851305	120909524	+	120851780	120851830	0.480535524165267	0.6075288626873004	gex>0	58220	120880414	120851805
TTC39C	chr18	23992773	24135610	+	24014419	24014469	2.59489183049244	0.6914455907639401	gex>0	142838	24064191	24014444
PCMTD2	chr20	64255695	64287821	+	64259830	64259880	0.480535524165267	0.6075288626873004	gex>0	32127	64271758	64259855
EPB41L5	chr2	120013077	120179119	+	120013076	120013126	2.59489183049244	0.6914455907639401	gex>0	166043	120096098	120013101
COQ2	chr4	83261536	83284914	-	83284745	83284795	7.111925757645951	0.7413104888233849	gex>0	23379	83273225	83284770
COA4	chr11	73872667	73876901	-	73876851	73876901	62.902100113233395	0.873894620486367	gex>0	4235	73874784	73876876
MTREX	chr5	55307989	55425579	+	55308000	55308050	32.1958801190729	0.8296794399410464	gex>0	117591	55366784	55308025
VDAC3	chr8	42391624	42405937	+	42391845	42391895	332.242261407865	0.9664087447801524	gex>0	14314	42398780	42391870
PTRHD1	chr2	24789728	24793391	-	24793040	24793090	13.4549946766275	0.7769896831245394	gex>0	3664	24791559	24793065
DMC1	chr22	38518948	38570204	-	38570134	38570204	25.6605969904252	0.8150638663718988	gex>0	51257	38544576	38570169
PHF2	chr9	93576584	93679587	+	93576626	93576676	0.480535524165267	0.6075288626873004	gex>0	103004	93628085	93576651
UGP2	chr2	63840952	63891562	+	63840968	63841018	143.968443039914	0.9265536723163842	gex>0	50611	63866257	63840993
ATP5F1A	chr18	46080248	46104334	-	46098245	46098295	1022.19516700436	0.9913411938098748	gex>0	24087	46092291	46098270
RPGRIP1L	chr16	53598153	53703938	-	53703839	53703889	10.1873531123037	0.761545074920167	gex>0	105786	53651045	53703864
BLOC1S4	chr4	6716174	6717664	+	6716054	6716104	5.38199787065099	0.7278002947678703	gex>0	1491	6716919	6716079
HLA-C	chr6	31260956	31264327	-	31270372	31270422	1.05717815316359	0.6474453451240482	gex>0	3372	31262641	31270397
IZUMO4	chr19	2096429	2099593	+	2096942	2096992	65.8333668106415	0.8772414640137558	gex>0	3165	2098011	2096967
ZNF579	chr19	55576774	55580848	-	55580795	55580845	1.63382078216191	0.6671579464505035	gex>0	4075	55578811	55580820
TTC9C	chr11	62728069	62740293	+	62728111	62728161	30.658166441743997	0.8260255465487595	gex>0	12225	62734181	62728136
SART3	chr12	108522214	108561400	-	108561118	108561168	63.7190105043143	0.8747543601080816	gex>0	39187	108541807	108561143
IAH1	chr2	9473658	9496543	+	9475021	9475071	1.63382078216191	0.6671579464505035	gex>0	22886	9485100	9475046
LTA4H	chr12	96000753	96043520	-	96013202	96013252	0.480535524165267	0.6075288626873004	gex>0	42768	96022136	96013227
SLC10A7	chr4	146253975	146522372	-	146521667	146521717	3.07542735465771	0.7000736919675755	gex>0	268398	146388173	146521692
DOCK2	chr5	169637268	170083382	+	169637246	169637296	234.885764211982	0.952192336035372	gex>0	446115	169860325	169637271
EIF5A	chr17	7306999	7312463	+	7307581	7307631	159.730008232535	0.93195774993859	gex>0	5465	7309731	7307606
MAP4K5	chr14	50418501	50561126	-	50532605	50532655	3.07542735465771	0.7000736919675755	gex>0	142626	50489813	50532630
ALPK2	chr18	58481247	58629091	-	58578974	58579024	33.349165377069504	0.8323200687791698	gex>0	147845	58555169	58578999
U2AF2	chr19	55654146	55674716	+	55660515	55660565	2.59489183049244	0.6914455907639401	gex>0	20571	55664431	55660540
CCDC103	chr17	44899142	44905390	+	44899711	44899788	12.3017094186308	0.7714627855563744	gex>0	6249	44902266	44899749
SCAMP4	chr19	1905372	1926013	+	1905371	1905421	42.3832332313765	0.8476725620240727	gex>0	20642	1915692	1905396
TIMM21	chr18	74148523	74160531	+	74148510	74148572	59.2019765771608	0.8702100221075902	gex>0	12009	74154527	74148541
DHX37	chr12	124946825	124989131	-	124980648	124980698	0.480535524165267	0.6075288626873004	gex>0	42307	124967978	124980673
GFER	chr16	1984193	1987749	+	1984257	1984307	0.480535524165267	0.6075288626873004	gex>0	3557	1985971	1984282
GRN	chr17	44345246	44353106	+	44350288	44350338	4.03649840298824	0.7126934414148858	gex>0	7861	44349176	44350313
ZNF2	chr2	95165432	95184317	+	95165788	95165838	47.909391759277106	0.8559322033898306	gex>0	18886	95174874	95165813
ME1	chr6	83210402	83431051	-	83431021	83431071	85.82364461591659	0.8966470154753132	gex>0	220650	83320726	83431046
TAF5	chr10	103367966	103389065	+	103367966	103368016	31.2348090707423	0.82753009088676	gex>0	21100	103378515	103367991
BET1L	chr11	167784	207399	-	207378	207428	36.088217864811504	0.8372021616310489	gex>0	39616	187591	207403
UBE2R2	chr9	33817160	33920399	+	33817566	33817616	0.480535524165267	0.6075288626873004	gex>0	103240	33868779	33817591
C7orf50	chr7	996986	1138260	-	1138207	1138260	205.621150790318	0.9459899287644312	gex>0	141275	1067623	1138233
DPCD	chr10	101570560	101609662	+	101588287	101588337	314.55855411858397	0.9642901007123555	gex>0	39103	101590111	101588312
KIR3DL2	chr19	54864015	54880809	+	54850442	54850509	1.05717815316359	0.6474453451240482	gex>0	16795	54872412	54850475
SUMO1	chr2	202206182	202238599	-	202238558	202238608	1896.96203519481	0.9965610415131416	gex>0	32418	202222390	202238583
TMCC1	chr3	129647792	129893711	-	129893369	129893419	0.480535524165267	0.6075288626873004	gex>0	245920	129770751	129893394
PDLIM4	chr5	132257696	132273454	+	132257670	132257745	2.1143563063271698	0.680545320560059	gex>0	15759	132265575	132257707
ZBTB24	chr6	109462594	109483219	-	109483187	109483237	23.1618122647658	0.8089535740604274	gex>0	20626	109472906	109483212
CD59	chr11	33703010	33736479	-	33722677	33722727	0.480535524165267	0.6075288626873004	gex>0	33470	33719744	33722702
OSTF1	chr9	75088514	75147265	+	75088542	75088592	44.978125061869	0.8518177352001965	gex>0	58752	75117889	75088567
TUBB	chr6	30764859	30770084	+	30720200	30721716	1.05717815316359	0.6474453451240482	gex>0	5226	30767471	30720958
ZNF302	chr19	34677639	34686397	+	34677661	34677751	161.700203881612	0.932602554654876	gex>0	8759	34682018	34677706
MARCHF3	chr5	126867714	127030558	-	126918178	126918228	1.05717815316359	0.6474453451240482	gex>0	162845	126949136	126918203
NOTCH1	chr9	136494433	136546048	-	136545812	136545862	1.05717815316359	0.6474453451240482	gex>0	51616	136520240	136545837
RHOG	chr11	3826978	3840959	-	3840792	3840842	5.38199787065099	0.7278002947678703	gex>0	13982	3833968	3840817
ZNF346	chr5	177022696	177081189	+	177022903	177022913	4.03649840298824	0.7126934414148858	gex>0	58494	177051942	177022908
NCKIPSD	chr3	48673844	48686364	-	48685877	48685927	74.00247072145109	0.8859002702038811	gex>0	12521	48680104	48685902
CDC23	chr5	138187650	138213343	-	138213254	138213304	1.63382078216191	0.6671579464505035	gex>0	25694	138200496	138213279
MGMT	chr10	129467190	129770983	+	129467228	129467278	1.63382078216191	0.6671579464505035	gex>0	303794	129619086	129467253
USP8	chr15	50424380	50514421	+	50424379	50424429	490.050127543739	0.9782608695652174	gex>0	90042	50469400	50424404
ABCB4	chr7	87401696	87480435	-	87475689	87475739	6.63139023348068	0.7379943502824858	gex>0	78740	87441065	87475714
UCK1	chr9	131523801	131531264	-	131531209	131531259	4.90146234648572	0.7233787767133383	gex>0	7464	131527532	131531234
ARHGEF17	chr11	73308276	73369388	+	73308288	73308338	0.480535524165267	0.6075288626873004	gex>0	61113	73338832	73308313
GPR18	chr13	99254732	99261744	-	99258378	99258428	67.2749733831373	0.8791451731761238	gex>0	7013	99258238	99258403
RRBP1	chr20	17613678	17682295	-	17682233	17682283	128.206877847293	0.920566199950872	gex>0	68618	17647986	17682258
CNGA4	chr11	6234765	6244479	+	6234764	6234814	0.480535524165267	0.6075288626873004	gex>0	9715	6239622	6234789
TET3	chr2	73984910	74108176	+	74002712	74002762	3.07542735465771	0.7000736919675755	gex>0	123267	74046543	74002737
NOA1	chr4	56963350	56977606	-	56978773	56978823	2.1143563063271698	0.680545320560059	gex>0	14257	56970478	56978798
HAPLN3	chr15	88877294	88895597	-	88895547	88895626	7.88078259631037	0.7467759764185704	gex>0	18304	88886445	88895586
DNAJB5	chr9	34989641	34998900	+	34989693	34989743	15.7615651926207	0.7861704740849914	gex>0	9260	34994270	34989718
COPG2	chr7	130506238	130668748	-	130668698	130668748	59.8747263109922	0.8707013018914271	gex>0	162511	130587493	130668723
CRIP3	chr6	43299710	43308826	-	43306445	43306461	1.05717815316359	0.6474453451240482	gex>0	9117	43304268	43306453
DNAJC21	chr5	34929559	34958964	+	34936203	34936253	10.956209950968098	0.7655367231638418	gex>0	29406	34944261	34936228
ZFP36	chr19	39406847	39409412	+	39406812	39406862	434.6924351599	0.9748833210513388	gex>0	2566	39408129	39406837
SNX16	chr8	81799581	81842866	-	81842236	81842286	3.07542735465771	0.7000736919675755	gex>0	43286	81821223	81842261
THAP8	chr19	36034984	36054739	-	36054712	36054762	0.480535524165267	0.6075288626873004	gex>0	19756	36044861	36054737
SET	chr9	128683424	128696400	+	128689986	128690026	1.63382078216191	0.6671579464505035	gex>0	12977	128689912	128690006
EMC3	chr3	9962682	10011202	-	9986788	9986838	204.371758427488	0.9456828788995332	gex>0	48521	9986942	9986813
VPS29	chr12	110491083	110502111	-	110499496	110499546	0.480535524165267	0.6075288626873004	gex>0	11029	110496597	110499521
TENT2	chr5	79612120	79688246	+	79656880	79656930	2.59489183049244	0.6914455907639401	gex>0	76127	79650183	79656905
RPL3	chr22	39312882	39320389	-	39320339	39320389	2.59489183049244	0.6914455907639401	gex>0	7508	39316635	39320364
MOCS2	chr5	53095679	53110063	-	53109728	53109778	39.692234296051005	0.8430975190370916	gex>0	14385	53102871	53109753
SLC19A1	chr21	45493572	45573365	-	45542421	45542471	32.8686298529042	0.831337509211496	gex>0	79794	45533468	45542446
SFI1	chr22	31488688	31618588	+	31496463	31496513	18.356457023113197	0.7952284450994842	gex>0	129901	31553638	31496488
POP5	chr12	120578764	120581402	-	120581348	120581398	43.152090070040906	0.8489621714566445	gex>0	2639	120580083	120581373
PRRT2	chr16	29811382	29815892	+	29811381	29812240	0.480535524165267	0.6075288626873004	gex>0	4511	29813637	29811810
SLC25A4	chr4	185143266	185150382	+	185143240	185143290	25.18006146626	0.8138970768852861	gex>0	7117	185146824	185143265
DHRS7B	chr17	21123364	21193265	+	21126946	21126991	182.60349918280104	0.9395111766150824	gex>0	69902	21158314	21126968
GET1	chr21	39377698	39428528	+	39387764	39387814	5.38199787065099	0.7278002947678703	gex>0	50831	39403113	39387789
CFAP299	chr4	80335730	80963750	+	80335742	80335818	1.05717815316359	0.6474453451240482	gex>0	628021	80649740	80335780
SRD5A1	chr5	6633427	6674386	+	6633426	6633476	30.658166441743997	0.8260255465487595	gex>0	40960	6653906	6633451
NOL3	chr16	67170154	67175735	+	67170153	67170201	0.480535524165267	0.6075288626873004	gex>0	5582	67172944	67170177
UBA3	chr3	69054730	69080408	-	69077336	69077356	0.480535524165267	0.6075288626873004	gex>0	25679	69067569	69077346
ZBTB2	chr6	151364115	151391559	-	151391498	151391548	0.480535524165267	0.6075288626873004	gex>0	27445	151377837	151391523
INPP5K	chr17	1494577	1516742	-	1516685	1516735	2.59489183049244	0.6914455907639401	gex>0	22166	1505659	1516710
CEP290	chr12	88049016	88142099	-	88142027	88142077	33.8297009012348	0.8331183984279047	gex>0	93084	88095557	88142052
ZNF837	chr19	58367618	58381030	-	58381010	58381060	0.480535524165267	0.6075288626873004	gex>0	13413	58374324	58381035
FAAP24	chr19	32972209	32978229	+	32972220	32972299	122.104076690394	0.917557111274871	gex>0	6021	32975219	32972259
C4orf33	chr4	129093317	129116640	+	129096128	129096178	92.4550348493973	0.9015291083271924	gex>0	23324	129104978	129096153
BHLHE40	chr3	4979437	4985323	+	4979436	4979486	512.539190074673	0.97942765905183	gex>0	5887	4982380	4979461
MMP24OS	chr20	35201745	35278131	-	35278079	35278131	24.411204627595502	0.8121468926553672	gex>0	76387	35239938	35278105
TMEM45A	chr3	100492619	100577444	+	100519238	100519288	0.480535524165267	0.6075288626873004	gex>0	84826	100535031	100519263
C16orf54	chr16	29742463	29745990	-	29745956	29746006	17.5876001844488	0.7928948661262589	gex>0	3528	29744226	29745981
ABHD4	chr14	22598290	22612963	+	22598289	22598329	19.029206756944603	0.7976541390321789	gex>0	14674	22605626	22598309
KIF13B	chr8	29067278	29263124	-	29263047	29263097	15.7615651926207	0.7861704740849914	gex>0	195847	29165201	29263072
ACAD10	chr12	111686053	111757107	+	111686055	111686105	45.7469819005334	0.8532301645787276	gex>0	71055	111721580	111686080
MEF2C	chr5	88717117	88904257	-	88785492	88785542	10.956209950968098	0.7655367231638418	gex>0	187141	88810687	88785517
MS4A1	chr11	60455846	60470752	+	60455845	60455908	2216.4220516598803	0.9973593711618768	gex>0	14907	60463299	60455876
CDK5RAP1	chr20	33358839	33401561	-	33401511	33401561	256.029327275254	0.95569270449521	gex>0	42723	33380200	33401536
KIAA0100	chr17	28614446	28645454	-	28633603	28633653	0.480535524165267	0.6075288626873004	gex>0	31009	28629950	28633628
PNKP	chr19	49859882	49878351	-	49867538	49867588	7.88078259631037	0.7467759764185704	gex>0	18470	49869116	49867563
SAMM50	chr22	43955442	44010531	+	43955420	43955470	35.1752003688975	0.8353291574551707	gex>0	55090	43982986	43955445
KLK1	chr19	50819146	50823787	-	50820799	50820849	56.2226563273362	0.8668324735937116	gex>0	4642	50821466	50820824
P2RX5-TAX1BP3	chr17	3663063	3696194	-	3696144	3696194	2.1143563063271698	0.680545320560059	gex>0	33132	3679628	3696169
SPAG16	chr2	213284389	214410501	+	213284415	213284465	47.092481368196104	0.8551338737410955	gex>0	1126113	213847445	213284440
MRPS12	chr19	38930944	38933168	+	38930953	38931003	217.87480665653197	0.9485998526160648	gex>0	2225	38932056	38930978
EIF2AK4	chr15	39934115	40035591	+	40030392	40030442	2.59489183049244	0.6914455907639401	gex>0	101477	39984853	40030417
VPS54	chr2	63892146	64019428	-	64019022	64019072	4.03649840298824	0.7126934414148858	gex>0	127283	63955787	64019047
MCM5	chr22	35400134	35425431	+	35400136	35400186	718.9772512560719	0.986858265782363	gex>0	25298	35412782	35400161
ABHD14A-ACY1	chr3	51974706	51989183	+	51975049	51975099	27.6307926395028	0.8197924342913289	gex>0	14478	51981944	51975074
MRPS28	chr8	79918717	80030289	-	80030239	80030289	151.176475902393	0.9289179562760992	gex>0	111573	79974503	80030264
ACP2	chr11	47239302	47248906	-	47248790	47248840	51.2250868760174	0.8603230164578728	gex>0	9605	47244104	47248815
CGGBP1	chr3	88051944	88149885	-	88057259	88057309	0.480535524165267	0.6075288626873004	gex>0	97942	88100914	88057284
PRICKLE2	chr3	64092236	64445476	-	64225405	64445476	1.63382078216191	0.6671579464505035	gex>0	353241	64268856	64335440
LITAF	chr16	11547722	11636381	-	11586323	11586373	8.16910391080953	0.749048145418816	gex>0	88660	11592051	11586348
ANKZF1	chr2	219229783	219236679	+	219229805	219229855	454.778820070008	0.9762957504298698	gex>0	6897	219233231	219229830
ZNF646	chr16	31074422	31084196	+	31074421	31074471	19.029206756944603	0.7976541390321789	gex>0	9775	31079309	31074446
KTN1	chr14	55559072	55701526	+	55661248	55661298	0.480535524165267	0.6075288626873004	gex>0	142455	55630299	55661273
MARCKS	chr6	113857345	113863475	+	113857361	113857411	1653.52273865268	0.9958241218373864	gex>0	6131	113860410	113857386
LPIN2	chr18	2916994	3013144	-	2982823	2982873	7.400247072145111	0.7441660525669369	gex>0	96151	2965069	2982848
PLA2G6	chr22	38111495	38214778	-	38143164	38143214	0.480535524165267	0.6075288626873004	gex>0	103284	38163136	38143189
SSNA1	chr9	137188660	137190370	+	137188646	137188696	66.8905449638051	0.8785310734463276	gex>0	1711	137189515	137188671
CDK8	chr13	26254104	26405238	+	26254103	26254188	10.1873531123037	0.761545074920167	gex>0	151135	26329671	26254145
TTC33	chr5	40512333	40755963	-	40755925	40755975	233.732478953986	0.9519774011299436	gex>0	243631	40634148	40755950
POLR2H	chr3	184361710	184368596	+	184362442	184362492	0.480535524165267	0.6075288626873004	gex>0	6887	184365153	184362467
CWC25	chr17	38601221	38626268	-	38810545	38810595	1.63382078216191	0.6671579464505035	gex>0	25048	38613744	38810570
PPM1D	chr17	60600193	60666280	+	60600182	60600232	64.5839744478118	0.8757676246622451	gex>0	66088	60633236	60600207
MRPL53	chr2	74471982	74472687	-	74472637	74472687	63.7190105043143	0.8747543601080816	gex>0	706	74472334	74472662
SKP2	chr5	36151989	36196849	+	36152066	36152136	345.26477411274396	0.9677904691721936	gex>0	44861	36174419	36152101
MEA1	chr6	43011143	43016868	-	43013918	43013968	56.895406061167606	0.8676000982559567	gex>0	5726	43014005	43013943
FAM219B	chr15	74899992	74906883	-	74906787	74906842	23.546240684098105	0.8100589535740604	gex>0	6892	74903437	74906814
MYL5	chr4	673580	682033	+	674502	674552	9.03406785430701	0.754267993122083	gex>0	8454	677806	674527
TIRAP	chr11	126283065	126298845	+	126283064	126283114	16.145993611953003	0.7876136084500123	gex>0	15781	126290955	126283089
MOB2	chr11	1469457	1501247	-	1480835	1486746	2.1143563063271698	0.680545320560059	gex>0	31791	1485352	1483790
PCGF1	chr2	74505043	74507695	-	74507367	74507417	81.21050358393009	0.892563252272169	gex>0	2653	74506369	74507392
PGP	chr16	2211593	2214840	-	2213849	2213899	1.63382078216191	0.6671579464505035	gex>0	3248	2213216	2213874
AP3B1	chr5	78002326	78294698	-	78294642	78294755	150.263458406479	0.928641611397691	gex>0	292373	78148512	78294698
NAGA	chr22	42058334	42070842	-	42070780	42070830	150.263458406479	0.928641611397691	gex>0	12509	42064588	42070805
PTCD3	chr2	86106223	86142157	+	86106222	86106272	1027.86548618951	0.9914026037828544	gex>0	35935	86124190	86106247
GTF3A	chr13	27424619	27435823	+	27424637	27424687	87.88994736982728	0.898427904691722	gex>0	11205	27430221	27424662
RNASEH2A	chr19	12806584	12813640	+	12806591	12806641	19.5097422811098	0.7990358634242201	gex>0	7057	12810112	12806616
SPATC1L	chr21	46161148	46184476	-	46184426	46184476	181.161892610306	0.9391427167772046	gex>0	23329	46172812	46184451
ZFYVE28	chr4	2269582	2418651	-	2418601	2418663	1.05717815316359	0.6474453451240482	gex>0	149070	2344116	2418632
LDHB	chr12	21635342	21757857	-	21657792	21657842	397.114557170176	0.9723655121591748	gex>0	122516	21696599	21657817
TUBB4B	chr9	137241287	137243707	+	137241287	137241337	27.6307926395028	0.8197924342913289	gex>0	2421	137242497	137241312
RHEBL1	chr12	49064676	49070025	-	49069975	49070025	4.03649840298824	0.7126934414148858	gex>0	5350	49067350	49070000
DNAJC14	chr12	55820960	55830824	-	55830731	55830824	16.9148504506174	0.7901621223286662	gex>0	9865	55825892	55830777
SERPINB2	chr18	63871692	63903888	+	63887699	63887754	112.973901731254	0.9131970031933186	gex>0	32197	63887790	63887726
ZNF215	chr11	6926404	7001004	+	6926403	6926472	5.38199787065099	0.7278002947678703	gex>0	74601	6963704	6926437
FAM168A	chr11	73400487	73598189	-	73598048	73598098	28.447703030583803	0.8215733235077377	gex>0	197703	73499338	73598073
C12orf43	chr12	121000486	121016502	-	121016452	121016502	176.45264447348598	0.9374846475067552	gex>0	16017	121008494	121016477
OGA	chr10	101784443	101818465	-	101797979	101798017	7.111925757645951	0.7413104888233849	gex>0	34023	101801454	101797998
IFNG	chr12	68154768	68159740	-	68159697	68159747	0.480535524165267	0.6075288626873004	gex>0	4973	68157254	68159722
ARFGAP1	chr20	63272785	63289790	+	63287655	63287705	0.480535524165267	0.6075288626873004	gex>0	17006	63281287	63287680
ARGLU1	chr13	106541673	106568137	-	106567573	106567623	25.18006146626	0.8138970768852861	gex>0	26465	106554905	106567598
MLF1	chr3	158571163	158607252	+	158571183	158571233	8.16910391080953	0.749048145418816	gex>0	36090	158589207	158571208
MTHFD1L	chr6	150865679	151101887	+	150865678	150865728	3.5559628788229705	0.706951608941292	gex>0	236209	150983783	150865703
ZBTB25	chr14	64449106	64505213	-	64503795	64503845	189.04267520661597	0.9415991156963892	gex>0	56108	64477159	64503820
EPS8L2	chr11	694438	727727	+	706200	706250	6.24696181414847	0.734647506755097	gex>0	33290	711082	706225
INPP5F	chr10	119726042	119829147	+	119726096	119726146	6.63139023348068	0.7379943502824858	gex>0	103106	119777594	119726121
C16orf91	chr16	1419752	1420756	-	1420706	1420756	61.6046541979872	0.8722672562024073	gex>0	1005	1420254	1420731
ZNF417	chr19	57900296	57916610	-	57916559	57916609	18.6447783376123	0.7962417096536477	gex>0	16315	57908453	57916584
PERP	chr6	138088505	138107419	-	138107461	138107511	13.0705662572953	0.7752702038811103	gex>0	18915	138097962	138107486
TRMT44	chr4	8436140	8493531	+	8436139	8436189	0.480535524165267	0.6075288626873004	gex>0	57392	8464835	8436164
ANXA5	chr4	121667946	121696995	-	121696945	121696995	1205.18309460649	0.9931834929992632	gex>0	29050	121682470	121696970
CBX2	chr17	79778148	79787983	+	79778131	79778243	2.59489183049244	0.6914455907639401	gex>0	9836	79783065	79778187
CWF19L1	chr10	100232298	100267680	-	100267617	100267680	207.303025124896	0.9462969786293294	gex>0	35383	100249989	100267648
CEP72	chr5	614020	626253	+	653025	653075	1.05717815316359	0.6474453451240482	gex>0	12234	620136	653050
GNAS	chr20	58839718	58911192	+	58891715	58891809	101.489102703704	0.9071481208548268	gex>0	71475	58875455	58891762
CDKN2D	chr19	10566460	10569059	-	10569009	10569059	0.480535524165267	0.6075288626873004	gex>0	2600	10567759	10569034
CCDC14	chr3	123897305	123961408	-	123949263	123949313	3.5559628788229705	0.706951608941292	gex>0	64104	123929356	123949288
HDHD5	chr22	17137511	17165287	-	17159227	17159277	156.36625956337798	0.931036600343896	gex>0	27777	17151399	17159252
GLIPR2	chr9	36136536	36163913	+	36136744	36136791	0.480535524165267	0.6075288626873004	gex>0	27378	36150224	36136767
AP5M1	chr14	57268924	57298742	+	57269025	57269075	694.758260838142	0.9861827560795872	gex>0	29819	57283833	57269050
CD27	chr12	6444955	6451718	+	6444866	6444916	19.029206756944603	0.7976541390321789	gex>0	6764	6448336	6444891
VIT	chr2	36696690	36814794	+	36696804	36696875	0.480535524165267	0.6075288626873004	gex>0	118105	36755742	36696839
NCOA6	chr20	34689097	34825651	-	34749532	34749582	0.480535524165267	0.6075288626873004	gex>0	136555	34757374	34749557
ZDBF2	chr2	206274663	206314427	+	206274662	206274712	8.553532330141751	0.7515045443380005	gex>0	39765	206294545	206274687
NUCB1	chr19	48900312	48923372	+	48900319	48900372	342.814042939501	0.9674834193072956	gex>0	23061	48911842	48900345
FAM102A	chr9	127940582	127980989	-	127948109	127948159	0.480535524165267	0.6075288626873004	gex>0	40408	127960785	127948134
ZKSCAN2	chr16	25236001	25257845	-	25257881	25257931	0.480535524165267	0.6075288626873004	gex>0	21845	25246923	25257906
RAB5A	chr3	19947097	19985175	+	19947378	19947428	8.553532330141751	0.7515045443380005	gex>0	38079	19966136	19947403
SEC24B	chr4	109433772	109540896	+	109433812	109433862	46.80416005369701	0.8546425939572586	gex>0	107125	109487334	109433837
EIF4G1	chr3	184314495	184335358	+	184320312	184320362	0.480535524165267	0.6075288626873004	gex>0	20864	184324926	184320337
CXCL12	chr10	44370165	44386493	-	44385047	44385097	1.63382078216191	0.6671579464505035	gex>0	16329	44378329	44385072
PAPSS1	chr4	107590276	107720234	-	107719973	107720023	5.86253339481625	0.7314541881601572	gex>0	129959	107655255	107719998
SUMO3	chr21	44805617	44818779	-	44818055	44818105	23.8345619985972	0.810918693195775	gex>0	13163	44812198	44818080
TRMT9B	chr8	12945642	13031503	+	12951331	12951381	1.05717815316359	0.6474453451240482	gex>0	85862	12988572	12951356
GGA3	chr17	75236599	75262363	-	75261573	75261623	159.297526260786	0.9317735200196512	gex>0	25765	75249481	75261598
UBE2G1	chr17	4269259	4366675	-	4366578	4366628	4.51703392715351	0.7182510439695406	gex>0	97417	4317967	4366603
HNRNPDL	chr4	82422565	82430462	-	82430358	82430408	7.111925757645951	0.7413104888233849	gex>0	7898	82426513	82430383
GPSM3	chr6	32139234	32143991	-	32192856	32192906	199.90277805275105	0.9444853844264308	gex>0	4758	32141612	32192881
DYRK1B	chr19	39825350	39834201	-	39831817	39831867	1.63382078216191	0.6671579464505035	gex>0	8852	39829775	39831842
NCAPG	chr4	17810979	17844865	+	17811021	17811071	15.4732438781216	0.7847887496929501	gex>0	33887	17827922	17811046
RAP2A	chr13	97434169	97469128	+	97434470	97434520	0.480535524165267	0.6075288626873004	gex>0	34960	97451648	97434495
HMHB1	chr5	143812161	143820716	+	143812160	143812210	3.07542735465771	0.7000736919675755	gex>0	8556	143816438	143812185
ODF3B	chr22	50529710	50532506	-	50532529	50532579	1.63382078216191	0.6671579464505035	gex>0	2797	50531108	50532554
TMEM260	chr14	56488354	56650606	+	56579792	56579842	33.349165377069504	0.8323200687791698	gex>0	162253	56569480	56579817
OSBPL11	chr3	125528858	125595497	-	125595040	125595090	0.480535524165267	0.6075288626873004	gex>0	66640	125562177	125595065
EIF2B4	chr2	27364352	27370338	-	27370284	27370334	78.90393306793679	0.8903217882584131	gex>0	5987	27367345	27370309
GOSR1	chr17	30477362	30527592	+	30477416	30477464	393.750808501019	0.9721198722672562	gex>0	50231	30502477	30477440
WBP2NL	chr22	41998725	42058456	+	41998771	41998821	8.553532330141751	0.7515045443380005	gex>0	59732	42028590	41998796
UGCG	chr9	111896814	111935369	+	111897176	111897250	0.480535524165267	0.6075288626873004	gex>0	38556	111916091	111897213
CHURC1-FNTB	chr14	64914485	65061803	+	64914484	64914534	2.59489183049244	0.6914455907639401	gex>0	147319	64988144	64914509
RPL14	chr3	40457292	40468587	+	40457931	40457981	0.480535524165267	0.6075288626873004	gex>0	11296	40462939	40457956
AGBL5	chr2	27042364	27070622	+	27051645	27051695	36.088217864811504	0.8372021616310489	gex>0	28259	27056493	27051670
MCM4	chr8	47960185	47978160	+	47960935	47960985	1071.40200467888	0.991771063620732	gex>0	17976	47969172	47960960
LIG1	chr19	48115445	48170603	-	48170294	48170344	160.594972176032	0.9323262097764676	gex>0	55159	48143024	48170319
PLRG1	chr4	154535005	154550400	-	154550385	154550435	532.913896299281	0.9804102186195038	gex>0	15396	154542702	154550410
ENDOG	chr9	128818500	128822676	+	128818473	128818523	59.8747263109922	0.8707013018914271	gex>0	4177	128820588	128818498
LGALS14	chr19	39704481	39709444	+	39704480	39704530	3.07542735465771	0.7000736919675755	gex>0	4964	39706962	39704505
RNF121	chr11	71929018	71997597	+	71929026	71929076	241.805475759962	0.953481945467944	gex>0	68580	71963307	71929051
MRPL1	chr4	77862830	77952785	+	77862829	77862879	99.5669606070432	0.9059199213952346	gex>0	89956	77907807	77862854
IMMT	chr2	86143932	86195472	-	86195414	86195464	168.956290296508	0.9348747236551216	gex>0	51541	86169702	86195439
BRPF3	chr6	36196744	36232790	+	36197395	36197445	6.63139023348068	0.7379943502824858	gex>0	36047	36214767	36197420
ACTR1B	chr2	97655939	97664044	-	97664057	97664107	2.1143563063271698	0.680545320560059	gex>0	8106	97659991	97664082
CTTN	chr11	70403871	70442051	+	70429121	70429171	2.1143563063271698	0.680545320560059	gex>0	38181	70422961	70429146
DCBLD1	chr6	117453817	117569858	+	117538774	117538824	0.480535524165267	0.6075288626873004	gex>0	116042	117511837	117538799
EMILIN2	chr18	2847006	2916003	+	2906214	2906264	2.1143563063271698	0.680545320560059	gex>0	68998	2881504	2906239
ZNF721	chr4	425815	499156	-	474092	474142	48.5340879406919	0.8568226479980349	gex>0	73342	462485	474117
SRPRB	chr3	133784023	133825772	+	133806552	133806602	0.480535524165267	0.6075288626873004	gex>0	41750	133804897	133806577
NUCB2	chr11	17208153	17349980	+	17276730	17276780	77.1740051809418	0.8885101940555146	gex>0	141828	17279066	17276755
LRRC58	chr3	120324509	120349354	-	120349289	120349339	47.47690978752829	0.8555023335789732	gex>0	24846	120336931	120349314
AKR1B15	chr7	134549110	134579875	+	134549135	134564837	1.05717815316359	0.6474453451240482	gex>0	30766	134564492	134556986
NEPRO	chr3	113002444	113019861	-	113019656	113019706	126.573057065131	0.9197985752886269	gex>0	17418	113011152	113019681
PAK1IP1	chr6	10694972	10709782	+	10694694	10694744	0.480535524165267	0.6075288626873004	gex>0	14811	10702377	10694719
ATXN1L	chr16	71808439	71885268	+	71845990	71846040	11.773120342049	0.7695590763940063	gex>0	76830	71846853	71846015
PRR22	chr19	5782960	5784746	-	5784549	5784599	0.480535524165267	0.6075288626873004	gex>0	1787	5783853	5784574
EXPH5	chr11	108505435	108593768	-	108593722	108593738	1.05717815316359	0.6474453451240482	gex>0	88334	108549601	108593730
USP37	chr2	218450251	218568351	-	218568311	218568361	19.5097422811098	0.7990358634242201	gex>0	118101	218509301	218568336
CCDC138	chr2	108786757	108885477	+	108786756	108786810	63.7190105043143	0.8747543601080816	gex>0	98721	108836117	108786783
PPM1A	chr14	60245752	60299087	+	60249659	60249677	0.480535524165267	0.6075288626873004	gex>0	53336	60272419	60249668
RAB18	chr10	27504174	27543207	+	27504298	27504348	291.156474091735	0.9612810120363549	gex>0	39034	27523690	27504323
RNF31	chr14	24146682	24160659	+	24146874	24146907	4.90146234648572	0.7233787767133383	gex>0	13978	24153670	24146890
CLC	chr19	39731255	39738029	-	39737978	39738028	1.05717815316359	0.6474453451240482	gex>0	6775	39734642	39738003
SERPINH1	chr11	75562056	75572783	+	75562826	75562876	39.0194845622196	0.8416850896585606	gex>0	10728	75567419	75562851
CCDC142	chr2	74471986	74483408	-	74482946	74482996	4.51703392715351	0.7182510439695406	gex>0	11423	74477697	74482971
CLEC2B	chr12	9852369	9869386	-	9869336	9869386	31.523130385241497	0.8282056005895357	gex>0	17018	9860877	9869361
CCDC71L	chr7	106654360	106661158	-	106660946	106660996	1.63382078216191	0.6671579464505035	gex>0	6799	106657759	106660971
POLR1H	chr6	30054063	30060065	+	30061253	30061312	15.0888154587894	0.7833456153279292	gex>0	6003	30057064	30061282
SMIM27	chr9	32551144	32568621	+	32552328	32552378	79.38446859210201	0.8909972979611889	gex>0	17478	32559882	32552353
ZNF175	chr19	51571283	51592510	+	51581367	51581417	0.480535524165267	0.6075288626873004	gex>0	21228	51581896	51581392
PITRM1	chr10	3137728	3172841	-	3172757	3172807	28.447703030583803	0.8215733235077377	gex>0	35114	3155284	3172782
CORO7-PAM16	chr16	4340251	4420494	-	4359303	4359353	1.05717815316359	0.6474453451240482	gex>0	80244	4380372	4359328
COQ4	chr9	128322544	128334072	+	128322851	128322901	3.5559628788229705	0.706951608941292	gex>0	11529	128328308	128322876
DPP4	chr2	161992245	162074394	-	162074007	162074542	28.928238554748997	0.822617293048391	gex>0	82150	162033319	162074274
ETV6	chr12	11649674	11895377	+	11649943	11649993	21.1435630632717	0.8037337263571604	gex>0	245704	11772525	11649968
GDPD1	chr17	59220467	59275970	+	59220529	59220579	2.59489183049244	0.6914455907639401	gex>0	55504	59248218	59220554
POLR3E	chr16	22297375	22335101	+	22297408	22297458	53.2433360775115	0.8629022353230165	gex>0	37727	22316238	22297433
GAMT	chr19	1397026	1401570	-	1401520	1401570	15.7615651926207	0.7861704740849914	gex>0	4545	1399298	1401545
GLDC	chr9	6532467	6645729	-	6605222	6605272	19.029206756944603	0.7976541390321789	gex>0	113263	6589098	6605247
SREK1IP1	chr5	64718148	64768691	-	64768599	64768685	155.597402724713	0.9307909604519774	gex>0	50544	64743419	64768642
FKBP8	chr19	18531751	18544077	-	18543527	18543577	485.677254273835	0.9780459346597888	gex>0	12327	18537914	18543552
CES3	chr16	66961245	66975149	+	66961244	66961294	3.5559628788229705	0.706951608941292	gex>0	13905	66968197	66961269
LIPH	chr3	185506262	185552588	-	185552563	185552613	15.4732438781216	0.7847887496929501	gex>0	46327	185529425	185552588
TCN2	chr22	30607003	30627271	+	30607151	30607201	51.9939437146818	0.8611520510930976	gex>0	20269	30617137	30607176
ARNTL2	chr12	27332836	27425289	+	27368294	27368344	1.05717815316359	0.6474453451240482	gex>0	92454	27379062	27368319
ATXN1	chr6	16299112	16761491	-	16761440	16761491	215.95266455987095	0.948077867845738	gex>0	462380	16530301	16761465
C18orf25	chr18	46173553	46266992	+	46174026	46174076	51.705622400182705	0.86075288626873	gex>0	93440	46220272	46174051
ALKBH3	chr11	43880811	43920274	+	43918803	43918853	0.480535524165267	0.6075288626873004	gex>0	39464	43900542	43918828
DBP	chr19	48630030	48637379	-	48637313	48637363	18.356457023113197	0.7952284450994842	gex>0	7350	48633704	48637338
IL17RC	chr3	9917074	9933630	+	9917097	9917147	0.480535524165267	0.6075288626873004	gex>0	16557	9925352	9917122
PTAR1	chr9	69709522	69760011	-	69759909	69759959	66.12168812514071	0.8776099238516335	gex>0	50490	69734766	69759934
ATP5F1D	chr19	1241746	1244825	+	1241745	1241795	35.5596287882297	0.8360353721444362	gex>0	3080	1243285	1241770
RWDD2A	chr6	83193357	83198935	+	83193378	83193428	2.1143563063271698	0.680545320560059	gex>0	5579	83196146	83193403
TLR10	chr4	38772238	38782990	-	38782940	38782990	196.154600964262	0.9436256448047164	gex>0	10753	38777614	38782965
CCSER1	chr4	90127394	91605295	+	90127534	90127584	0.480535524165267	0.6075288626873004	gex>0	1477902	90866344	90127559
GMDS	chr6	1623806	2245605	-	1960859	1960909	0.480535524165267	0.6075288626873004	gex>0	621800	1934705	1960884
CPM	chr12	68842197	68971570	-	68933152	68933202	17.2992788699496	0.7915745517071973	gex>0	129374	68906883	68933177
TSC2	chr16	2047967	2089491	+	2047988	2048038	34.214129320567004	0.833701793171211	gex>0	41525	2068729	2048013
GPR19	chr12	12660890	12696207	-	12696157	12696207	9.80292469297144	0.7593650208793908	gex>0	35318	12678548	12696182
SERINC3	chr20	44496221	44522085	-	44522035	44522085	585.292268433295	0.9824981577008106	gex>0	25865	44509153	44522060
WHRN	chr9	114402080	114505473	-	114505400	114505450	9.03406785430701	0.754267993122083	gex>0	103394	114453776	114505425
ZNF324B	chr19	58451611	58457833	+	58451603	58451653	11.3406383703003	0.767563252272169	gex>0	6223	58454722	58451628
ADGRG5	chr16	57542643	57591681	+	57542654	57542701	10.5717815316359	0.7635101940555146	gex>0	49039	57567162	57542677
GTPBP4	chr10	988434	1019932	+	1005837	1005887	5.86253339481625	0.7314541881601572	gex>0	31499	1004183	1005862
PNMA2	chr8	26504701	26514092	-	26513833	26513900	0.480535524165267	0.6075288626873004	gex>0	9392	26509396	26513866
GNPTG	chr16	1351931	1365737	+	1351922	1351980	8.553532330141751	0.7515045443380005	gex>0	13807	1358834	1351951
HNRNPL	chr19	38836370	38852347	-	38842278	38842328	13.8394230959597	0.7784021125030705	gex>0	15978	38844358	38842303
SUPT3H	chr6	44809317	45377953	-	45377883	45377933	12.3017094186308	0.7714627855563744	gex>0	568637	45093635	45377908
LIMD2	chr17	63695888	63701172	-	63701122	63701172	3.07542735465771	0.7000736919675755	gex>0	5285	63698530	63701147
PEX3	chr6	143450805	143490616	+	143450806	143450856	10.5717815316359	0.7635101940555146	gex>0	39812	143470710	143450831
TMEM147	chr19	35545600	35547526	+	35545629	35545679	148.5815840719	0.928181036600344	gex>0	1927	35546563	35545654
AIG1	chr6	143060496	143341058	+	143060495	143060545	0.480535524165267	0.6075288626873004	gex>0	280563	143200777	143060520
EXOC1	chr4	55853648	55905086	+	55853738	55853788	33.8297009012348	0.8331183984279047	gex>0	51439	55879367	55853763
PKN1	chr19	14433053	14471867	+	14433052	14433102	0.480535524165267	0.6075288626873004	gex>0	38815	14452460	14433077
EIF2B2	chr14	75002921	75012366	+	75005904	75005954	2.1143563063271698	0.680545320560059	gex>0	9446	75007643	75005929
UBE2J1	chr6	89326625	89352722	-	89352798	89352848	7.88078259631037	0.7467759764185704	gex>0	26098	89339673	89352823
RAP1GDS1	chr4	98261384	98443858	+	98261433	98261500	23.546240684098105	0.8100589535740604	gex>0	182475	98352621	98261466
MRPS24	chr7	43866558	43869893	-	43869467	43869517	30.658166441743997	0.8260255465487595	gex>0	3336	43868225	43869492
STARD13	chr13	33103137	33350630	-	33285686	33285755	0.480535524165267	0.6075288626873004	gex>0	247494	33226883	33285720
MX2	chr21	41361999	41409393	+	41361998	41370563	86.06391237799922	0.8969233603537214	gex>0	47395	41385696	41366280
ITPR3	chr6	33620365	33696574	+	33621378	33621428	2.1143563063271698	0.680545320560059	gex>0	76210	33658469	33621403
TMEM70	chr8	73972437	73982783	+	73976194	73976244	76.4051483422774	0.8879575042986981	gex>0	10347	73977610	73976219
TMEM18	chr2	663877	677406	-	677389	677439	144.929514088244	0.926922132154262	gex>0	13530	670641	677414
FBH1	chr10	5890203	5937594	+	5890230	5890280	65.8333668106415	0.8772414640137558	gex>0	47392	5913898	5890255
CCDC137	chr17	81666737	81673904	+	81667768	81667818	1.63382078216191	0.6671579464505035	gex>0	7168	81670320	81667793
AVEN	chr15	33858782	34075155	-	34039126	34039176	4.90146234648572	0.7233787767133383	gex>0	216374	33966968	34039151
CCR8	chr3	39329709	39333680	+	39329705	39329755	75.9246128181121	0.8875276344878408	gex>0	3972	39331694	39329730
SRP14	chr15	40035690	40039181	-	40039112	40039188	1760.9704818560397	0.9962539916482436	gex>0	3492	40037435	40039150
FHOD3	chr18	36297713	36780220	+	36718556	36718606	0.480535524165267	0.6075288626873004	gex>0	482508	36538966	36718581
SLC25A20	chr3	48856926	48898904	-	48898854	48898904	47.47690978752829	0.8555023335789732	gex>0	41979	48877915	48898879
RBM6	chr3	49940007	50100045	+	49940139	49940189	170.878432393169	0.935458118398428	gex>0	160039	50020026	49940164
HIPK2	chr7	139561570	139777998	-	139777728	139777778	9.41849627363922	0.7568779169737165	gex>0	216429	139669784	139777753
CCDC115	chr2	130337933	130342699	-	130342085	130342135	2.59489183049244	0.6914455907639401	gex>0	4767	130340316	130342110
ARPC4-TTLL3	chr3	9793082	9835401	+	9793081	9793124	257.03845187600103	0.9559076394006386	gex>0	42320	9814241	9793102
THAP9	chr4	82900684	82919969	+	82900683	82900752	11.3406383703003	0.767563252272169	gex>0	19286	82910326	82900717
CHMP7	chr8	23243637	23262000	+	23246636	23246686	121.671594718645	0.9173114713829524	gex>0	18364	23252818	23246661
HES6	chr2	238238267	238240662	-	238239991	238240041	4.03649840298824	0.7126934414148858	gex>0	2396	238239464	238240016
ICAM5	chr19	10289952	10296778	+	10289980	10290030	0.480535524165267	0.6075288626873004	gex>0	6827	10293365	10290005
AKAP11	chr13	42272152	42323261	+	42272152	42272202	24.411204627595502	0.8121468926553672	gex>0	51110	42297706	42272177
ASTN2	chr9	116423112	117415070	-	116687184	116687234	22.296848321268396	0.8067428150331614	gex>0	991959	116919091	116687209
CTU1	chr19	51097606	51108409	-	51108346	51108370	1.05717815316359	0.6474453451240482	gex>0	10804	51103007	51108358
GNS	chr12	64713445	64759431	-	64729104	64729154	1.63382078216191	0.6671579464505035	gex>0	45987	64736438	64729129
TIMMDC1	chr3	119498547	119525090	+	119498546	119498596	292.646134216647	0.9615266519282732	gex>0	26544	119511818	119498571
AGAP3	chr7	151085831	151144436	+	151120070	151120120	0.480535524165267	0.6075288626873004	gex>0	58606	151115133	151120095
SLC25A32	chr8	103398635	103415189	-	103415139	103415189	81.8832533177614	0.893361581920904	gex>0	16555	103406912	103415164
CXCR5	chr11	118883892	118897787	+	118883765	118883815	0.480535524165267	0.6075288626873004	gex>0	13896	118890839	118883790
ATP23	chr12	57941541	57957269	+	57941540	57941590	11.3406383703003	0.767563252272169	gex>0	15729	57949405	57941565
MT1G	chr16	56666730	56668065	-	56668015	56668065	3.5559628788229705	0.706951608941292	gex>0	1336	56667397	56668040
UTP15	chr5	73565443	73583380	+	73565740	73565792	107.447743203354	0.9104949643822156	gex>0	17938	73574411	73565766
DHX40	chr17	59565558	59608345	+	59565557	59565607	9.80292469297144	0.7593650208793908	gex>0	42788	59586951	59565582
RHOQ	chr2	46541806	46584688	+	46543399	46543449	1.63382078216191	0.6671579464505035	gex>0	42883	46563247	46543424
GBF1	chr10	102245371	102382899	+	102245531	102245581	102.354066647202	0.907762220584623	gex>0	137529	102314135	102245556
MISP3	chr19	14072536	14075062	+	14073581	14073631	1.63382078216191	0.6671579464505035	gex>0	2527	14073799	14073606
EXOC3	chr5	443175	471937	+	453396	453446	0.480535524165267	0.6075288626873004	gex>0	28763	457556	453421
BLOC1S5-TXNDC5	chr6	7881522	8064364	-	8064314	8064364	22.296848321268396	0.8067428150331614	gex>0	182843	7972943	8064339
POLE	chr12	132623753	132687376	-	132632507	132632557	0.480535524165267	0.6075288626873004	gex>0	63624	132655564	132632532
MRGBP	chr20	62796473	62801729	+	62796452	62796502	9.41849627363922	0.7568779169737165	gex>0	5257	62799101	62796477
TOB2	chr22	41433494	41446801	-	41446735	41446785	1.63382078216191	0.6671579464505035	gex>0	13308	41440147	41446760
DEPP1	chr10	44970981	44978809	-	44978760	44978810	13.8394230959597	0.7784021125030705	gex>0	7829	44974895	44978785
RSRC2	chr12	122503454	122527000	-	122508356	122508406	1.63382078216191	0.6671579464505035	gex>0	23547	122515227	122508381
CREB3L2	chr7	137874979	138002086	-	138002017	138002067	34.8868790543983	0.8347764676983542	gex>0	127108	137938532	138002042
YJU2B	chr19	13731760	13763296	+	13756207	13756257	4.03649840298824	0.7126934414148858	gex>0	31537	13747528	13756232
DCAF16	chr4	17800655	17810758	-	17810708	17810758	436.61457725656095	0.9749447310243184	gex>0	10104	17805706	17810733
REX1BD	chr19	18588685	18592337	+	18588724	18588774	10.1873531123037	0.761545074920167	gex>0	3653	18590511	18588749
USP38	chr4	143184917	143223874	+	143184916	143184966	59.2019765771608	0.8702100221075902	gex>0	38958	143204395	143184941
DENND10	chr10	119104086	119137984	+	119104085	119104135	37.9623064090561	0.8401805453205601	gex>0	33899	119121035	119104110
VARS1	chr6	31777518	31795752	-	31781875	31781925	4.90146234648572	0.7233787767133383	gex>0	18235	31786635	31781900
SP4	chr7	21428043	21514822	+	21428194	21428244	21.1435630632717	0.8037337263571604	gex>0	86780	21471432	21428219
TLE5	chr19	3052910	3063107	-	3062184	3062277	10.956209950968098	0.7655367231638418	gex>0	10198	3058008	3062230
PCLAF	chr15	64364304	64387687	-	64381394	64381444	362.804320744776	0.969602063375092	gex>0	23384	64375995	64381419
ELOC	chr8	73939169	73972307	-	73972244	73972287	409.51237369364	0.9733480717268485	gex>0	33139	73955738	73972265
MT1X	chr16	56682470	56684196	+	56682469	56682519	230.849265808994	0.9511790714812084	gex>0	1727	56683333	56682494
GIMAP8	chr7	150450630	150479393	+	150450629	150450679	2.1143563063271698	0.680545320560059	gex>0	28764	150465011	150450654
TMEM218	chr11	125094389	125111763	-	125111582	125111632	209.46543498364	0.9467882584131664	gex>0	17375	125103076	125111607
YWHAQ	chr2	9583967	9630997	-	9630964	9631014	1101.4835284916198	0.9919552935396708	gex>0	47031	9607482	9630989
PCNP	chr3	101574180	101594465	+	101589748	101589798	1.63382078216191	0.6671579464505035	gex>0	20286	101584322	101589773
TTC19	chr17	15999784	16045015	+	16024617	16024667	0.480535524165267	0.6075288626873004	gex>0	45232	16022399	16024642
ZNF791	chr19	12610918	12633840	+	12610917	12610967	485.677254273835	0.9780459346597888	gex>0	22923	12622379	12610942
LYPLA1	chr8	54046367	54102017	-	54101504	54101554	8.553532330141751	0.7515045443380005	gex>0	55651	54074192	54101529
TRUB1	chr10	114938195	114977676	+	114938385	114938435	0.480535524165267	0.6075288626873004	gex>0	39482	114957935	114938410
CRAT	chr9	129094142	129111189	-	129110661	129110769	0.480535524165267	0.6075288626873004	gex>0	17048	129102665	129110715
ATP11B	chr3	182793503	182921629	+	182879538	182879588	0.480535524165267	0.6075288626873004	gex>0	128127	182857566	182879563
PELI3	chr11	66466327	66477337	+	66466917	66466973	0.480535524165267	0.6075288626873004	gex>0	11011	66471832	66466945
INTS14	chr15	65578753	65611289	-	65607359	65607409	1.05717815316359	0.6474453451240482	gex>0	32537	65595021	65607384
C16orf86	chr16	67666814	67668757	+	67666815	67666865	2.1143563063271698	0.680545320560059	gex>0	1944	67667785	67666840
LAT2	chr7	74199652	74229834	+	74209980	74210030	701.677972386122	0.9864283959715058	gex>0	30183	74214743	74210005
SYNGR1	chr22	39349925	39385575	+	39349948	39349998	6.24696181414847	0.734647506755097	gex>0	35651	39367750	39349973
ZNF460	chr19	57280051	57294069	+	57280484	57280534	19.5097422811098	0.7990358634242201	gex>0	14019	57287060	57280509
IFT57	chr3	108160812	108222435	-	108222385	108222435	62.3735110366516	0.8733419307295505	gex>0	61624	108191623	108222410
GIMAP6	chr7	150625375	150632648	-	150632335	150632385	109.081563985516	0.9114775239498896	gex>0	7274	150629011	150632360
TRAPPC4	chr11	119018763	119025454	+	119018762	119018812	193.944137553102	0.943195774993859	gex>0	6692	119022108	119018787
SPATA7	chr14	88384924	88470350	+	88385643	88385693	6.24696181414847	0.734647506755097	gex>0	85427	88427637	88385668
WRN	chr8	31033788	31176138	+	31033800	31033850	81.21050358393009	0.892563252272169	gex>0	142351	31104963	31033825
BRI3	chr7	98252379	98310441	+	98281666	98281716	185.102283908461	0.9404016212232866	gex>0	58063	98281410	98281691
LARP1B	chr4	128061286	128222931	+	128061311	128061361	58.913655262661706	0.8697187423237533	gex>0	161646	128142108	128061336
MYC	chr8	127735434	127742951	+	127735433	127735483	4.90146234648572	0.7233787767133383	gex>0	7518	127739192	127735458
FIZ1	chr19	55591376	55601970	-	55597792	55597842	0.480535524165267	0.6075288626873004	gex>0	10595	55596673	55597817
ZBED5	chr11	10812074	10858796	-	10858023	10858073	108.60102846135	0.9111090641120118	gex>0	46723	10835435	10858048
NKTR	chr3	42600655	42648735	+	42600654	42600704	71.35952533854208	0.8835359862441661	gex>0	48081	42624695	42600679
RANBP9	chr6	13621498	13711835	-	13632705	13711564	2.1143563063271698	0.680545320560059	gex>0	90338	13666666	13672134
C6orf136	chr6	30636534	30642598	+	30647038	30647104	13.0705662572953	0.7752702038811103	gex>0	6065	30639566	30647071
SFSWAP	chr12	131711081	131799738	+	131711080	131711130	3.5559628788229705	0.706951608941292	gex>0	88658	131755409	131711105
NGDN	chr14	23469689	23509862	+	23477212	23477262	0.480535524165267	0.6075288626873004	gex>0	40174	23489775	23477237
RNF25	chr2	218663892	218672002	-	218671934	218671984	21.816312797103095	0.8055146155735692	gex>0	8111	218667947	218671959
C22orf23	chr22	37943050	37953669	-	37953597	37953647	0.480535524165267	0.6075288626873004	gex>0	10620	37948359	37953622
PREB	chr2	27130756	27134666	-	27134616	27134666	196.87540425051003	0.9439019896831246	gex>0	3911	27132711	27134641
TRIM32	chr9	116687305	116701300	+	116687301	116687379	72.17643572962301	0.8842729059199214	gex>0	13996	116694302	116687340
TIMM23B	chr10	49942049	49974850	+	49942032	49942082	73.2336138827866	0.8854704003930238	gex>0	32802	49958449	49942057
RAB5B	chr12	55973913	55996683	+	55974073	55974123	335.990438496354	0.9668386145910096	gex>0	22771	55985298	55974098
RND3	chr2	150468195	150539011	-	150487644	150487694	14.3199586201249	0.7798759518545811	gex>0	70817	150503603	150487669
C4orf47	chr4	185426249	185449826	+	185426248	185426298	6.63139023348068	0.7379943502824858	gex>0	23578	185438037	185426273
FGD2	chr6	37005646	37029069	+	37005654	37005707	132.82001887928	0.9225620240727094	gex>0	23424	37017357	37005680
PASK	chr2	241106099	241150264	-	241149431	241149481	121.383273404146	0.9170658314910342	gex>0	44166	241128181	241149456
PIGN	chr18	61905255	62187118	-	62186988	62187038	265.688091310976	0.9574735937116188	gex>0	281864	62046186	62187013
TRMO	chr9	97904489	97922500	-	97922466	97922516	13.0705662572953	0.7752702038811103	gex>0	18012	97913494	97922491
ADPRM	chr17	10697594	10711558	+	10697615	10697665	9.03406785430701	0.754267993122083	gex>0	13965	10704576	10697640
ODAD3	chr19	11420604	11435782	-	11435071	11435121	2.1143563063271698	0.680545320560059	gex>0	15179	11428193	11435096
LMNB1	chr5	126776623	126837020	+	126777147	126777197	559.823885652536	0.9817612380250552	gex>0	60398	126806821	126777172
KLF12	chr13	73686089	74133929	-	74133855	74133905	0.480535524165267	0.6075288626873004	gex>0	447841	73910009	74133880
EIF4E1B	chr5	176630618	176646644	+	176630681	176630731	0.480535524165267	0.6075288626873004	gex>0	16027	176638631	176630706
CCNA2	chr4	121816444	121823883	-	121823882	121823932	153.963581942551	0.9301154507492017	gex>0	7440	121820163	121823907
METTL14	chr4	118685392	118715433	+	118685367	118685417	559.055028813871	0.9816691230655858	gex>0	30042	118700412	118685392
ULBP1	chr6	149963943	149973715	+	149964006	149964056	0.480535524165267	0.6075288626873004	gex>0	9773	149968829	149964031
NAV2	chr11	19350724	20121601	+	19777801	19777851	1.05717815316359	0.6474453451240482	gex>0	770878	19736162	19777826
NOD2	chr16	50693588	50734041	+	50697138	50697188	0.480535524165267	0.6075288626873004	gex>0	40454	50713814	50697163
HSPD1	chr2	197486584	197516737	-	197490522	197490572	0.480535524165267	0.6075288626873004	gex>0	30154	197501660	197490547
PPM1K	chr4	88257620	88284769	-	88284528	88284590	718.208394417407	0.9867968558093836	gex>0	27150	88271194	88284559
RBM39	chr20	35701347	35742312	-	35740547	35740597	0.480535524165267	0.6075288626873004	gex>0	40966	35721829	35740572
LRRC56	chr11	537527	554915	+	537526	537576	4.90146234648572	0.7233787767133383	gex>0	17389	546221	537551
SNRPD3	chr22	24555958	24582052	+	24555957	24556007	195.145476363515	0.9433800049127978	gex>0	26095	24569005	24555982
GPR150	chr5	95620087	95622142	+	95620077	95620127	0.480535524165267	0.6075288626873004	gex>0	2056	95621114	95620102
TIMM13	chr19	2425625	2427586	-	2427488	2427538	5.38199787065099	0.7278002947678703	gex>0	1962	2426605	2427513
RITA1	chr12	113185526	113192368	+	113185525	113185575	59.8747263109922	0.8707013018914271	gex>0	6843	113188947	113185550
DEF8	chr16	89948697	89968060	+	89948754	89948804	30.9464877562432	0.8267931712110047	gex>0	19364	89958378	89948779
ZNF322	chr6	26634383	26659752	-	26659702	26659752	9.80292469297144	0.7593650208793908	gex>0	25370	26647067	26659727
ZNF385A	chr12	54369133	54391298	-	54385718	54385768	0.480535524165267	0.6075288626873004	gex>0	22166	54380215	54385743
NRM	chr6	30678308	30681681	-	30690952	30691002	30.177630917578696	0.8251043969540653	gex>0	3374	30679994	30690977
ITM2B	chr13	48232612	48270357	+	48233157	48233207	23.546240684098105	0.8100589535740604	gex>0	37746	48251484	48233182
ADNP	chr20	50888916	50931437	-	50931190	50931240	32.8686298529042	0.831337509211496	gex>0	42522	50910176	50931215
ABHD17C	chr15	80679684	80755621	+	80704583	80704633	0.480535524165267	0.6075288626873004	gex>0	75938	80717652	80704608
MCM6	chr2	135839626	135876443	-	135865012	135865051	0.480535524165267	0.6075288626873004	gex>0	36818	135858034	135865031
OXA1L	chr14	22766522	22773042	+	22766674	22766724	740.985778262841	0.9874109555391796	gex>0	6521	22769782	22766699
HPCAL1	chr2	10302889	10427617	+	10302888	10302938	16.9148504506174	0.7901621223286662	gex>0	124729	10365253	10302913
ZNF875	chr19	37312837	37369365	+	37334639	37334706	22.7773838454336	0.8078481945467944	gex>0	56529	37341101	37334672
CAPRIN2	chr12	30709552	30823302	-	30754838	30754888	7.88078259631037	0.7467759764185704	gex>0	113751	30766427	30754863
LMCD1	chr3	8501807	8574668	+	8501857	8501937	10.1873531123037	0.761545074920167	gex>0	72862	8538237	8501897
BRD2	chr6	33002124	33012662	+	32969318	32969352	4.51703392715351	0.7182510439695406	gex>0	10539	33007393	32969335
COPZ1	chr12	54301202	54351846	+	54325108	54325178	885.626971036586	0.9898059444853844	gex>0	50645	54326524	54325143
HINFP	chr11	119121580	119136059	+	119121586	119121636	366.648604938098	0.9699705232129698	gex>0	14480	119128819	119121611
TSEN2	chr3	12484421	12541549	+	12484510	12484560	4.03649840298824	0.7126934414148858	gex>0	57129	12512985	12484535
IRF5	chr7	128937457	128950038	+	128937936	128937986	24.1228833130964	0.8114713829525915	gex>0	12582	128943747	128937961
TMUB2	chr17	44186970	44191929	+	44186969	44187019	49.543212541439	0.8581736674035864	gex>0	4960	44189449	44186994
BLK	chr8	11486894	11564599	+	11494389	11494439	118.211738944656	0.9155919921395236	gex>0	77706	11525746	11494414
SNRPB2	chr20	16729961	16742564	+	16729983	16730078	341.56465057667197	0.9673298943748464	gex>0	12604	16736262	16730030
ERAP2	chr5	96875986	96919703	+	96875938	96876035	4.51703392715351	0.7182510439695406	gex>0	43718	96897844	96875986
WDR75	chr2	189441446	189475552	+	189441445	189441495	208.45631038289295	0.9464505035617784	gex>0	34107	189458499	189441470
JADE1	chr4	128809700	128875224	+	128809919	128809969	4.90146234648572	0.7233787767133383	gex>0	65525	128842462	128809944
ZNF799	chr19	12390016	12401271	-	12401221	12401271	23.546240684098105	0.8100589535740604	gex>0	11256	12395643	12401246
ZNF398	chr7	149126416	149183042	+	149147475	149147525	4.03649840298824	0.7126934414148858	gex>0	56627	149154729	149147500
ZNF569	chr19	37411155	37469275	-	37467179	37467229	7.88078259631037	0.7467759764185704	gex>0	58121	37440215	37467204
STK24	chr13	98445185	98577940	-	98577101	98577151	8.553532330141751	0.7515045443380005	gex>0	132756	98511562	98577126
ERVK3-1	chr19	58305319	58315663	+	58305373	58305423	113.214169493337	0.9134733480717268	gex>0	10345	58310491	58305398
FAXDC2	chr5	154818492	154859252	-	154850563	154850613	4.03649840298824	0.7126934414148858	gex>0	40761	154838872	154850588
TNFRSF19	chr13	23570370	23676104	+	23570369	23570419	51.2250868760174	0.8603230164578728	gex>0	105735	23623237	23570394
UQCC3	chr11	62670273	62673686	+	62671653	62671703	46.419731634364794	0.854120609186932	gex>0	3414	62671979	62671678
DNLZ	chr9	136359480	136363744	-	136363739	136363789	1.05717815316359	0.6474453451240482	gex>0	4265	136361612	136363764
KLHL25	chr15	85759326	85794925	-	85794868	85794918	7.111925757645951	0.7413104888233849	gex>0	35600	85777125	85794893
YKT6	chr7	44200959	44214294	+	44200967	44201017	262.42044974665197	0.9567673790223532	gex>0	13336	44207626	44200992
THOC5	chr22	29505879	29555216	-	29553691	29553741	86.6886085594141	0.897476050110538	gex>0	49338	29530547	29553716
FSD1L	chr9	105447796	105552433	+	105448101	105448151	14.3199586201249	0.7798759518545811	gex>0	104638	105500114	105448126
SLC46A1	chr17	28394642	28407197	-	28406160	28406210	1.63382078216191	0.6671579464505035	gex>0	12556	28400919	28406185
SNRNP200	chr2	96274338	96321271	-	96289805	96289855	3.07542735465771	0.7000736919675755	gex>0	46934	96297804	96289830
ADAM9	chr8	39101863	39105144	+	38996868	38997035	7.88078259631037	0.7467759764185704	gex>0	3282	39103503	38996951
ERN1	chr17	64039080	64130819	-	64054737	64054767	0.480535524165267	0.6075288626873004	gex>0	91740	64084949	64054752
POLR2J	chr7	102473128	102478922	-	102478857	102478907	117.827310525323	0.9154691721935644	gex>0	5795	102476025	102478882
NDUFC2-KCTD14	chr11	78016971	78079865	-	78079815	78079865	1130.41176704637	0.9923237533775484	gex>0	62895	78048418	78079840
STRADA	chr17	63682336	63741986	-	63741828	63741878	9.80292469297144	0.7593650208793908	gex>0	59651	63712161	63741853
SERPINE1	chr7	101127104	101139247	+	101127088	101127138	9.80292469297144	0.7593650208793908	gex>0	12144	101133175	101127113
BUD23	chr7	73683025	73705161	+	73683596	73683646	289.47459975715697	0.9609432571849668	gex>0	22137	73694093	73683621
ACTB	chr7	5526409	5563902	-	5530554	5530604	8170.1610889627	0.9998157700810612	gex>0	37494	5545155	5530579
CD164	chr6	109366514	109382467	-	109382509	109382559	4.90146234648572	0.7233787767133383	gex>0	15954	109374490	109382534
RESF1	chr12	31959370	31993107	+	31959407	31959457	62.902100113233395	0.873894620486367	gex>0	33738	31976238	31959432
SLC36A4	chr11	93144174	93197991	-	93197405	93197455	0.480535524165267	0.6075288626873004	gex>0	53818	93171082	93197430
PSMG1	chr21	39174769	39183488	-	39183335	39183385	1.05717815316359	0.6474453451240482	gex>0	8720	39179128	39183360
SPRY2	chr13	80335976	80341126	-	80339609	80339659	3.07542735465771	0.7000736919675755	gex>0	5151	80338551	80339634
PFN1	chr17	4945652	4949061	-	4949011	4949061	17.5876001844488	0.7928948661262589	gex>0	3410	4947356	4949036
GLIPR1L2	chr12	75391089	75432688	+	75391069	75391119	1.05717815316359	0.6474453451240482	gex>0	41600	75411888	75391094
CDH11	chr16	64943753	65126112	-	65124242	65124292	0.480535524165267	0.6075288626873004	gex>0	182360	65034932	65124267
CCR6	chr6	167111807	167139141	+	167122768	167122818	0.480535524165267	0.6075288626873004	gex>0	27335	167125474	167122793
NUMB	chr14	73275107	73458617	-	73457888	73457938	4.51703392715351	0.7182510439695406	gex>0	183511	73366862	73457913
XCR1	chr3	46016990	46085825	-	46027437	46027487	0.480535524165267	0.6075288626873004	gex>0	68836	46051407	46027462
ARF3	chr12	48935723	48957487	-	48957427	48957477	804.6086816623219	0.9886391549987718	gex>0	21765	48946605	48957452
RBM18	chr9	122237622	122264840	-	122264789	122264839	31.2348090707423	0.82753009088676	gex>0	27219	122251231	122264814
WASF1	chr6	110099819	110180004	-	110179652	110179702	0.480535524165267	0.6075288626873004	gex>0	80186	110139911	110179677
ATP6V1H	chr8	53715543	53843558	-	53772015	53772065	1.63382078216191	0.6671579464505035	gex>0	128016	53779550	53772040
NTRK2	chr9	84668375	85095751	+	84669777	84670445	0.480535524165267	0.6075288626873004	gex>0	427377	84882063	84670111
GRHPR	chr9	37422666	37436990	+	37428537	37428587	7.400247072145111	0.7441660525669369	gex>0	14325	37429828	37428562
RPL10A	chr6	35468401	35470785	+	35468407	35468469	24.891740151760803	0.8129145173176123	gex>0	2385	35469593	35468438
ZSCAN22	chr19	58326994	58342332	+	58327018	58327068	8.553532330141751	0.7515045443380005	gex>0	15339	58334663	58327043
SERTAD1	chr19	40421589	40425992	-	40425975	40426025	37.577877989723795	0.8396585605502334	gex>0	4404	40423790	40426000
RANBP1	chr22	20115938	20127355	+	20117874	20117912	0.480535524165267	0.6075288626873004	gex>0	11418	20121646	20117893
SLC9A3R1	chr17	74748628	74769353	+	74748651	74748701	3.5559628788229705	0.706951608941292	gex>0	20726	74758990	74748676
PELO	chr5	52787916	52804044	+	52787939	52787989	2.1143563063271698	0.680545320560059	gex>0	16129	52795980	52787964
TRAF3IP1	chr2	238320441	238400897	+	238320535	238320585	4.51703392715351	0.7182510439695406	gex>0	80457	238360669	238320560
MED21	chr12	27022546	27066343	+	27022561	27022611	69.9659723184628	0.8821542618521248	gex>0	43798	27044444	27022586
RTP4	chr3	187368385	187372076	+	187368331	187368381	4.51703392715351	0.7182510439695406	gex>0	3692	187370230	187368356
ZNF43	chr19	21804946	21852125	-	21836137	21836187	4.03649840298824	0.7126934414148858	gex>0	47180	21828535	21836162
ASCC1	chr10	72096032	72217134	-	72216261	72216311	235.077978421648	0.9522844509948416	gex>0	121103	72156583	72216286
TFEB	chr6	41683978	41736259	-	41733803	41733853	5.38199787065099	0.7278002947678703	gex>0	52282	41710118	41733828
PPP1CB	chr2	28751640	28802940	+	28752010	28752060	37.9623064090561	0.8401805453205601	gex>0	51301	28777290	28752035
FAM98A	chr2	33532744	33599347	-	33599241	33599291	577.315378732151	0.9823139277818718	gex>0	66604	33566045	33599266
TTYH2	chr17	74213571	74262020	+	74249323	74249373	0.480535524165267	0.6075288626873004	gex>0	48450	74237795	74249348
GTF2H5	chr6	158168350	158199344	+	158168351	158168395	349.01295120123297	0.9681589290100712	gex>0	30995	158183847	158168373
VAT1	chr17	43014607	43025123	-	43025072	43025123	1.05717815316359	0.6474453451240482	gex>0	10517	43019865	43025097
GABARAPL2	chr16	75566375	75577881	+	75566350	75566400	81.21050358393009	0.892563252272169	gex>0	11507	75572128	75566375
PAM	chr5	102753981	103029730	+	102755313	102755348	74.5791133504494	0.8863608450012282	gex>0	275750	102891855	102755330
MANBA	chr4	102630770	102760994	-	102760933	102760994	97.06817588138392	0.9044767870302136	gex>0	130225	102695882	102760963
GNB1L	chr22	19783223	19854939	-	19854793	19854843	8.553532330141751	0.7515045443380005	gex>0	71717	19819081	19854818
TST	chr22	37010859	37020183	-	37019417	37019467	1.63382078216191	0.6671579464505035	gex>0	9325	37015521	37019442
MRPS30	chr5	44808947	44820428	+	44815218	44815268	3.07542735465771	0.7000736919675755	gex>0	11482	44814687	44815243
EIF3M	chr11	32583798	32606264	+	32583824	32583874	977.889791676317	0.9907270940800786	gex>0	22467	32595031	32583849
COASY	chr17	42561467	42566277	+	42562133	42562186	275.73128376602995	0.9589781380496192	gex>0	4811	42563872	42562159
TRMT12	chr8	124450820	124462150	+	124450819	124450869	10.5717815316359	0.7635101940555146	gex>0	11331	124456485	124450844
GAPVD1	chr9	125261794	125367207	+	125302209	125302259	0.480535524165267	0.6075288626873004	gex>0	105414	125314500	125302234
IGFLR1	chr19	35738801	35742453	-	35742403	35742453	350.40650422131205	0.9683124539425204	gex>0	3653	35740627	35742428
ZBTB49	chr4	4290251	4321786	+	4290250	4290300	11.773120342049	0.7695590763940063	gex>0	31536	4306018	4290275
SLC39A8	chr4	102251080	102431258	-	102345387	102345474	50.3601229325199	0.8593097519037092	gex>0	180179	102341169	102345430
ZNF570	chr19	37467585	37488652	+	37469570	37469620	2.1143563063271698	0.680545320560059	gex>0	21068	37478118	37469595
AKTIP	chr16	53491040	53504411	-	53503194	53503244	12.59003073313	0.7732743797592729	gex>0	13372	53497725	53503219
TARBP2	chr12	53500921	53506431	+	53501273	53501351	62.902100113233395	0.873894620486367	gex>0	5511	53503676	53501312
CFAP36	chr2	55519604	55545079	+	55544019	55544069	2.59489183049244	0.6914455907639401	gex>0	25476	55532341	55544044
CYP4F2	chr19	15878023	15898077	-	15898025	15898077	8.553532330141751	0.7515045443380005	gex>0	20055	15888050	15898051
CD79A	chr19	41877279	41881372	+	41877279	41877329	3194.69627175553	0.998587570621469	gex>0	4094	41879325	41877304
CSNK2A2	chr16	58157907	58198106	-	58196732	58196773	1.05717815316359	0.6474453451240482	gex>0	40200	58178006	58196752
SEC62	chr3	169966635	169998373	+	169966764	169966814	669.770413581548	0.9856300663227708	gex>0	31739	169982504	169966789
PCDHGA11	chr5	141421047	141512975	+	141421046	141421096	10.956209950968098	0.7655367231638418	gex>0	91929	141467011	141421071
RPS3A	chr4	151099624	151104642	+	151099623	151099712	1.63382078216191	0.6671579464505035	gex>0	5019	151102133	151099667
BCAT2	chr19	48795062	48811029	-	48810983	48811029	13.4549946766275	0.7769896831245394	gex>0	15968	48803045	48811006
TPRKB	chr2	73729104	73737400	-	73737325	73737375	68.09188377421829	0.8801277327437976	gex>0	8297	73733252	73737350
S1PR2	chr19	10221433	10231331	-	10231222	10231272	1.05717815316359	0.6474453451240482	gex>0	9899	10226382	10231247
PAPOLA	chr14	96501433	96567116	+	96502381	96502431	334.692992581108	0.9666850896585606	gex>0	65684	96534274	96502406
ZNF566	chr19	36445119	36489902	-	36489511	36489561	9.03406785430701	0.754267993122083	gex>0	44784	36467510	36489536
RPL13	chr16	89560677	89564542	+	89560656	89560726	1450.6406403501098	0.9945959223777942	gex>0	3866	89562609	89560691
SNX20	chr16	50666300	50681353	-	50681303	50681353	302.112684042703	0.9626934414148858	gex>0	15054	50673826	50681328
CAPN15	chr16	527712	554636	+	527822	527872	0.480535524165267	0.6075288626873004	gex>0	26925	541174	527847
GABPA	chr21	25734570	25772460	+	25735388	25735438	34.454397082649606	0.8342237779415377	gex>0	37891	25753515	25735413
OCLN	chr5	69492292	69558104	+	69492789	69492839	0.480535524165267	0.6075288626873004	gex>0	65813	69525198	69492814
EIF3K	chr19	38619082	38636955	+	38619185	38619235	2024.68837751793	0.9968066814050602	gex>0	17874	38628018	38619210
CSRNP3	chr2	165469647	165689407	+	165469697	165469740	0.480535524165267	0.6075288626873004	gex>0	219761	165579527	165469718
DRG2	chr17	18087892	18107970	+	18087940	18087990	91.4939638010668	0.9008228936379268	gex>0	20079	18097931	18087965
MLLT10	chr10	21524646	21743630	+	21534344	21669021	1.63382078216191	0.6671579464505035	gex>0	218985	21634138	21601682
SCPEP1	chr17	56978129	57006768	+	56978104	56978154	433.250828587404	0.9748219110783592	gex>0	28640	56992448	56978129
PPP2R1A	chr19	52190048	52229518	+	52190038	52190088	716.478466530412	0.9867354458364038	gex>0	39471	52209783	52190063
HAUS2	chr15	42548828	42569994	+	42548827	42548877	327.004424194464	0.965825350036846	gex>0	21167	42559411	42548852
GLIS2	chr16	4314761	4339597	+	4314760	4314810	0.480535524165267	0.6075288626873004	gex>0	24837	4327179	4314785
RDH11	chr14	67676800	67695793	-	67695724	67695774	1240.16608076572	0.9934905428641612	gex>0	18994	67686296	67695749
TRMT61A	chr14	103529196	103537073	+	103529183	103529233	13.0705662572953	0.7752702038811103	gex>0	7878	103533134	103529208
MON1B	chr16	77190835	77202398	+	77191191	77191241	143.007371991583	0.9261852124785064	gex>0	11564	77196616	77191216
B3GALT9	chr9	120792403	120801787	+	120793550	120798603	0.480535524165267	0.6075288626873004	gex>0	9385	120797095	120796076
PARD6G	chr18	80157232	80247514	-	80247496	80247546	1.63382078216191	0.6671579464505035	gex>0	90283	80202373	80247521
PAFAH1B2	chr11	117144284	117176894	+	117159386	117159436	0.480535524165267	0.6075288626873004	gex>0	32611	117160589	117159411
GDPGP1	chr15	90233808	90245811	+	90234225	90234275	20.7591346439395	0.8028739867354459	gex>0	12004	90239809	90234250
PWP1	chr12	107685799	107713162	+	107686041	107686091	0.480535524165267	0.6075288626873004	gex>0	27364	107699480	107686066
ZC3H3	chr8	143437659	143541447	-	143541403	143541453	39.692234296051005	0.8430975190370916	gex>0	103789	143489553	143541428
STK38L	chr12	27243968	27325959	+	27244254	27244316	333.87608219002703	0.9665929746990912	gex>0	81992	27284963	27244285
CD300C	chr17	74541073	74546115	-	74546093	74546143	1.05717815316359	0.6474453451240482	gex>0	5043	74543594	74546118
SLC35C1	chr11	45804072	45813016	+	45805148	45805198	16.6265291361182	0.7888418079096046	gex>0	8945	45808544	45805173
PLPPR2	chr19	11355386	11365698	+	11355423	11355473	0.480535524165267	0.6075288626873004	gex>0	10313	11360542	11355448
FHIP2B	chr8	22089150	22104911	+	22089158	22089208	10.5717815316359	0.7635101940555146	gex>0	15762	22097030	22089183
AP2S1	chr19	46838136	46850846	-	46850784	46850834	79.8169505638508	0.8913043478260869	gex>0	12711	46844491	46850809
COPB2	chr3	139353946	139389736	-	139389620	139389680	245.84197416295	0.9540653402112504	gex>0	35791	139371841	139389650
IMPA2	chr18	11981025	12030877	+	11981464	11981514	0.480535524165267	0.6075288626873004	gex>0	49853	12005951	11981489
NHEJ1	chr2	219069357	219160865	-	219160803	219160853	43.7287326990393	0.8496376811594203	gex>0	91509	219115111	219160828
JKAMP	chr14	59484443	59505410	+	59484502	59484552	37.577877989723795	0.8396585605502334	gex>0	20968	59494926	59484527
FGF2	chr4	122826708	122898236	+	122826830	122826880	0.480535524165267	0.6075288626873004	gex>0	71529	122862472	122826855
MRPL28	chr16	366969	371289	-	370498	370527	337.624259278516	0.9669614345369688	gex>0	4321	369129	370512
CLEC17A	chr19	14583084	14612035	+	14583083	14583133	375.778779897238	0.9707688528617048	gex>0	28952	14597559	14583108
IRF2BP1	chr19	45883608	45886141	-	45886120	45886170	3.5559628788229705	0.706951608941292	gex>0	2534	45884874	45886145
PROCR	chr20	35172072	35216240	+	35172072	35172122	1.05717815316359	0.6474453451240482	gex>0	44169	35194156	35172097
DOP1A	chr6	83067666	83171350	+	83067665	83067715	64.5839744478118	0.8757676246622451	gex>0	103685	83119508	83067690
ZNF90	chr19	20077994	20127076	+	20077993	20078043	4.90146234648572	0.7233787767133383	gex>0	49083	20102535	20078018
TINF2	chr14	24239643	24242674	-	24242613	24242663	23.8345619985972	0.810918693195775	gex>0	3032	24241158	24242638
ACIN1	chr14	23058564	23095614	-	23071567	23071617	59.2019765771608	0.8702100221075902	gex>0	37051	23077089	23071592
EFR3A	chr8	131904093	132013642	+	131904087	131904137	51.2250868760174	0.8603230164578728	gex>0	109550	131958867	131904112
CTDSP2	chr12	57819927	57846729	-	57829500	57829550	0.480535524165267	0.6075288626873004	gex>0	26803	57833328	57829525
ALKBH7	chr19	6372794	6375250	+	6373470	6373520	2.59489183049244	0.6914455907639401	gex>0	2457	6374022	6373495
RTF2	chr20	56468585	56519449	+	56468657	56468707	44.2573217756211	0.8506509457135839	gex>0	50865	56494017	56468682
SCARB2	chr4	76158737	76234536	-	76213553	76213603	5.38199787065099	0.7278002947678703	gex>0	75800	76196636	76213578
KEAP1	chr19	10486125	10503558	-	10502846	10502896	3.07542735465771	0.7000736919675755	gex>0	17434	10494841	10502871
ZNF830	chr17	34961540	34963777	+	34962364	34962414	7.400247072145111	0.7441660525669369	gex>0	2238	34962658	34962389
GAR1	chr4	109815510	109824740	+	109815634	109815684	0.480535524165267	0.6075288626873004	gex>0	9231	109820125	109815659
AREL1	chr14	74653437	74713117	-	74713048	74713115	154.732438781216	0.9304225006140996	gex>0	59681	74683277	74713081
CLOCK	chr4	55427903	55546909	-	55546831	55546881	7.88078259631037	0.7467759764185704	gex>0	119007	55487406	55546856
GGCX	chr2	85544720	85561532	-	85561459	85561532	96.8759616717177	0.9043846720707442	gex>0	16813	85553126	85561495
MAK16	chr8	33485182	33501262	+	33485181	33485221	90.052357228571	0.899993859002702	gex>0	16081	33493222	33485201
SPC24	chr19	11131520	11155807	-	11155758	11155808	261.026896726573	0.9565831491034144	gex>0	24288	11143663	11155783
CNOT3	chr19	54137749	54155681	+	54137727	54137777	36.5206998365603	0.8379390813068043	gex>0	17933	54146715	54137752
H4C2	chr6	26026896	26027283	-	26027202	26027252	0.480535524165267	0.6075288626873004	gex>0	388	26027089	26027227
EP400	chr12	131949942	132080460	+	131949919	131949969	3.5559628788229705	0.706951608941292	gex>0	130519	132015201	131949944
MDC1	chr6	30778290	30796371	-	30717397	30717447	4.03649840298824	0.7126934414148858	gex>0	18082	30787330	30717422
EVC2	chr4	5542772	5709548	-	5708517	5708567	6.24696181414847	0.734647506755097	gex>0	166777	5626160	5708542
ZC2HC1A	chr8	78666089	78719765	+	78666046	78666096	37.0973424655586	0.8390137558339474	gex>0	53677	78692927	78666071
CHST4	chr16	71525233	71538748	+	71526250	71526300	2.1143563063271698	0.680545320560059	gex>0	13516	71531990	71526275
TMEM9B	chr11	8947202	8965011	-	8964391	8964441	137.096785044351	0.9241279783836897	gex>0	17810	8956106	8964416
P4HA1	chr10	73007217	73096974	-	73096800	73096850	110.427063453178	0.9119995087202162	gex>0	89758	73052095	73096825
CNOT6	chr5	180494379	180578358	+	180494411	180494466	2.59489183049244	0.6914455907639401	gex>0	83980	180536368	180494438
SLIRP	chr14	77708071	77761104	+	77708070	77708120	446.84998392128097	0.9757737656595432	gex>0	53034	77734587	77708095
GSTZ1	chr14	77320996	77331597	+	77321024	77321074	107.928278727519	0.9108327192336036	gex>0	10602	77326296	77321049
EPC2	chr2	148644440	148787569	+	148645419	148645469	0.480535524165267	0.6075288626873004	gex>0	143130	148716004	148645444
FCSK	chr16	70454595	70480274	+	70454594	70454630	12.59003073313	0.7732743797592729	gex>0	25680	70467434	70454612
ZGPAT	chr20	63707465	63736142	+	63708034	63708102	52.282265029181005	0.8616433308769345	gex>0	28678	63721803	63708068
PRIMPOL	chr4	184649667	184694963	+	184649724	184649774	128.206877847293	0.920566199950872	gex>0	45297	184672315	184649749
RBM23	chr14	22893204	22919182	-	22919134	22919184	406.533053443816	0.9730410218619504	gex>0	25979	22906193	22919159
HEATR6	chr17	60041008	60078922	-	60078881	60078931	9.41849627363922	0.7568779169737165	gex>0	37915	60059965	60078906
TBXT	chr6	166157656	166168700	-	166168650	166168700	1.05717815316359	0.6474453451240482	gex>0	11045	166163178	166168675
ZNF318	chr6	43307134	43369647	-	43369428	43369478	3.5559628788229705	0.706951608941292	gex>0	62514	43338390	43369453
PAWR	chr12	79574979	79690964	-	79690555	79690581	79.09614727760291	0.8907209530827807	gex>0	115986	79632971	79690568
BTLA	chr3	112463966	112499472	-	112469972	112470022	1.05717815316359	0.6474453451240482	gex>0	35507	112481719	112469997
GTF3C3	chr2	196763035	196799725	-	196799651	196799701	150.263458406479	0.928641611397691	gex>0	36691	196781380	196799676
ITPKC	chr19	40717112	40740860	+	40717102	40717152	3.5559628788229705	0.706951608941292	gex>0	23749	40728986	40717127
HHEX	chr10	92689955	92695647	+	92691819	92691869	0.480535524165267	0.6075288626873004	gex>0	5693	92692801	92691844
TMEM199	chr17	28357642	28363683	+	28357641	28357691	237.96119156663997	0.952837140751658	gex>0	6042	28360662	28357666
DCUN1D5	chr11	103050686	103092194	-	103092144	103092194	535.989323653938	0.9805637435519527	gex>0	41509	103071440	103092169
SEMA4G	chr10	100969518	100985871	+	100984211	100984261	0.480535524165267	0.6075288626873004	gex>0	16354	100977694	100984236
ELAC2	chr17	12991612	13018065	-	13017633	13017683	18.068135708614	0.7941537705723409	gex>0	26454	13004838	13017658
UBE4A	chr11	118359600	118399211	+	118359584	118359634	235.366299736148	0.952376565954311	gex>0	39612	118379405	118359609
BBS5	chr2	169479480	169506655	+	169479479	169479529	6.24696181414847	0.734647506755097	gex>0	27176	169493067	169479504
ATP13A1	chr19	19645198	19663676	-	19647661	19647711	2.1143563063271698	0.680545320560059	gex>0	18479	19654437	19647686
TRIB3	chr20	362835	397559	+	381245	381346	5.38199787065099	0.7278002947678703	gex>0	34725	380197	381295
APOBEC3C	chr22	39014257	39020352	+	39014261	39014311	77.558433600274	0.8888479489069024	gex>0	6096	39017304	39014286
TNFRSF21	chr6	47231532	47309905	-	47309855	47309905	0.480535524165267	0.6075288626873004	gex>0	78374	47270718	47309880
EHMT1	chr9	137618992	137870016	+	137618991	137619041	90.58094630515272	0.9003009088676001	gex>0	251025	137744504	137619016
TMEM8B	chr9	35814451	35865518	+	35829497	35829567	1.05717815316359	0.6474453451240482	gex>0	51068	35839984	35829532
GPR55	chr2	230907318	230961066	-	230925176	230925226	13.0705662572953	0.7752702038811103	gex>0	53749	230934192	230925201
IL11RA	chr9	34652162	34661902	+	34652161	34652211	4.51703392715351	0.7182510439695406	gex>0	9741	34657032	34652186
FAM136A	chr2	70295975	70302090	-	70302006	70302056	227.29330293017105	0.9503500368459836	gex>0	6116	70299032	70302031
TIMM8B	chr11	112084800	112086798	-	112086748	112086798	85.3431090917513	0.8963399656104152	gex>0	1999	112085799	112086773
GPR183	chr13	99294539	99307399	-	99307355	99307405	271.550624705792	0.958210513387374	gex>0	12861	99300969	99307380
ADM	chr11	10305073	10307397	+	10305072	10305122	13.8394230959597	0.7784021125030705	gex>0	2325	10306235	10305097
CUL2	chr10	35008504	35127006	-	35071289	35071339	0.480535524165267	0.6075288626873004	gex>0	118503	35067755	35071314
ZNF396	chr18	35366694	35377337	-	35377287	35377337	10.5717815316359	0.7635101940555146	gex>0	10644	35372015	35377312
NMD3	chr3	161104696	161253532	+	161221287	161221331	56.6070847466684	0.867231638418079	gex>0	148837	161179114	161221309
TTC32	chr2	19896631	19901983	-	19901591	19901641	1.05717815316359	0.6474453451240482	gex>0	5353	19899307	19901616
FAM209A	chr20	56517187	56526152	+	56517186	56524535	1.05717815316359	0.6474453451240482	gex>0	8966	56521669	56520860
GSTP1	chr11	67583742	67586656	+	67586103	67586153	37.0973424655586	0.8390137558339474	gex>0	2915	67585199	67586128
CDIP1	chr16	4512634	4526261	-	4538734	4538784	106.967207679188	0.9102186195038074	gex>0	13628	4519447	4538759
SOD2	chr6	159669069	159762529	-	159693278	159693328	83.6131812047564	0.8948047162859248	gex>0	93461	159715799	159693303
IFITM1	chr11	310041	315272	+	313526	313902	4.90146234648572	0.7233787767133383	gex>0	5232	312656	313714
TRMT10A	chr4	99546709	99564039	-	99563680	99563730	12.59003073313	0.7732743797592729	gex>0	17331	99555374	99563705
DHRS12	chr13	51767993	51804163	-	51804107	51804157	1.63382078216191	0.6671579464505035	gex>0	36171	51786078	51804132
TRAP1	chr16	3651639	3717553	-	3717503	3717553	515.710724534164	0.9796732989437484	gex>0	65915	3684596	3717528
ZNF850	chr19	36714383	36772825	-	36772775	36772825	24.891740151760803	0.8129145173176123	gex>0	58443	36743604	36772800
NCALD	chr8	101686542	102124907	-	101790927	101790977	15.0888154587894	0.7833456153279292	gex>0	438366	101905724	101790952
IFIT2	chr10	89283694	89309271	+	89302045	89302095	69.58154389913061	0.8817858020142472	gex>0	25578	89296482	89302070
TIMM10B	chr11	6481501	6484681	+	6481500	6481550	199.90277805275105	0.9444853844264308	gex>0	3181	6483091	6481525
CLDN1	chr3	190305707	190322446	-	190322425	190322475	64.24759958089611	0.8753991648243675	gex>0	16740	190314076	190322450
SNW1	chr14	77717599	77761207	-	77761113	77761156	599.32390573892	0.9828666175386884	gex>0	43609	77739403	77761134
ZNF766	chr19	52269587	52296046	+	52269570	52269620	123.785951024973	0.9184475558830754	gex>0	26460	52282816	52269595
CERS6	chr2	168456249	168775134	+	168456248	168456298	24.411204627595502	0.8121468926553672	gex>0	318886	168615691	168456273
KAT5	chr11	65711996	65719604	+	65712626	65712676	1.05717815316359	0.6474453451240482	gex>0	7609	65715800	65712651
GPC2	chr7	100169606	100177381	-	100175735	100177372	0.480535524165267	0.6075288626873004	gex>0	7776	100173493	100176553
ZNF286A	chr17	15699577	15720787	+	15699739	15699777	3.5559628788229705	0.706951608941292	gex>0	21211	15710182	15699758
PGAM1	chr10	97426191	97433444	+	97427533	97427583	1.05717815316359	0.6474453451240482	gex>0	7254	97429817	97427558
ATP13A3	chr3	194402672	194498364	-	194413013	194459872	1.05717815316359	0.6474453451240482	gex>0	95693	194450518	194436442
SCYL1	chr11	65525077	65538704	+	65525076	65525126	36.5206998365603	0.8379390813068043	gex>0	13628	65531890	65525101
RPE	chr2	210002565	210022260	+	210002623	210002673	52.282265029181005	0.8616433308769345	gex>0	19696	210012412	210002648
ZNF473	chr19	50025714	50053414	+	50026039	50026089	8.553532330141751	0.7515045443380005	gex>0	27701	50039564	50026064
UEVLD	chr11	18529609	18588747	-	18588667	18588717	152.61808247488898	0.929439941046426	gex>0	59139	18559178	18588692
BMPR1A	chr10	86756601	86932825	+	86756649	86756699	1.63382078216191	0.6671579464505035	gex>0	176225	86844713	86756674
B4GAT1	chr11	66345374	66347629	-	66347642	66347692	2.1143563063271698	0.680545320560059	gex>0	2256	66346501	66347667
LLPH	chr12	66116555	66130750	-	66130718	66130768	543.870106250249	0.9810857283222796	gex>0	14196	66123652	66130743
SEC61A1	chr3	128051641	128071683	+	128052425	128052475	93.2238916880617	0.9021125030704986	gex>0	20043	128061662	128052450
COMMD8	chr4	47450787	47463702	-	47463669	47463719	190.96481730327704	0.9423053303856548	gex>0	12916	47457244	47463694
COQ3	chr6	99369401	99394195	-	99394154	99394204	152.61808247488898	0.929439941046426	gex>0	24795	99381798	99394179
AKAP1	chr17	57085092	57121346	+	57085713	57085763	1.05717815316359	0.6474453451240482	gex>0	36255	57103219	57085738
UQCRQ	chr5	132866630	132868847	+	132866629	132866679	344.20759595958	0.967698354212724	gex>0	2218	132867738	132866654
PDRG1	chr20	31944337	31952046	-	31952042	31952092	27.6307926395028	0.8197924342913289	gex>0	7710	31948191	31952067
MAP2K1	chr15	66386837	66491656	+	66386816	66386866	6.24696181414847	0.734647506755097	gex>0	104820	66439246	66386841
PCK2	chr14	24094052	24110597	+	24094310	24094360	255.26047043659	0.955539179562761	gex>0	16546	24102324	24094335
PSMD12	chr17	67337916	67366605	-	67366555	67366605	195.62601188768	0.9435335298452469	gex>0	28690	67352260	67366580
H2BC4	chr6	26114873	26123926	-	26123876	26123926	10.1873531123037	0.761545074920167	gex>0	9054	26119399	26123901
KDM4B	chr19	4969113	5153598	+	4969113	4969163	38.250627723555205	0.840671825104397	gex>0	184486	5061355	4969138
BTBD10	chr11	13388008	13463297	-	13463131	13463280	25.6605969904252	0.8150638663718988	gex>0	75290	13425652	13463205
COL19A1	chr6	69866556	70212468	+	69867548	69867598	1.63382078216191	0.6671579464505035	gex>0	345913	70039512	69867573
ZNF611	chr19	52702813	52735073	-	52735000	52735049	50.3601229325199	0.8593097519037092	gex>0	32261	52718943	52735024
ZNF184	chr6	27450743	27473118	-	27473068	27473118	16.6265291361182	0.7888418079096046	gex>0	22376	27461930	27473093
GBA2	chr9	35736866	35749228	-	35741979	35742029	0.480535524165267	0.6075288626873004	gex>0	12363	35743047	35742004
NT5C3B	chr17	41825057	41836260	-	41836196	41836246	73.7141494069519	0.885746745271432	gex>0	11204	41830658	41836221
ELOF1	chr19	11551147	11559236	-	11559190	11559236	20.7591346439395	0.8028739867354459	gex>0	8090	11555191	11559213
BAZ2B	chr2	159318979	159616569	-	159516609	159516659	2.1143563063271698	0.680545320560059	gex>0	297591	159467774	159516634
SP110	chr2	230165186	230225729	-	230219939	230219989	277.605372310275	0.9592544829280276	gex>0	60544	230195457	230219964
PSAP	chr10	71816298	71851251	-	71819221	71819271	0.480535524165267	0.6075288626873004	gex>0	34954	71833774	71819246
ZNF567	chr19	36687612	36727701	+	36712439	36712489	0.480535524165267	0.6075288626873004	gex>0	40090	36707656	36712464
MNX1	chr7	156994051	157010663	-	157009241	157009435	3.07542735465771	0.7000736919675755	gex>0	16613	157002357	157009338
MED7	chr5	157137424	157159019	-	157142725	157142775	7.88078259631037	0.7467759764185704	gex>0	21596	157148221	157142750
FTH1	chr11	61959718	61967634	-	61967610	61967660	78.90393306793679	0.8903217882584131	gex>0	7917	61963676	61967635
CAB39	chr2	230712842	230821075	+	230713547	230713597	0.480535524165267	0.6075288626873004	gex>0	108234	230766958	230713572
ZNF394	chr7	99473877	99504857	-	99500274	99500324	207.303025124896	0.9462969786293294	gex>0	30981	99489367	99500299
CERT1	chr5	75356345	75512138	-	75511579	75511629	78.90393306793679	0.8903217882584131	gex>0	155794	75434241	75511604
SDR39U1	chr14	24439766	24442905	-	24442753	24442803	227.485517139837	0.9504421518054532	gex>0	3140	24441335	24442778
CSF2	chr5	132073789	132076170	+	132073789	132073839	1.05717815316359	0.6474453451240482	gex>0	2382	132074979	132073814
P2RX7	chr12	121132819	121188032	+	121132928	121132978	3.5559628788229705	0.706951608941292	gex>0	55214	121160425	121132953
DGCR8	chr22	20080232	20111877	+	20106181	20106231	0.480535524165267	0.6075288626873004	gex>0	31646	20096054	20106206
INKA1	chr3	49803261	49805030	+	49803253	49803303	11.773120342049	0.7695590763940063	gex>0	1770	49804145	49803278
DICER1	chr14	95086228	95158010	-	95157372	95157422	53.2433360775115	0.8629022353230165	gex>0	71783	95122119	95157397
FARSA	chr19	12922479	12934037	-	12933665	12933715	387.50384668687104	0.9716900024563988	gex>0	11559	12928258	12933690
PROSER3	chr19	35758143	35771028	+	35758152	35758205	56.2226563273362	0.8668324735937116	gex>0	12886	35764585	35758178
RECQL4	chr8	144511288	144517845	-	144517795	144517845	17.2992788699496	0.7915745517071973	gex>0	6558	144514566	144517820
HMG20A	chr15	77420412	77485607	+	77420901	77420951	205.092561713736	0.945867108818472	gex>0	65196	77453009	77420926
ING4	chr12	6650301	6663142	-	6663092	6663142	23.1618122647658	0.8089535740604274	gex>0	12842	6656721	6663117
KIAA1191	chr5	176346062	176361807	-	176361757	176361807	172.80057448983	0.9362871530336526	gex>0	15746	176353934	176361782
MFSD12	chr19	3538261	3574290	-	3557523	3573851	6.24696181414847	0.734647506755097	gex>0	36030	3556275	3565687
STXBP2	chr19	7636881	7647873	+	7638736	7638775	2.1143563063271698	0.680545320560059	gex>0	10993	7642377	7638755
SEC16A	chr9	136440096	136483759	-	136462911	136477115	1.63382078216191	0.6671579464505035	gex>0	43664	136461927	136470013
CSNK1G1	chr15	64165525	64356173	-	64356082	64356173	35.5596287882297	0.8360353721444362	gex>0	190649	64260849	64356127
ADO	chr10	62804720	62808479	+	62804856	62804906	9.03406785430701	0.754267993122083	gex>0	3760	62806599	62804881
XIRP1	chr3	39183210	39192596	-	39192545	39192595	1.63382078216191	0.6671579464505035	gex>0	9387	39187903	39192570
CWC22	chr2	179944876	180007297	-	180007069	180007113	218.980038362112	0.9488147875214936	gex>0	62422	179976086	180007091
TXNL4A	chr18	79970813	80033949	-	79988543	79988593	109.946527929013	0.9118152788012772	gex>0	63137	80002381	79988568
KRT222	chr17	40654665	40665181	-	40665106	40665181	27.6307926395028	0.8197924342913289	gex>0	10517	40659923	40665143
PMAIP1	chr18	59899996	59904305	+	59900015	59900065	5.86253339481625	0.7314541881601572	gex>0	4310	59902150	59900040
SHISA5	chr3	48467798	48504826	-	48504090	48504140	0.480535524165267	0.6075288626873004	gex>0	37029	48486312	48504115
CDC37	chr19	10391133	10420121	-	10403480	10403530	134.598000318691	0.923268238761975	gex>0	28989	10405627	10403505
ARL6IP1	chr16	18791669	18801572	-	18801522	18801572	2164.81253636453	0.9972365512159176	gex>0	9904	18796620	18801547
ULK3	chr15	74836118	74843346	-	74842648	74842698	0.480535524165267	0.6075288626873004	gex>0	7229	74839732	74842673
IGIP	chr5	140125937	140129392	+	140125934	140125984	1.63382078216191	0.6671579464505035	gex>0	3456	140127664	140125959
ZNF740	chr12	53180704	53195142	+	53180699	53180749	23.546240684098105	0.8100589535740604	gex>0	14439	53187923	53180724
PHACTR1	chr6	12716312	13290446	+	12749434	13272721	367.32135467193	0.9700319331859494	gex>0	574135	13003379	13011077
CDC45	chr22	19479457	19520612	+	19479458	19479508	0.480535524165267	0.6075288626873004	gex>0	41156	19500034	19479483
VPREB3	chr22	23752743	23754425	-	23754418	23754468	4.51703392715351	0.7182510439695406	gex>0	1683	23753584	23754443
DNPH1	chr6	43225629	43229481	-	43229434	43229484	216.481253636453	0.9482006877916974	gex>0	3853	43227555	43229459
NDUFB4	chr3	120596328	120602507	+	120596308	120596358	209.801809850555	0.9469417833456152	gex>0	6180	120599417	120596333
ATF4	chr22	39519695	39522683	+	39520563	39520613	9.41849627363922	0.7568779169737165	gex>0	2989	39521189	39520588
PCBD2	chr5	134905120	135007959	+	134905172	134905222	15.4732438781216	0.7847887496929501	gex>0	102840	134956539	134905197
GBGT1	chr9	133152948	133163933	-	133163895	133163945	3.5559628788229705	0.706951608941292	gex>0	10986	133158440	133163920
MRPL49	chr11	65122183	65127371	+	65122290	65122360	522.246007662812	0.9799189388356668	gex>0	5189	65124777	65122325
PIGB	chr15	55318960	55355648	+	55318959	55319009	6.63139023348068	0.7379943502824858	gex>0	36689	55337304	55318984
MTA1	chr14	105419820	105470729	+	105438714	105438739	2.1143563063271698	0.680545320560059	gex>0	50910	105445274	105438726
CACFD1	chr9	133459965	133470848	+	133459986	133460036	5.38199787065099	0.7278002947678703	gex>0	10884	133465406	133460011
CASP10	chr2	201182898	201229406	+	201183111	201183161	185.967247851958	0.940677966101695	gex>0	46509	201206152	201183136
APPL1	chr3	57227726	57278105	+	57227830	57227880	18.068135708614	0.7941537705723409	gex>0	50380	57252915	57227855
SMARCA4	chr19	10960932	11079426	+	10961000	10961050	78.5195046486046	0.8899840334070253	gex>0	118495	11020179	10961025
PRELID1	chr5	177303799	177306949	+	177303854	177303904	2.59489183049244	0.6914455907639401	gex>0	3151	177305374	177303879
ARHGAP19	chr10	97222173	97292673	-	97292623	97292673	541.467428629422	0.9809629083763204	gex>0	70501	97257423	97292648
RAD52	chr12	911736	990053	-	949623	949682	38.250627723555205	0.840671825104397	gex>0	78318	950894	949652
ETS1	chr11	128458761	128587558	-	128522260	128522310	146.082799346241	0.9274134119380988	gex>0	128798	128523159	128522285
UBE2E2	chr3	23203020	23591794	+	23203019	23203069	5.38199787065099	0.7278002947678703	gex>0	388775	23397407	23203044
KLHDC1	chr14	49693105	49753150	+	49693104	49693169	3.5559628788229705	0.706951608941292	gex>0	60046	49723127	49693136
RPS2	chr16	1962058	1964841	-	1964810	1964860	411.050087370969	0.9734708916728076	gex>0	2784	1963449	1964835
SNX8	chr7	2251770	2354318	-	2271849	2271896	1.05717815316359	0.6474453451240482	gex>0	102549	2303044	2271872
TONSL	chr8	144428775	144444440	-	144442806	144442856	0.480535524165267	0.6075288626873004	gex>0	15666	144436607	144442831
INO80C	chr18	35452230	35497979	-	35497910	35497979	200.767741996248	0.9447310243183492	gex>0	45750	35475104	35497944
UIMC1	chr5	176905005	177022633	-	177022583	177022633	2.1143563063271698	0.680545320560059	gex>0	117629	176963819	177022608
ENPP4	chr6	46129989	46146688	+	46129992	46130042	5.86253339481625	0.7314541881601572	gex>0	16700	46138338	46130017
RPS21	chr20	62387103	62388520	+	62387317	62387367	5.86253339481625	0.7314541881601572	gex>0	1418	62387811	62387342
FNBP1	chr9	129887187	130043194	-	129994885	129994935	10.956209950968098	0.7655367231638418	gex>0	156008	129965190	129994910
DUSP3	chr17	43766125	43778977	-	43778938	43778988	12.59003073313	0.7732743797592729	gex>0	12853	43772551	43778963
ING3	chr7	120950763	120977216	+	120950762	120950812	32.1958801190729	0.8296794399410464	gex>0	26454	120963989	120950787
RPL6	chr12	112405189	112418838	-	112409586	112409635	232.14671172424	0.9515168263325964	gex>0	13650	112412013	112409610
TMEM161B	chr5	88189633	88269476	-	88268807	88268857	93.99274852672607	0.902511667894866	gex>0	79844	88229554	88268832
AMACR	chr5	33986165	34008104	-	34008058	34008108	35.1752003688975	0.8353291574551707	gex>0	21940	33997134	34008083
PGM2L1	chr11	74330316	74398433	-	74398423	74398473	0.480535524165267	0.6075288626873004	gex>0	68118	74364374	74398448
ACTL6A	chr3	179562886	179588407	+	179562919	179562969	312.059769392924	0.9639523458609678	gex>0	25522	179575646	179562944
PDS5A	chr4	39822863	39977956	-	39874350	39874408	2.1143563063271698	0.680545320560059	gex>0	155094	39900409	39874379
C8orf33	chr8	145052465	145066685	+	145052464	145052514	137.529267016099	0.9243122083026284	gex>0	14221	145059575	145052489
ATP5F1C	chr10	7788147	7807815	+	7788174	7788224	2707.62546446161	0.9982191107835912	gex>0	19669	7797981	7788199
CEP78	chr9	78236062	78279690	+	78236350	78236400	1.63382078216191	0.6671579464505035	gex>0	43629	78257876	78236375
GIPC1	chr19	14477760	14496149	-	14496099	14496149	63.286528532565605	0.8743244902972243	gex>0	18390	14486954	14496124
HEATR5B	chr2	36968383	37084372	-	37084292	37084342	32.484201433572004	0.830385654630312	gex>0	115990	37026377	37084317
LRRFIP2	chr3	37052626	37183689	-	37083700	37083750	1.63382078216191	0.6671579464505035	gex>0	131064	37118157	37083725
CAMK1D	chr10	12349547	12835545	+	12349732	12349782	4.51703392715351	0.7182510439695406	gex>0	485999	12592546	12349757
NSD2	chr4	1871393	1982207	+	1871423	1871483	7.400247072145111	0.7441660525669369	gex>0	110815	1926800	1871453
CPSF1	chr8	144393229	144409335	-	144394378	144394416	1.63382078216191	0.6671579464505035	gex>0	16107	144401282	144394397
EAF1	chr3	15427598	15450635	+	15427597	15427647	36.088217864811504	0.8372021616310489	gex>0	23038	15439116	15427622
RBIS	chr8	85214048	85220421	-	85220344	85220394	339.065865851012	0.9671456644559075	gex>0	6374	85217234	85220369
TRNT1	chr3	3126933	3150879	+	3126915	3126990	66.8905449638051	0.8785310734463276	gex>0	23947	3138906	3126952
MTERF2	chr12	106977277	106987160	-	106987110	106987160	61.316332883487995	0.8718680913780398	gex>0	9884	106982218	106987135
MEPCE	chr7	100428790	100434118	+	100428789	100428839	43.7287326990393	0.8496376811594203	gex>0	5329	100431454	100428814
NOP58	chr2	202265736	202303661	+	202265735	202265785	440.939396974049	0.975313190862196	gex>0	37926	202284698	202265760
WDR35	chr2	19910263	19990105	-	19990072	19990131	8.16910391080953	0.749048145418816	gex>0	79843	19950184	19990101
ZMYM2	chr13	19958677	20091829	+	19958707	19958757	19.029206756944603	0.7976541390321789	gex>0	133153	20025253	19958732
RHNO1	chr12	2876258	2889524	+	2877198	2877264	124.843129178136	0.9191230655858512	gex>0	13267	2882891	2877231
PPCDC	chr15	75023586	75117462	+	75023586	75023626	167.803005038511	0.934475558830754	gex>0	93877	75070524	75023606
COPE	chr19	18899514	18919387	-	18919347	18919397	3833.5201975808295	0.9989560304593466	gex>0	19874	18909450	18919372
EFEMP1	chr2	55865967	55924139	-	55923747	55923797	5.38199787065099	0.7278002947678703	gex>0	58173	55895053	55923772
MRE11	chr11	94415570	94493885	-	94493799	94493849	91.78228511556593	0.9010685335298452	gex>0	78316	94454727	94493824
YY1	chr14	100238298	100282788	+	100239753	100239803	2.59489183049244	0.6914455907639401	gex>0	44491	100260543	100239778
CIAO2B	chr16	66932065	66934423	-	66934373	66934423	139.45140911276002	0.9251412429378532	gex>0	2359	66933244	66934398
NHP2	chr5	178149463	178153894	-	178153844	178153894	1210.37287826747	0.9932449029722428	gex>0	4432	178151678	178153869
UBALD1	chr16	4608883	4615027	-	4614977	4615027	4.03649840298824	0.7126934414148858	gex>0	6145	4611955	4615002
SCN3A	chr2	165087526	165204050	-	165204017	165204067	4.51703392715351	0.7182510439695406	gex>0	116525	165145788	165204042
DUSP18	chr22	30652051	30667887	-	30667840	30667890	67.8035624597191	0.8797899778924098	gex>0	15837	30659969	30667865
ORC6	chr16	46689643	46698394	+	46689645	46689695	232.579193695989	0.9516703512650454	gex>0	8752	46694018	46689670
EXOSC8	chr13	36998816	37025881	+	37000782	37000822	62.3735110366516	0.8733419307295505	gex>0	27066	37012348	37000802
MINK1	chr17	4833340	4898061	+	4894543	4894593	0.480535524165267	0.6075288626873004	gex>0	64722	4865700	4894568
SNAPC5	chr15	66490135	66497780	-	66497712	66497780	82.94043147092499	0.8941599115696389	gex>0	7646	66493957	66497746
DSCAML1	chr11	117427772	117817525	-	117817475	117817525	4.90146234648572	0.7233787767133383	gex>0	389754	117622648	117817500
CDKN3	chr14	54396849	54420218	+	54396954	54397004	392.21309482369105	0.9720584622942766	gex>0	23370	54408533	54396979
ZC3H15	chr2	186486253	186509361	+	186486252	186486302	232.579193695989	0.9516703512650454	gex>0	23109	186497807	186486277
TYK2	chr19	10350529	10380572	-	10380522	10380572	54.3485677830916	0.8647445345124048	gex>0	30044	10365550	10380547
MARCHF11	chr5	16067139	16180762	-	16180712	16180762	0.480535524165267	0.6075288626873004	gex>0	113624	16123950	16180737
TMEM237	chr2	201620184	201643570	-	201642642	201642692	98.46172890146308	0.905367231638418	gex>0	23387	201631877	201642667
FDXACB1	chr11	111874056	111881243	-	111879130	111879180	60.5474760448236	0.8712539916482437	gex>0	7188	111877649	111879155
BAHD1	chr15	40439721	40468236	+	40458464	40458514	0.480535524165267	0.6075288626873004	gex>0	28516	40453978	40458489
GPATCH11	chr2	37084451	37099244	+	37084450	37084500	16.145993611953003	0.7876136084500123	gex>0	14794	37091847	37084475
ZNF552	chr19	57803841	57814913	-	57814863	57814913	11.3406383703003	0.767563252272169	gex>0	11073	57809377	57814888
ARMC7	chr17	75109952	75130272	+	75109951	75110001	32.484201433572004	0.830385654630312	gex>0	20321	75120112	75109976
ZNF813	chr19	53467733	53496255	+	53467734	53467784	53.916085811342896	0.8640076148366495	gex>0	28523	53481994	53467759
MYO6	chr6	75749201	75919537	+	75749208	75749258	46.80416005369701	0.8546425939572586	gex>0	170337	75834369	75749233
RNF38	chr9	36336396	36487548	-	36400822	36400923	8.16910391080953	0.749048145418816	gex>0	151153	36411972	36400872
FEZ1	chr11	125442881	125592568	-	125452775	125452825	0.480535524165267	0.6075288626873004	gex>0	149688	125517724	125452800
CD7	chr17	82314868	82317608	-	82317529	82317602	4.03649840298824	0.7126934414148858	gex>0	2741	82316238	82317565
CFLAR	chr2	201116154	201176687	+	201116836	201116886	1.63382078216191	0.6671579464505035	gex>0	60534	201146420	201116861
ACADS	chr12	120725774	120740008	+	120725860	120725910	0.480535524165267	0.6075288626873004	gex>0	14235	120732891	120725885
VPS41	chr7	38722974	38932394	-	38909179	38909229	369.43571097825696	0.9701547531319086	gex>0	209421	38827684	38909204
TP53I13	chr17	29566052	29573157	+	29572429	29572479	0.480535524165267	0.6075288626873004	gex>0	7106	29569604	29572454
CWC15	chr11	94962620	94973586	-	94973536	94973586	2371.05838333626	0.9977278309997544	gex>0	10967	94968103	94973561
ATP6V1G2	chr6	31544444	31548427	-	31546587	31546637	25.6605969904252	0.8150638663718988	gex>0	3984	31546435	31546612
OTULINL	chr5	14581792	14616180	+	14581774	14581824	0.480535524165267	0.6075288626873004	gex>0	34389	14598986	14581799
CHERP	chr19	16517894	16542437	-	16542159	16542209	0.480535524165267	0.6075288626873004	gex>0	24544	16530165	16542184
DDX42	chr17	63773603	63819317	+	63800176	63800226	3.5559628788229705	0.706951608941292	gex>0	45715	63796460	63800201
EVL	chr14	99971449	100144236	+	100138811	100138861	0.480535524165267	0.6075288626873004	gex>0	172788	100057842	100138836
ATP8A1	chr4	42408373	42657105	-	42485495	42485513	0.480535524165267	0.6075288626873004	gex>0	248733	42532739	42485504
TUBD1	chr17	59859479	59892945	-	59892891	59892945	7.111925757645951	0.7413104888233849	gex>0	33467	59876212	59892918
EIF5	chr14	103333544	103345025	+	103336763	103336813	4.90146234648572	0.7233787767133383	gex>0	11482	103339284	103336788
POMT2	chr14	77274956	77320883	-	77320834	77320884	5.86253339481625	0.7314541881601572	gex>0	45928	77297919	77320859
UNC93B1	chr11	67991100	68004982	-	68004073	68004123	20.7591346439395	0.8028739867354459	gex>0	13883	67998041	68004098
PCED1B	chr12	47079603	47236662	+	47223500	47223594	0.480535524165267	0.6075288626873004	gex>0	157060	47158132	47223547
GDPD4	chr11	77216558	77301687	-	77301637	77301687	0.0	0.2901314173421763	gex=0	85130	77259122	77301662
NANOS1	chr10	119029714	119033730	+	119030425	119030475	0.0	0.2901314173421763	gex=0	4017	119031722	119030450
BEST1	chr11	61950063	61965515	+	61950369	61950419	0.0	0.2901314173421763	gex=0	15453	61957789	61950394
CFI	chr4	109740694	109801999	-	109746242	109746292	0.0	0.2901314173421763	gex=0	61306	109771346	109746267
CACNA2D2	chr3	50362613	50504244	-	50365732	50365782	0.0	0.2901314173421763	gex=0	141632	50433428	50365757
LBHD1	chr11	62662817	62672267	-	62670635	62670685	0.0	0.2901314173421763	gex=0	9451	62667542	62670660
UNC79	chr14	93333219	93707876	+	93430875	93430925	0.0	0.2901314173421763	gex=0	374658	93520547	93430900
MRGPRX3	chr11	18120955	18138488	+	18132611	18132661	0.0	0.2901314173421763	gex=0	17534	18129721	18132636
LRIT3	chr4	109848107	109872315	+	109851329	109851379	0.0	0.2901314173421763	gex=0	24209	109860211	109851354
ZNRF3	chr22	28883572	29057488	+	28987051	28987101	0.0	0.2901314173421763	gex=0	173917	28970530	28987076
TBX6	chr16	30085793	30091924	-	30091837	30091887	0.0	0.2901314173421763	gex=0	6132	30088858	30091862
AGXT2	chr5	34998101	35048135	-	35026345	35026395	0.0	0.2901314173421763	gex=0	50035	35023118	35026370
CARD11	chr7	2906142	3043867	-	2922990	2923040	0.0	0.2901314173421763	gex=0	137726	2975004	2923015
TTC29	chr4	146706617	146945882	-	146945832	146945882	0.0	0.2901314173421763	gex=0	239266	146826249	146945857
MBD3L3	chr19	7056207	7069665	-	7058590	7058640	0.0	0.2901314173421763	gex=0	13459	7062936	7058615
DNMT3B	chr20	32762385	32809356	+	32762384	32762434	0.0	0.2901314173421763	gex=0	46972	32785870	32762409
FANCD2OS	chr3	10081317	10108255	-	10108181	10108231	0.0	0.2901314173421763	gex=0	26939	10094786	10108206
SERPINB7	chr18	63752935	63805376	+	63777976	63778026	0.0	0.2901314173421763	gex=0	52442	63779155	63778001
ZNF276	chr16	89720400	89740925	+	89731525	89731575	0.0	0.2901314173421763	gex=0	20526	89730662	89731550
ZNF844	chr19	12064731	12081565	+	12064809	12064859	0.0	0.2901314173421763	gex=0	16835	12073148	12064834
CHST5	chr16	75528530	75536108	-	75535197	75535247	0.0	0.2901314173421763	gex=0	7579	75532319	75535222
OTOA	chr16	21663968	21761935	+	21729570	21729620	0.0	0.2901314173421763	gex=0	97968	21712951	21729595
PRSS45P	chr3	46742092	46750891	-	46744705	46812558	0.0	0.2901314173421763	gex=0	8800	46746491	46778631
ACSM2A	chr16	20451461	20487669	+	20451610	20451660	0.0	0.2901314173421763	gex=0	36209	20469565	20451635
ZNF521	chr18	25061924	25352190	-	25352140	25352190	0.0	0.2901314173421763	gex=0	290267	25207057	25352165
ZBTB39	chr12	56998836	57006546	-	57006404	57006446	0.0	0.2901314173421763	gex=0	7711	57002691	57006425
USP17L24	chr4	9325165	9326757	+	9325164	9325214	0.0	0.2901314173421763	gex=0	1593	9325961	9325189
SYT4	chr18	43267892	43277535	-	43277485	43277535	0.0	0.2901314173421763	gex=0	9644	43272713	43277510
OR3A2	chr17	3276942	3386317	-	3278924	3278974	0.0	0.2901314173421763	gex=0	109376	3331629	3278949
LTB4R	chr14	24311449	24318035	+	24313310	24313360	0.0	0.2901314173421763	gex=0	6587	24314742	24313335
TCF7L2	chr10	112950247	113167678	+	112950249	112950299	0.0	0.2901314173421763	gex=0	217432	113058962	112950274
KCNAB3	chr17	7921859	7929856	-	7923792	7923842	0.0	0.2901314173421763	gex=0	7998	7925857	7923817
GCK	chr7	44143213	44198170	-	44146094	44188987	0.0	0.2901314173421763	gex=0	54958	44170691	44167540
SGMS1	chr10	50305586	50625163	-	50343476	50343526	0.0	0.2901314173421763	gex=0	319578	50465374	50343501
LRRC37A	chr17	46292733	46337794	+	46295098	46295148	0.0	0.2901314173421763	gex=0	45062	46315263	46295123
GNAZ	chr22	23070519	23125032	+	23070573	23070623	0.0	0.2901314173421763	gex=0	54514	23097775	23070598
ROCK1	chr18	20946906	21111813	-	20969304	20969354	0.0	0.2901314173421763	gex=0	164908	21029359	20969329
SCN4B	chr11	118133377	118152888	-	118141814	118141864	0.0	0.2901314173421763	gex=0	19512	118143132	118141839
GRID1	chr10	85599552	86366795	-	85613083	85613133	0.0	0.2901314173421763	gex=0	767244	85983173	85613108
SLC5A5	chr19	17871945	17895174	+	17871972	17872022	0.0	0.2901314173421763	gex=0	23230	17883559	17871997
SPAG11A	chr8	7847876	7868867	+	7847879	7847929	0.0	0.2901314173421763	gex=0	20992	7858371	7847904
TPPP	chr5	659862	693352	-	693345	693395	0.0	0.2901314173421763	gex=0	33491	676607	693370
SERPINE2	chr2	223975045	224039318	-	224031428	224031478	0.0	0.2901314173421763	gex=0	64274	224007181	224031453
DLEC1	chr3	38039205	38124025	+	38062745	38062795	0.0	0.2901314173421763	gex=0	84821	38081615	38062770
RFX6	chr6	116877212	116932161	+	116884788	116884838	0.0	0.2901314173421763	gex=0	54950	116904686	116884813
PPARG	chr3	12287368	12434356	+	12351471	12351521	0.0	0.2901314173421763	gex=0	146989	12360862	12351496
PSG6	chr19	42902086	42919563	-	42910754	42910804	0.0	0.2901314173421763	gex=0	17478	42910824	42910779
SIGIRR	chr11	405716	417455	-	409927	409977	0.0	0.2901314173421763	gex=0	11740	411585	409952
KRT32	chr17	41459513	41467386	-	41467379	41467429	0.0	0.2901314173421763	gex=0	7874	41463449	41467404
ERICH4	chr19	41443156	41444765	+	41443157	41443207	0.0	0.2901314173421763	gex=0	1610	41443960	41443182
FGFR3	chr4	1793293	1808872	+	1793311	1793361	0.0	0.2901314173421763	gex=0	15580	1801082	1793336
ALK	chr2	29192774	29921586	-	29717650	29717700	0.0	0.2901314173421763	gex=0	728813	29557180	29717675
ACVR2B	chr3	38453890	38493142	+	38454318	38454368	0.0	0.2901314173421763	gex=0	39253	38473516	38454343
GAL3ST4	chr7	100159244	100168617	-	100168062	100168112	0.0	0.2901314173421763	gex=0	9374	100163930	100168087
IL7R	chr5	35852695	35879603	+	35856294	35856344	0.0	0.2901314173421763	gex=0	26909	35866149	35856319
PAM16	chr16	4331549	4356579	-	4355588	4355607	0.0	0.2901314173421763	gex=0	25031	4344064	4355597
KLK7	chr19	50976468	50984099	-	50983864	50984099	0.0	0.2901314173421763	gex=0	7632	50980283	50983981
GPR63	chr6	96794125	96837477	-	96837413	96837463	0.0	0.2901314173421763	gex=0	43353	96815801	96837438
SMTNL2	chr17	4583999	4608319	+	4584538	4584588	0.0	0.2901314173421763	gex=0	24321	4596159	4584563
FOXI1	chr5	170105897	170109734	+	170105896	170105946	0.0	0.2901314173421763	gex=0	3838	170107815	170105921
DNAI2	chr17	74274234	74314884	+	74274246	74274339	0.0	0.2901314173421763	gex=0	40651	74294559	74274292
NAT8	chr2	73640723	73642422	-	73642343	73642393	0.0	0.2901314173421763	gex=0	1700	73641572	73642368
BCL9L	chr11	118893875	118925926	-	118910854	118910904	0.0	0.2901314173421763	gex=0	32052	118909900	118910879
RXRA	chr9	134317098	134440585	+	134317097	134317147	0.0	0.2901314173421763	gex=0	123488	134378841	134317122
CILP	chr15	65194760	65211473	-	65211438	65211488	0.0	0.2901314173421763	gex=0	16714	65203116	65211463
OR7C1	chr19	14789260	14835376	-	14800161	14800211	0.0	0.2901314173421763	gex=0	46117	14812318	14800186
TP53TG3C	chr16	33193659	33196858	+	33194991	33195038	0.0	0.2901314173421763	gex=0	3200	33195258	33195014
TELO2	chr16	1493344	1510457	+	1505440	1505490	0.0	0.2901314173421763	gex=0	17114	1501900	1505465
PHYHD1	chr9	128920966	128942041	+	128920965	128921015	0.0	0.2901314173421763	gex=0	21076	128931503	128920990
LEMD3	chr12	65169583	65248355	+	65240565	65240615	0.0	0.2901314173421763	gex=0	78773	65208969	65240590
ARHGAP35	chr19	46860997	47005077	+	46999097	46999147	0.0	0.2901314173421763	gex=0	144081	46933037	46999122
CCDC153	chr11	119190250	119196769	-	119195824	119195874	0.0	0.2901314173421763	gex=0	6520	119193509	119195849
ZNF483	chr9	111525159	111577844	+	111525188	111525238	0.0	0.2901314173421763	gex=0	52686	111551501	111525213
SPTB	chr14	64746283	64879907	-	64768163	64768213	0.0	0.2901314173421763	gex=0	133625	64813095	64768188
GLRA1	chr5	151822513	151924851	-	151924792	151924842	0.0	0.2901314173421763	gex=0	102339	151873682	151924817
TDP1	chr14	89954939	90044764	+	89958292	89958342	0.0	0.2901314173421763	gex=0	89826	89999851	89958317
ASB16	chr17	44170447	44179084	+	44170705	44170755	0.0	0.2901314173421763	gex=0	8638	44174765	44170730
FOXL2NB	chr3	138947217	138953990	+	138947611	138947661	0.0	0.2901314173421763	gex=0	6774	138950603	138947636
BIN1	chr2	127048027	127107288	-	127106951	127107001	0.0	0.2901314173421763	gex=0	59262	127077657	127106976
EDDM3A	chr14	20745887	20748380	+	20745891	20745941	0.0	0.2901314173421763	gex=0	2494	20747133	20745916
ROBO3	chr11	124865432	124881471	+	124878364	124878414	0.0	0.2901314173421763	gex=0	16040	124873451	124878389
CLDN9	chr16	3012923	3014505	+	3012455	3012505	0.0	0.2901314173421763	gex=0	1583	3013714	3012480
RUSC2	chr9	35490111	35561898	+	35538631	35538681	0.0	0.2901314173421763	gex=0	71788	35526004	35538656
C12orf42	chr12	103237591	103495978	-	103495921	103495971	0.0	0.2901314173421763	gex=0	258388	103366784	103495946
A2ML1	chr12	8822621	8887001	+	8822471	8845003	0.0	0.2901314173421763	gex=0	64381	8854811	8833737
CCL7	chr17	34270221	34272242	+	34270220	34270270	0.0	0.2901314173421763	gex=0	2022	34271231	34270245
DHRS2	chr14	23630115	23645639	+	23630114	23630164	0.0	0.2901314173421763	gex=0	15525	23637877	23630139
PDZD8	chr10	117277274	117375440	-	117314185	117314235	0.0	0.2901314173421763	gex=0	98167	117326357	117314210
SYT15	chr10	46578217	46594173	+	46587889	46587939	0.0	0.2901314173421763	gex=0	15957	46586195	46587914
ZNF524	chr19	55600022	55603138	+	55600021	55600071	0.0	0.2901314173421763	gex=0	3117	55601580	55600046
DNAJA3	chr16	4427764	4458734	+	4433845	4433895	0.0	0.2901314173421763	gex=0	30971	4443249	4433870
PENK	chr8	56436674	56446671	-	56445598	56445648	0.0	0.2901314173421763	gex=0	9998	56441672	56445623
GOLGA8N	chr15	32593456	32607310	+	32593459	32593509	0.0	0.2901314173421763	gex=0	13855	32600383	32593484
WFDC9	chr20	45607939	45631284	-	45631218	45631268	0.0	0.2901314173421763	gex=0	23346	45619611	45631243
THBD	chr20	23045633	23049672	-	23049691	23049741	0.0	0.2901314173421763	gex=0	4040	23047652	23049716
VPS39	chr15	42158701	42208307	-	42179053	42179103	0.0	0.2901314173421763	gex=0	49607	42183504	42179078
SCGB2B2	chr19	34590644	34677159	-	34675649	34675699	0.0	0.2901314173421763	gex=0	86516	34633901	34675674
DLX4	chr17	49968970	49974959	+	49969173	49969223	0.0	0.2901314173421763	gex=0	5990	49971964	49969198
LRRC75B	chr22	24585620	24593208	-	24592235	24592285	0.0	0.2901314173421763	gex=0	7589	24589414	24592260
HACE1	chr6	104728094	104859919	-	104785148	104785198	0.0	0.2901314173421763	gex=0	131826	104794006	104785173
ANGPT2	chr8	6499632	6563409	-	6562994	6563044	0.0	0.2901314173421763	gex=0	63778	6531520	6563019
MNT	chr17	2384073	2401104	-	2392028	2392078	0.0	0.2901314173421763	gex=0	17032	2392588	2392053
CLSTN3	chr12	7128929	7158176	+	7138681	7138731	0.0	0.2901314173421763	gex=0	29248	7143552	7138706
ZPR1	chr11	116773799	116788039	-	116775826	116775876	0.0	0.2901314173421763	gex=0	14241	116780919	116775851
POTED	chr21	13609777	13645823	+	13609857	13609907	0.0	0.2901314173421763	gex=0	36047	13627800	13609882
TBKBP1	chr17	47694161	47712052	+	47695684	47695734	0.0	0.2901314173421763	gex=0	17892	47703106	47695709
CRISP3	chr6	49727376	49744437	-	49744387	49744437	0.0	0.2901314173421763	gex=0	17062	49735906	49744412
SRL	chr16	4189374	4242080	-	4242025	4242075	0.0	0.2901314173421763	gex=0	52707	4215727	4242050
DPEP2NB	chr16	68013436	68015911	-	68015861	68015911	0.0	0.2901314173421763	gex=0	2476	68014673	68015886
HOMER3	chr19	18929201	18941261	-	18932997	18933047	0.0	0.2901314173421763	gex=0	12061	18935231	18933022
GKN2	chr2	68945232	68952893	-	68952920	68952970	0.0	0.2901314173421763	gex=0	7662	68949062	68952945
RAD51B	chr14	67819779	68730218	+	67865031	67865081	0.0	0.2901314173421763	gex=0	910440	68274998	67865056
LACC1	chr13	43879284	43893932	+	43879557	43879882	0.0	0.2901314173421763	gex=0	14649	43886608	43879719
DSG3	chr18	31447741	31478702	+	31447794	31447844	0.0	0.2901314173421763	gex=0	30962	31463221	31447819
OR10G4	chr11	124012997	124018732	+	124015574	124015624	0.0	0.2901314173421763	gex=0	5736	124015864	124015599
MAP3K4	chr6	160991727	161117385	+	161034357	161034407	0.0	0.2901314173421763	gex=0	125659	161054556	161034382
CCDC170	chr6	151494017	151621193	+	151593027	151593077	0.0	0.2901314173421763	gex=0	127177	151557605	151593052
CYP19A1	chr15	51208057	51338601	-	51338546	51338596	0.0	0.2901314173421763	gex=0	130545	51273329	51338571
KRTAP13-2	chr21	30371390	30372271	-	30372207	30372257	0.0	0.2901314173421763	gex=0	882	30371830	30372232
FRY	chr13	31846713	32299125	+	32262388	32262438	0.0	0.2901314173421763	gex=0	452413	32072919	32262413
COL9A3	chr20	62816244	62841159	+	62836418	62836468	0.0	0.2901314173421763	gex=0	24916	62828701	62836443
CARD14	chr17	80169992	80209331	+	80170033	80170056	0.0	0.2901314173421763	gex=0	39340	80189661	80170044
AP3S2	chr15	89830599	89894638	-	89889429	89889479	0.0	0.2901314173421763	gex=0	64040	89862618	89889454
TAGLN	chr11	117199370	117207464	+	117199381	117199443	0.0	0.2901314173421763	gex=0	8095	117203417	117199412
DEFB119	chr20	31377164	31390590	-	31390540	31390590	0.0	0.2901314173421763	gex=0	13427	31383877	31390565
RPL30	chr8	98024851	98046469	-	98043035	98043085	0.0	0.2901314173421763	gex=0	21619	98035660	98043060
FMNL2	chr2	152335174	152649826	+	152619577	152619627	0.0	0.2901314173421763	gex=0	314653	152492500	152619602
PELI2	chr14	56117814	56301524	+	56117813	56117863	0.0	0.2901314173421763	gex=0	183711	56209669	56117838
FAM124A	chr13	51222334	51284239	+	51222333	51222416	0.0	0.2901314173421763	gex=0	61906	51253286	51222374
SCG2	chr2	223596940	223602361	-	223602234	223602284	0.0	0.2901314173421763	gex=0	5422	223599650	223602259
GALM	chr2	38666081	38741237	+	38666242	38666292	0.0	0.2901314173421763	gex=0	75157	38703659	38666267
C3orf80	chr3	160225422	160228213	+	160225841	160225891	0.0	0.2901314173421763	gex=0	2792	160226817	160225866
ZBED9	chr6	28570535	28616212	-	28616162	28616212	0.0	0.2901314173421763	gex=0	45678	28593373	28616187
GSX1	chr13	27792483	27794768	+	27792642	27792692	0.0	0.2901314173421763	gex=0	2286	27793625	27792667
PSORS1C1	chr6	31114750	31140092	+	31138356	31138406	0.0	0.2901314173421763	gex=0	25343	31127421	31138381
CCDC8	chr19	46410329	46413564	-	46413534	46413584	0.0	0.2901314173421763	gex=0	3236	46411946	46413559
NSA2	chr5	74766991	74780113	+	74769297	74769347	0.0	0.2901314173421763	gex=0	13123	74773552	74769322
SETBP1	chr18	44680173	45068510	+	44680172	44680222	0.0	0.2901314173421763	gex=0	388338	44874341	44680197
CAMK2G	chr10	73812501	73874591	-	73847987	73848018	0.0	0.2901314173421763	gex=0	62091	73843546	73848002
SPO11	chr20	57329803	57343994	+	57329812	57329862	0.0	0.2901314173421763	gex=0	14192	57336898	57329837
MCTP1	chr5	94703690	95285094	-	95283950	95284000	0.0	0.2901314173421763	gex=0	581405	94994392	95283975
OR5AU1	chr14	21148370	21159060	-	21156013	21156063	0.0	0.2901314173421763	gex=0	10691	21153715	21156038
YBX2	chr17	7288263	7294639	-	7294514	7294615	0.0	0.2901314173421763	gex=0	6377	7291451	7294564
SPHK1	chr17	76376584	76387860	+	76386022	76386072	0.0	0.2901314173421763	gex=0	11277	76382222	76386047
CEP112	chr17	65635537	66192133	-	65903265	65903315	0.0	0.2901314173421763	gex=0	556597	65913835	65903290
CADPS2	chr7	122318411	122886759	-	122438340	122438376	0.0	0.2901314173421763	gex=0	568349	122602585	122438358
SFRP4	chr7	37905932	38025695	-	37909789	37909839	0.0	0.2901314173421763	gex=0	119764	37965813	37909814
RNF133	chr7	122697735	122699117	-	122699106	122699156	0.0	0.2901314173421763	gex=0	1383	122698426	122699131
HAP1	chr17	41717742	41734644	-	41725031	41725141	0.0	0.2901314173421763	gex=0	16903	41726193	41725086
AQP4	chr18	26852043	26865771	-	26862356	26862406	0.0	0.2901314173421763	gex=0	13729	26858907	26862381
AZGP1	chr7	99966720	99976042	-	99968713	99968763	0.0	0.2901314173421763	gex=0	9323	99971381	99968738
CALHM4	chr6	116529013	116561127	+	116529045	116529095	0.0	0.2901314173421763	gex=0	32115	116545070	116529070
UCKL1	chr20	63939829	63956416	-	63946593	63946643	0.0	0.2901314173421763	gex=0	16588	63948122	63946618
ARID4A	chr14	58298504	58373887	+	58299330	58299380	0.0	0.2901314173421763	gex=0	75384	58336195	58299355
PRPH	chr12	49293252	49298686	+	49297001	49297051	0.0	0.2901314173421763	gex=0	5435	49295969	49297026
HDC	chr15	50241947	50265965	-	50263379	50263429	0.0	0.2901314173421763	gex=0	24019	50253956	50263404
PITX1	chr5	135027734	135034813	-	135034763	135034813	0.0	0.2901314173421763	gex=0	7080	135031273	135034788
ARMH4	chr14	57999735	58298139	-	58152163	58152213	0.0	0.2901314173421763	gex=0	298405	58148937	58152188
POSTN	chr13	37562583	37598844	-	37598794	37598844	0.0	0.2901314173421763	gex=0	36262	37580713	37598819
CAVIN4	chr9	100578079	100588389	+	100578078	100578128	0.0	0.2901314173421763	gex=0	10311	100583234	100578103
ART5	chr11	3638512	3642316	-	3640315	3640365	0.0	0.2901314173421763	gex=0	3805	3640414	3640340
PRX	chr19	40393766	40414793	-	40408193	40413366	0.0	0.2901314173421763	gex=0	21028	40404279	40410779
HTR1B	chr6	77460924	77463491	-	77463414	77463464	0.0	0.2901314173421763	gex=0	2568	77462207	77463439
OR4N2	chr14	19719015	19830253	+	19803769	19803819	0.0	0.2901314173421763	gex=0	111239	19774634	19803794
GDAP1L1	chr20	44247099	44280947	+	44247098	44247148	0.0	0.2901314173421763	gex=0	33849	44264023	44247123
ZNF735	chr7	64207090	64220508	+	64207089	64207139	0.0	0.2901314173421763	gex=0	13419	64213799	64207114
FDCSP	chr4	70226124	70235252	+	70226070	70226120	0.0	0.2901314173421763	gex=0	9129	70230688	70226095
COX5B	chr2	97646062	97648383	+	97646440	97646490	0.0	0.2901314173421763	gex=0	2322	97647222	97646465
ANKS4B	chr16	21233699	21253850	+	21233664	21233714	0.0	0.2901314173421763	gex=0	20152	21243774	21233689
TARM1	chr19	54069947	54081380	-	54081315	54081365	0.0	0.2901314173421763	gex=0	11434	54075663	54081340
UBE2I	chr16	1308880	1327018	+	1315324	1315374	0.0	0.2901314173421763	gex=0	18139	1317949	1315349
NKX6-1	chr4	84491985	84499292	-	84496900	84496950	0.0	0.2901314173421763	gex=0	7308	84495638	84496925
PSG9	chr19	43211791	43269530	-	43269480	43269530	0.0	0.2901314173421763	gex=0	57740	43240660	43269505
KLK10	chr19	51012739	51020175	-	51020125	51020175	0.0	0.2901314173421763	gex=0	7437	51016457	51020150
KRT76	chr12	52768155	52777345	-	52777295	52777345	0.0	0.2901314173421763	gex=0	9191	52772750	52777320
DLL1	chr6	170282206	170306565	-	170306525	170306565	0.0	0.2901314173421763	gex=0	24360	170294385	170306545
KCTD8	chr4	44173903	44448809	-	44447563	44447613	0.0	0.2901314173421763	gex=0	274907	44311356	44447588
GAD2	chr10	26216665	26304558	+	26216732	26216782	0.0	0.2901314173421763	gex=0	87894	26260611	26216757
IMPACT	chr18	24426634	24453531	+	24426615	24426696	0.0	0.2901314173421763	gex=0	26898	24440082	24426655
GRM6	chr5	178977587	178996206	-	178996156	178996206	0.0	0.2901314173421763	gex=0	18620	178986896	178996181
GNB3	chr12	6839954	6847393	+	6840385	6840420	0.0	0.2901314173421763	gex=0	7440	6843673	6840402
IDO1	chr8	39902275	39928790	+	39924719	39924769	0.0	0.2901314173421763	gex=0	26516	39915532	39924744
MAP2K5	chr15	67542703	67807117	+	67640552	67640602	0.0	0.2901314173421763	gex=0	264415	67674910	67640577
TNFRSF1A	chr12	6328757	6342114	-	6331097	6331147	0.0	0.2901314173421763	gex=0	13358	6335435	6331122
MIA-RAB4B	chr19	40771648	40796943	+	40771647	40771697	0.0	0.2901314173421763	gex=0	25296	40784295	40771672
DPYSL4	chr10	132186948	132205759	+	132186977	132187027	0.0	0.2901314173421763	gex=0	18812	132196353	132187002
REC114	chr15	73443164	73560013	+	73443157	73443207	0.0	0.2901314173421763	gex=0	116850	73501588	73443182
RFX7	chr15	56087280	56245082	-	56144400	56144435	0.0	0.2901314173421763	gex=0	157803	56166181	56144417
GNAO1	chr16	56191390	56357444	+	56193652	56193702	0.0	0.2901314173421763	gex=0	166055	56274417	56193677
EIF4EBP3	chr5	140547662	140549576	+	140547665	140547715	0.0	0.2901314173421763	gex=0	1915	140548619	140547690
LAMB4	chr7	108023548	108130361	-	108130306	108130356	0.0	0.2901314173421763	gex=0	106814	108076954	108130331
MYBPC3	chr11	47331406	47352702	-	47352652	47352702	0.0	0.2901314173421763	gex=0	21297	47342054	47352677
GPT2	chr16	46884362	46931289	+	46915297	46915347	0.0	0.2901314173421763	gex=0	46928	46907825	46915322
ZNF556	chr19	2867335	2883445	+	2867334	2867384	0.0	0.2901314173421763	gex=0	16111	2875390	2867359
ALDOC	chr17	28573115	28576948	-	28575864	28575914	0.0	0.2901314173421763	gex=0	3834	28575031	28575889
CAMKK2	chr12	121237675	121298308	-	121297513	121297563	0.0	0.2901314173421763	gex=0	60634	121267991	121297538
CPSF2	chr14	92121969	92172145	+	92154020	92154070	0.0	0.2901314173421763	gex=0	50177	92147057	92154045
FOLR3	chr11	72114869	72139892	+	72135709	72135759	0.0	0.2901314173421763	gex=0	25024	72127380	72135734
ESRP2	chr16	68229033	68238102	-	68234114	68234164	0.0	0.2901314173421763	gex=0	9070	68233567	68234139
AGTR1	chr3	148697784	148743008	+	148730123	148730173	0.0	0.2901314173421763	gex=0	45225	148720396	148730148
DOK7	chr4	3463306	3501473	+	3484543	3484593	0.0	0.2901314173421763	gex=0	38168	3482389	3484568
ZKSCAN7	chr3	44555193	44594173	+	44557356	44557406	0.0	0.2901314173421763	gex=0	38981	44574683	44557381
FRMD6	chr14	51489100	51730727	+	51489099	51489149	0.0	0.2901314173421763	gex=0	241628	51609913	51489124
CLCN7	chr16	1444934	1475084	-	1451919	1451969	0.0	0.2901314173421763	gex=0	30151	1460009	1451944
NPIPB2	chr16	11927259	11976643	-	11929293	11929343	0.0	0.2901314173421763	gex=0	49385	11951951	11929318
SNX5	chr20	17941597	17968980	-	17945480	17945530	0.0	0.2901314173421763	gex=0	27384	17955288	17945505
RGS9	chr17	65100812	65227703	+	65137523	65137573	0.0	0.2901314173421763	gex=0	126892	65164257	65137548
CDH18	chr5	19471296	20575873	-	20575823	20575873	0.0	0.2901314173421763	gex=0	1104578	20023584	20575848
IMPG2	chr3	101222546	101320575	-	101320510	101320560	0.0	0.2901314173421763	gex=0	98030	101271560	101320535
ALDH3B2	chr11	67662160	67681224	-	67673741	67673791	0.0	0.2901314173421763	gex=0	19065	67671692	67673766
HNF1A	chr12	120978543	121002512	+	120996389	120996439	0.0	0.2901314173421763	gex=0	23970	120990527	120996414
PRSS23	chr11	86791059	86952910	+	86800520	86800570	0.0	0.2901314173421763	gex=0	161852	86871984	86800545
ZNF589	chr3	48241100	48299253	+	48256586	48256636	0.0	0.2901314173421763	gex=0	58154	48270176	48256611
GSG1	chr12	13083532	13103683	-	13103633	13103683	0.0	0.2901314173421763	gex=0	20152	13093607	13103658
PTCHD3	chr10	27445487	27461668	-	27414318	27414368	0.0	0.2901314173421763	gex=0	16182	27453577	27414343
NPIPB5	chr16	22479121	22536521	+	22513518	22513568	0.0	0.2901314173421763	gex=0	57401	22507821	22513543
BMPR1B	chr4	94757955	95158448	+	94757967	95091483	0.0	0.2901314173421763	gex=0	400494	94958201	94924725
GJA1	chr6	121435595	121449727	+	121435691	121435741	0.0	0.2901314173421763	gex=0	14133	121442661	121435716
DKK3	chr11	11956207	12009769	-	12009171	12009212	0.0	0.2901314173421763	gex=0	53563	11982988	12009191
CNGA3	chr2	98346188	98398601	+	98346154	98346204	0.0	0.2901314173421763	gex=0	52414	98372394	98346179
NPAS4	chr11	66421004	66426707	+	66421003	66421053	0.0	0.2901314173421763	gex=0	5704	66423855	66421028
DNAH5	chr5	13690328	14011818	-	13932406	13932456	0.0	0.2901314173421763	gex=0	321491	13851073	13932431
MYF5	chr12	80716912	80719671	+	80716911	80716961	0.0	0.2901314173421763	gex=0	2760	80718291	80716936
MYOZ1	chr10	73631612	73641474	-	73641707	73641757	0.0	0.2901314173421763	gex=0	9863	73636543	73641732
FGG	chr4	154604134	154612967	-	154612606	154612659	0.0	0.2901314173421763	gex=0	8834	154608550	154612632
SOX8	chr16	981770	986979	+	981807	981857	0.0	0.2901314173421763	gex=0	5210	984374	981832
TRIO	chr5	14143342	14532128	+	14406213	14406263	0.0	0.2901314173421763	gex=0	388787	14337735	14406238
EMC2	chr8	108443601	108489196	+	108464046	108464096	0.0	0.2901314173421763	gex=0	45596	108466398	108464071
DMRT3	chr9	976655	991732	+	989836	989886	0.0	0.2901314173421763	gex=0	15078	984193	989861
KHDC3L	chr6	73362658	73364171	+	73362676	73362726	0.0	0.2901314173421763	gex=0	1514	73363414	73362701
INHBC	chr12	57434784	57452062	+	57434759	57434809	0.0	0.2901314173421763	gex=0	17279	57443423	57434784
HEG1	chr3	124965710	125055997	-	125019446	125019496	0.0	0.2901314173421763	gex=0	90288	125010853	125019471
PCDHA6	chr5	140827958	141012347	+	140827977	140828027	0.0	0.2901314173421763	gex=0	184390	140920152	140828002
EPYC	chr12	90963682	91005026	-	91004976	91005026	0.0	0.2901314173421763	gex=0	41345	90984354	91005001
CALCA	chr11	14966668	14972351	-	14972223	14972354	0.0	0.2901314173421763	gex=0	5684	14969509	14972288
COL27A1	chr9	114155537	114312511	+	114168607	114168657	0.0	0.2901314173421763	gex=0	156975	114234024	114168632
MAMDC2	chr9	70043848	70226972	+	70168614	70168664	0.0	0.2901314173421763	gex=0	183125	70135410	70168639
OR13A1	chr10	45302654	45315608	-	45307788	45307838	0.0	0.2901314173421763	gex=0	12955	45309131	45307813
CDH26	chr20	59958423	60034011	+	59996393	59996443	0.0	0.2901314173421763	gex=0	75589	59996217	59996418
GPRC5B	chr16	19856691	19886167	-	19884814	19884904	0.0	0.2901314173421763	gex=0	29477	19871429	19884859
AGAP9	chr10	47501854	47523638	-	47523588	47523638	0.0	0.2901314173421763	gex=0	21785	47512746	47523613
C3orf56	chr3	127193131	127198185	+	127193130	127193180	0.0	0.2901314173421763	gex=0	5055	127195658	127193155
CPN1	chr10	100042193	100081869	-	100065344	100065394	0.0	0.2901314173421763	gex=0	39677	100062031	100065369
MUC22	chr6	31010474	31035402	+	31010473	31010523	0.0	0.2901314173421763	gex=0	24929	31022938	31010498
GPD1	chr12	50103982	50111313	+	50104346	50104396	0.0	0.2901314173421763	gex=0	7332	50107647	50104371
ADAMTSL3	chr15	83654088	84039842	+	83870911	83870959	0.0	0.2901314173421763	gex=0	385755	83846965	83870935
KCNH8	chr3	19148510	19535642	+	19148533	19148583	0.0	0.2901314173421763	gex=0	387133	19342076	19148558
CA10	chr17	51630313	52160017	-	52158013	52158063	0.0	0.2901314173421763	gex=0	529705	51895165	52158038
FAM71C	chr12	99647753	99650114	+	99647752	99647802	0.0	0.2901314173421763	gex=0	2362	99648933	99647777
GABBR1	chr6	29555714	29633284	-	29624211	29624261	0.0	0.2901314173421763	gex=0	77571	29594499	29624236
FAM205C	chr9	34889066	34895764	-	34895728	34895778	0.0	0.2901314173421763	gex=0	6699	34892415	34895753
LRRC31	chr3	169839172	169869935	-	169869880	169869930	0.0	0.2901314173421763	gex=0	30764	169854553	169869905
PITX3	chr10	102230186	102241512	-	102232033	102232083	0.0	0.2901314173421763	gex=0	11327	102235849	102232058
COL10A1	chr6	116118909	116158747	-	116126083	116126133	0.0	0.2901314173421763	gex=0	39839	116138828	116126108
EPHA7	chr6	93240020	93419687	-	93419497	93419547	0.0	0.2901314173421763	gex=0	179668	93329853	93419522
CLDN25	chr11	113779747	113780500	+	113779746	113779796	0.0	0.2901314173421763	gex=0	754	113780123	113779771
C3orf14	chr3	62319015	62336213	+	62319720	62319770	0.0	0.2901314173421763	gex=0	17199	62327614	62319745
AFM	chr4	73481745	73504001	+	73495114	73495164	0.0	0.2901314173421763	gex=0	22257	73492873	73495139
IQCF6	chr3	51778561	51779241	-	51779172	51779187	0.0	0.2901314173421763	gex=0	681	51778901	51779179
COL14A1	chr8	120059780	120373573	+	120196800	120196850	0.0	0.2901314173421763	gex=0	313794	120216676	120196825
SCT	chr11	626309	627181	-	627093	627143	0.0	0.2901314173421763	gex=0	873	626745	627118
ABHD17A	chr19	1876810	1885496	-	1883750	1883800	0.0	0.2901314173421763	gex=0	8687	1881153	1883775
OR8D4	chr11	123902167	123909229	+	123906145	123906195	0.0	0.2901314173421763	gex=0	7063	123905698	123906170
OR1N1	chr9	122526358	122527296	-	122527246	122527296	0.0	0.2901314173421763	gex=0	939	122526827	122527271
H2AC17	chr6	27892699	27893185	-	27893099	27893149	0.0	0.2901314173421763	gex=0	487	27892942	27893124
OTX2	chr14	56799905	56816693	-	56810429	56810479	0.0	0.2901314173421763	gex=0	16789	56808299	56810454
ATAT1	chr6	30616685	30636664	+	30641821	30641870	0.0	0.2901314173421763	gex=0	19980	30626674	30641845
UNC5CL	chr6	41026895	41039221	-	41035085	41035135	0.0	0.2901314173421763	gex=0	12327	41033058	41035110
FOXB1	chr15	60004234	60061730	+	60004221	60036179	0.0	0.2901314173421763	gex=0	57497	60032982	60020200
SOWAHB	chr4	76894152	76898144	-	76898097	76898147	0.0	0.2901314173421763	gex=0	3993	76896148	76898122
SLC20A2	chr8	42416475	42541926	-	42541158	42541208	0.0	0.2901314173421763	gex=0	125452	42479200	42541183
CCNYL1	chr2	207711540	207761839	+	207742273	207742323	0.0	0.2901314173421763	gex=0	50300	207736689	207742298
NXPH3	chr17	49575871	49583827	+	49575857	49575907	0.0	0.2901314173421763	gex=0	7957	49579849	49575882
SHC2	chr19	416589	461033	-	460528	460571	0.0	0.2901314173421763	gex=0	44445	438811	460549
SLC25A2	chr5	141302635	141304049	-	141303995	141304045	0.0	0.2901314173421763	gex=0	1415	141303342	141304020
SLX1A	chr16	30193875	30197561	+	30193886	30193936	0.0	0.2901314173421763	gex=0	3687	30195718	30193911
CLPS	chr6	35794982	35797344	-	35797294	35797344	0.0	0.2901314173421763	gex=0	2363	35796163	35797319
SCART1	chr10	133453928	133523558	+	133466973	133467023	0.0	0.2901314173421763	gex=0	69631	133488743	133466998
GFRA3	chr5	138252380	138274621	-	138274515	138274565	0.0	0.2901314173421763	gex=0	22242	138263500	138274540
SORBS3	chr8	22544986	22575788	+	22544985	22545035	0.0	0.2901314173421763	gex=0	30803	22560387	22545010
RIPK3	chr14	24336025	24340022	-	24337352	24337402	0.0	0.2901314173421763	gex=0	3998	24338023	24337377
RNASE8	chr14	21057822	21058455	+	21057821	21057871	0.0	0.2901314173421763	gex=0	634	21058138	21057846
ITPRID2	chr2	181891730	181930738	+	181898858	181898908	0.0	0.2901314173421763	gex=0	39009	181911234	181898883
CHRNA5	chr15	78565520	78595269	+	78590361	78590411	0.0	0.2901314173421763	gex=0	29750	78580394	78590386
THADA	chr2	43230851	43596038	-	43391872	43391922	0.0	0.2901314173421763	gex=0	365188	43413444	43391897
KCNS1	chr20	45091214	45101127	-	45100920	45100967	0.0	0.2901314173421763	gex=0	9914	45096170	45100943
ABHD12B	chr14	50872053	50904970	+	50893739	50893758	0.0	0.2901314173421763	gex=0	32918	50888511	50893748
TYRP1	chr9	12685439	12710285	+	12701644	12701694	0.0	0.2901314173421763	gex=0	24847	12697862	12701669
PRICKLE1	chr12	42456757	42590355	-	42589694	42589744	0.0	0.2901314173421763	gex=0	133599	42523556	42589719
ESRRB	chr14	76310712	76501837	+	76439641	76439691	0.0	0.2901314173421763	gex=0	191126	76406274	76439666
OR10AD1	chr12	48202339	48203292	-	48203337	48203387	0.0	0.2901314173421763	gex=0	954	48202815	48203362
ANK1	chr8	41653220	41896762	-	41665224	41665274	0.0	0.2901314173421763	gex=0	243543	41774991	41665249
ZCWPW1	chr7	100400826	100428992	-	100409495	100409545	0.0	0.2901314173421763	gex=0	28167	100414909	100409520
ARPC5L	chr9	124862130	124877733	+	124862129	124862179	0.0	0.2901314173421763	gex=0	15604	124869931	124862154
MIOX	chr22	50486784	50490648	+	50486875	50486912	0.0	0.2901314173421763	gex=0	3865	50488716	50486893
SAV1	chr14	50632058	50668306	-	50665315	50665365	0.0	0.2901314173421763	gex=0	36249	50650182	50665340
MAB21L4	chr2	240886048	240896889	-	240896106	240896156	0.0	0.2901314173421763	gex=0	10842	240891468	240896131
OR52A5	chr11	5128776	5138356	-	5132592	5132642	0.0	0.2901314173421763	gex=0	9581	5133566	5132617
OXTR	chr3	8750381	8769628	-	8769567	8769617	0.0	0.2901314173421763	gex=0	19248	8760004	8769592
TTLL9	chr20	31870634	31945000	+	31879805	31879866	0.0	0.2901314173421763	gex=0	74367	31907817	31879835
OR1J2	chr9	122510802	122511743	+	122510801	122510851	0.0	0.2901314173421763	gex=0	942	122511272	122510826
MFAP4	chr17	19383442	19387190	-	19387140	19387190	0.0	0.2901314173421763	gex=0	3749	19385316	19387165
NARF	chr17	82458180	82490537	+	82480467	82480517	0.0	0.2901314173421763	gex=0	32358	82474358	82480492
C9orf78	chr9	129827290	129835863	-	129830635	129830685	0.0	0.2901314173421763	gex=0	8574	129831576	129830660
SYCP2	chr20	59863564	59933655	-	59915639	59915689	0.0	0.2901314173421763	gex=0	70092	59898609	59915664
TCERG1L	chr10	131092391	131311721	-	131311671	131311721	0.0	0.2901314173421763	gex=0	219331	131202056	131311696
SLC26A5	chr7	103352730	103446207	-	103443146	103443196	0.0	0.2901314173421763	gex=0	93478	103399468	103443171
ACTL7B	chr9	108854588	108855986	-	108856917	108856967	0.0	0.2901314173421763	gex=0	1399	108855287	108856942
SLC40A1	chr2	189560590	189583758	-	189581981	189582031	0.0	0.2901314173421763	gex=0	23169	189572174	189582006
DDX18	chr2	117814691	117832377	+	117824336	117824386	0.0	0.2901314173421763	gex=0	17687	117823534	117824361
ESM1	chr5	54977867	55022671	-	55022627	55022671	0.0	0.2901314173421763	gex=0	44805	55000269	55022649
SLC26A3	chr7	107765467	107803225	-	107803175	107803225	0.0	0.2901314173421763	gex=0	37759	107784346	107803200
BMI1	chr10	22321099	22331484	+	22321584	22321634	0.0	0.2901314173421763	gex=0	10386	22326291	22321609
RTKN2	chr10	62183035	62268844	-	62268657	62268707	0.0	0.2901314173421763	gex=0	85810	62225939	62268682
KRTAP11-1	chr21	30880644	30881580	-	30881505	30881555	0.0	0.2901314173421763	gex=0	937	30881112	30881530
PEX2	chr8	76980258	77001044	-	77000897	77000947	0.0	0.2901314173421763	gex=0	20787	76990651	77000922
ERBB4	chr2	211375717	212538841	-	212124865	212124915	0.0	0.2901314173421763	gex=0	1163125	211957279	212124890
NEUROD4	chr12	55019974	55030017	+	55019944	55019994	0.0	0.2901314173421763	gex=0	10044	55024995	55019969
RELA	chr11	65653599	65663090	-	65663040	65663090	0.0	0.2901314173421763	gex=0	9492	65658344	65663065
ACOX1	chr17	75941507	75979177	-	75955565	75955589	0.0	0.2901314173421763	gex=0	37671	75960342	75955577
CD200R1L	chr3	112815709	112846864	-	112845893	112845943	0.0	0.2901314173421763	gex=0	31156	112831286	112845918
MTIF2	chr2	55236595	55269347	-	55269088	55269138	0.0	0.2901314173421763	gex=0	32753	55252971	55269113
CD83	chr6	14117256	14136918	+	14117255	14117299	0.0	0.2901314173421763	gex=0	19663	14127087	14117277
TBX10	chr11	67631303	67639763	-	67639510	67639560	0.0	0.2901314173421763	gex=0	8461	67635533	67639535
RANBP3L	chr5	36246913	36302114	-	36301852	36301902	0.0	0.2901314173421763	gex=0	55202	36274513	36301877
ENPEP	chr4	110365733	110565285	+	110513488	110513538	0.0	0.2901314173421763	gex=0	199553	110465509	110513513
FANCF	chr11	22622533	22625823	-	22626737	22626787	0.0	0.2901314173421763	gex=0	3291	22624178	22626762
AMHR2	chr12	53423855	53431672	+	53423865	53423915	0.0	0.2901314173421763	gex=0	7818	53427763	53423890
LHX6	chr9	122202577	122229626	-	122228381	122228431	0.0	0.2901314173421763	gex=0	27050	122216101	122228406
RBP5	chr12	7115736	7128889	-	7128892	7128942	0.0	0.2901314173421763	gex=0	13154	7122312	7128917
TPH1	chr11	18017555	18046269	-	18041275	18041325	0.0	0.2901314173421763	gex=0	28715	18031912	18041300
METTL7B	chr12	55681736	55684611	+	55681677	55681727	0.0	0.2901314173421763	gex=0	2876	55683173	55681702
MIEF1	chr22	39499432	39518132	+	39501730	39501780	0.0	0.2901314173421763	gex=0	18701	39508782	39501755
TRIM6-TRIM34	chr11	5596725	5644398	+	5596724	5596774	0.0	0.2901314173421763	gex=0	47674	5620561	5596749
DDX47	chr12	12813316	12829981	+	12820276	12820321	0.0	0.2901314173421763	gex=0	16666	12821648	12820298
RNF24	chr20	3927309	4015558	-	4015339	4015389	0.0	0.2901314173421763	gex=0	88250	3971433	4015364
ASAH2	chr10	50182778	50279720	-	50199096	50199146	0.0	0.2901314173421763	gex=0	96943	50231249	50199121
PCDHGA4	chr5	141355021	141512975	+	141355024	141355074	0.0	0.2901314173421763	gex=0	157955	141433998	141355049
MRGPRX1	chr11	18933499	18939414	-	18939457	18939507	0.0	0.2901314173421763	gex=0	5916	18936456	18939482
LMTK3	chr19	48485271	48513935	-	48511754	48513189	0.0	0.2901314173421763	gex=0	28665	48499603	48512471
LDHAL6B	chr15	59206843	59208588	+	59206822	59206872	0.0	0.2901314173421763	gex=0	1746	59207715	59206847
OR5V1	chr6	29355241	29431509	-	29431917	29431967	0.0	0.2901314173421763	gex=0	76269	29393375	29431942
GOLGA6C	chr15	75258334	75273455	+	75258598	75258648	0.0	0.2901314173421763	gex=0	15122	75265894	75258623
SLC6A18	chr5	1225381	1246189	+	1225408	1225458	0.0	0.2901314173421763	gex=0	20809	1235785	1225433
RNF43	chr17	58353676	58417595	-	58417035	58417085	0.0	0.2901314173421763	gex=0	63920	58385635	58417060
CYP3A7-CYP3A51P	chr7	99684957	99735102	-	99735052	99735102	0.0	0.2901314173421763	gex=0	50146	99710029	99735077
RPF2	chr6	110982015	111028263	+	110982315	110982365	0.0	0.2901314173421763	gex=0	46249	111005139	110982340
TRMT10C	chr3	101561868	101566446	+	101562040	101562090	0.0	0.2901314173421763	gex=0	4579	101564157	101562065
GHRH	chr20	37251086	37261819	-	37261785	37261835	0.0	0.2901314173421763	gex=0	10734	37256452	37261810
PPARA	chr22	46150521	46243755	+	46154996	46155046	0.0	0.2901314173421763	gex=0	93235	46197138	46155021
PEBP4	chr8	22713251	23000000	-	22999950	23000000	0.0	0.2901314173421763	gex=0	286750	22856625	22999975
FRYL	chr4	48497357	48780322	-	48564934	48564984	0.0	0.2901314173421763	gex=0	282966	48638839	48564959
AQP12A	chr2	240691866	240698483	+	240691844	240691894	0.0	0.2901314173421763	gex=0	6618	240695174	240691869
PKD1L1	chr7	47740202	47948466	-	47827416	47827466	0.0	0.2901314173421763	gex=0	208265	47844334	47827441
CACNG4	chr17	66964707	67033398	+	66964909	66964959	0.0	0.2901314173421763	gex=0	68692	66999052	66964934
BCAM	chr19	44809071	44821421	+	44818530	44818580	0.0	0.2901314173421763	gex=0	12351	44815246	44818555
SLC12A2	chr5	128083766	128189677	+	128178379	128178429	0.0	0.2901314173421763	gex=0	105912	128136721	128178404
OR52E4	chr11	5880629	5887079	+	5884270	5884320	0.0	0.2901314173421763	gex=0	6451	5883854	5884295
VSTM5	chr11	93818232	93850618	-	93820742	93820759	0.0	0.2901314173421763	gex=0	32387	93834425	93820750
TCF15	chr20	604257	610309	-	610348	610398	0.0	0.2901314173421763	gex=0	6053	607283	610373
C1S	chr12	6988259	7071032	+	7067394	7067444	0.0	0.2901314173421763	gex=0	82774	7029645	7067419
DPEP1	chr16	89613308	89638456	+	89613672	89613719	0.0	0.2901314173421763	gex=0	25149	89625882	89613695
VSNL1	chr2	17539126	17657018	+	17539125	17539175	0.0	0.2901314173421763	gex=0	117893	17598072	17539150
FBLN1	chr22	45502238	45601135	+	45502276	45502326	0.0	0.2901314173421763	gex=0	98898	45551686	45502301
ZNF26	chr12	132986365	133032952	+	133026551	133026601	0.0	0.2901314173421763	gex=0	46588	133009658	133026576
ZNF366	chr5	72439903	72507410	-	72507343	72507393	0.0	0.2901314173421763	gex=0	67508	72473656	72507368
OR9K2	chr12	55126406	55132750	+	55129680	55129730	0.0	0.2901314173421763	gex=0	6345	55129578	55129705
ERBIN	chr5	65926556	66082546	+	66068876	66068926	0.0	0.2901314173421763	gex=0	155991	66004551	66068901
MED22	chr9	133338312	133348131	-	133347729	133347779	0.0	0.2901314173421763	gex=0	9820	133343221	133347754
DHFR	chr5	80626226	80654983	-	80654051	80654101	0.0	0.2901314173421763	gex=0	28758	80640604	80654076
PARD3B	chr2	204545475	205620162	+	204545999	204546049	0.0	0.2901314173421763	gex=0	1074688	205082818	204546024
ACLY	chr17	41866917	41930542	-	41870669	41870719	0.0	0.2901314173421763	gex=0	63626	41898729	41870694
DNER	chr2	229357629	229714555	-	229587127	229587177	0.0	0.2901314173421763	gex=0	356927	229536092	229587152
ACER1	chr19	6306142	6333612	-	6333579	6333629	0.0	0.2901314173421763	gex=0	27471	6319877	6333604
SHANK2	chr11	70467854	71252577	-	71252527	71252577	0.0	0.2901314173421763	gex=0	784724	70860215	71252552
IKBKB	chr8	42271302	42332460	+	42272082	42272132	0.0	0.2901314173421763	gex=0	61159	42301881	42272107
ZNF596	chr8	232137	264703	+	232183	232233	0.0	0.2901314173421763	gex=0	32567	248420	232208
PDK2	chr17	50094737	50112152	+	50095736	50095786	0.0	0.2901314173421763	gex=0	17416	50103444	50095761
REP15	chr12	27696447	27697596	+	27696518	27696568	0.0	0.2901314173421763	gex=0	1150	27697021	27696543
HOMER1	chr5	79372636	79514134	-	79514167	79514217	0.0	0.2901314173421763	gex=0	141499	79443385	79514192
KCNK4	chr11	64291302	64300031	+	64291741	64291785	0.0	0.2901314173421763	gex=0	8730	64295666	64291763
PI15	chr8	74824534	74855029	+	74824785	74824835	0.0	0.2901314173421763	gex=0	30496	74839781	74824810
OR10H3	chr19	15737985	15742343	+	15741392	15741442	0.0	0.2901314173421763	gex=0	4359	15740164	15741417
TAF1L	chr9	32629454	32635669	-	32635619	32635669	0.0	0.2901314173421763	gex=0	6216	32632561	32635644
SLC14A1	chr18	45687025	45752520	+	45724126	45724176	0.0	0.2901314173421763	gex=0	65496	45719772	45724151
KRTAP2-2	chr17	41054498	41055230	-	41055180	41055230	0.0	0.2901314173421763	gex=0	733	41054864	41055205
APC2	chr19	1446302	1473244	+	1452197	1452247	0.0	0.2901314173421763	gex=0	26943	1459773	1452222
THRSP	chr11	78063861	78068351	+	78063860	78063910	0.0	0.2901314173421763	gex=0	4491	78066106	78063885
FRRS1L	chr9	109130293	109167249	-	109167241	109167291	0.0	0.2901314173421763	gex=0	36957	109148771	109167266
MGAT4C	chr12	85955666	86838904	-	86838854	86838904	0.0	0.2901314173421763	gex=0	883239	86397285	86838879
SPRED2	chr2	65310851	65432637	-	65366702	65366752	0.0	0.2901314173421763	gex=0	121787	65371744	65366727
TP53TG3F	chr16	33459045	33462249	+	33459044	33459094	0.0	0.2901314173421763	gex=0	3205	33460647	33459069
ATCAY	chr19	3879864	3928082	+	3880684	3880734	0.0	0.2901314173421763	gex=0	48219	3903973	3880709
DGKZ	chr11	46332905	46380554	+	46347587	46347637	0.0	0.2901314173421763	gex=0	47650	46356729	46347612
TRIM66	chr11	8612037	8682694	-	8671816	8671866	0.0	0.2901314173421763	gex=0	70658	8647365	8671841
MED15	chr22	20495913	20587632	+	20582929	20582967	0.0	0.2901314173421763	gex=0	91720	20541772	20582948
CEP95	chr17	64506865	64542461	+	64519320	64519370	0.0	0.2901314173421763	gex=0	35597	64524663	64519345
SERINC5	chr5	80111651	80256048	-	80167130	80167180	0.0	0.2901314173421763	gex=0	144398	80183849	80167155
FBXL7	chr5	15500180	15939795	+	15927887	15927937	0.0	0.2901314173421763	gex=0	439616	15719987	15927912
SAMD1	chr19	14087851	14091036	-	14090986	14091036	0.0	0.2901314173421763	gex=0	3186	14089443	14091011
SLC4A8	chr12	51391317	51515763	+	51391347	51391397	0.0	0.2901314173421763	gex=0	124447	51453540	51391372
GALNT12	chr9	98807670	98850081	+	98837074	98837124	0.0	0.2901314173421763	gex=0	42412	98828875	98837099
VPREB1	chr22	22244780	22245515	+	22244779	22244829	0.0	0.2901314173421763	gex=0	736	22245147	22244804
RBMS2	chr12	56521820	56596193	+	56521998	56522048	0.0	0.2901314173421763	gex=0	74374	56559006	56522023
NEUROD2	chr17	39603536	39609777	-	39607893	39607943	0.0	0.2901314173421763	gex=0	6242	39606656	39607918
CGREF1	chr2	27098889	27119128	-	27119065	27119115	0.0	0.2901314173421763	gex=0	20240	27109008	27119090
BAG3	chr10	119651380	119677819	+	119656609	119656659	0.0	0.2901314173421763	gex=0	26440	119664599	119656634
WWOX	chr16	78099400	79212667	+	78130048	78130098	0.0	0.2901314173421763	gex=0	1113268	78656033	78130073
ACP3	chr3	132317369	132368298	+	132337351	132337401	0.0	0.2901314173421763	gex=0	50930	132342833	132337376
PABPC1	chr8	100685816	100722809	-	100722759	100722809	0.0	0.2901314173421763	gex=0	36994	100704312	100722784
DEFB103B	chr8	7428888	7430348	-	7430298	7430348	0.0	0.2901314173421763	gex=0	1461	7429618	7430323
PCDH8	chr13	52842889	52848641	-	52848591	52848641	0.0	0.2901314173421763	gex=0	5753	52845765	52848616
EVPLL	chr17	18387383	18399252	+	18386403	18386453	0.0	0.2901314173421763	gex=0	11870	18393317	18386428
SERPINB5	chr18	63476958	63505085	+	63476957	63477007	0.0	0.2901314173421763	gex=0	28128	63491021	63476982
C3orf84	chr3	49177634	49191858	-	49189974	49190024	0.0	0.2901314173421763	gex=0	14225	49184746	49189999
SMIM18	chr8	30638580	30646064	+	30643479	30643514	0.0	0.2901314173421763	gex=0	7485	30642322	30643496
GAS2L3	chr12	100573683	100628288	+	100594773	100594823	0.0	0.2901314173421763	gex=0	54606	100600985	100594798
ENPP7	chr17	79730943	79742219	+	79730918	79730968	0.0	0.2901314173421763	gex=0	11277	79736581	79730943
LTB4R2	chr14	24305733	24312052	+	24310139	24310189	0.0	0.2901314173421763	gex=0	6320	24308892	24310164
NEFH	chr22	29480218	29491390	+	29480229	29480279	0.0	0.2901314173421763	gex=0	11173	29485804	29480254
CSF1R	chr5	150053291	150113372	-	150086504	150086554	0.0	0.2901314173421763	gex=0	60082	150083331	150086529
MTSS2	chr16	70661204	70686053	-	70686016	70686066	0.0	0.2901314173421763	gex=0	24850	70673628	70686041
NRTN	chr19	5805067	5828324	+	5823801	5823851	0.0	0.2901314173421763	gex=0	23258	5816695	5823826
PCDH18	chr4	137518918	137532494	-	137529526	137529576	0.0	0.2901314173421763	gex=0	13577	137525706	137529551
EFHB	chr3	19879472	19947025	-	19933242	19933292	0.0	0.2901314173421763	gex=0	67554	19913248	19933267
ODF3	chr11	196761	200261	+	196952	197002	0.0	0.2901314173421763	gex=0	3501	198511	196977
PTPRD	chr9	8314246	10612723	-	8733896	8857776	0.0	0.2901314173421763	gex=0	2298478	9463484	8795836
KIR2DL3	chr19	54738510	54753069	+	54738514	54738564	0.0	0.2901314173421763	gex=0	14560	54745789	54738539
DSG4	chr18	31376777	31414912	+	31376776	31376826	0.0	0.2901314173421763	gex=0	38136	31395844	31376801
SI	chr3	164978898	165078496	-	165075964	165076014	0.0	0.2901314173421763	gex=0	99599	165028697	165075989
GLP1R	chr6	39048781	39091303	+	39048797	39048847	0.0	0.2901314173421763	gex=0	42523	39070042	39048822
SIM2	chr21	36699115	36749917	+	36699132	36699182	0.0	0.2901314173421763	gex=0	50803	36724516	36699157
TMPRSS4	chr11	118077012	118121890	+	118077011	118077087	0.0	0.2901314173421763	gex=0	44879	118099451	118077049
ZNF662	chr3	42906142	42919334	+	42906173	42906223	0.0	0.2901314173421763	gex=0	13193	42912738	42906198
TP53I11	chr11	44885903	44951306	-	44950992	44951042	0.0	0.2901314173421763	gex=0	65404	44918604	44951017
SPDYE9	chr7	73075972	73086038	-	73082045	73082095	0.0	0.2901314173421763	gex=0	10067	73081005	73082070
PHYH	chr10	13277796	13302412	-	13299499	13299549	0.0	0.2901314173421763	gex=0	24617	13290104	13299524
NPHS1	chr19	35825372	35869287	-	35848975	35848994	0.0	0.2901314173421763	gex=0	43916	35847329	35848984
GFOD1	chr6	13357830	13487662	-	13471994	13472044	0.0	0.2901314173421763	gex=0	129833	13422746	13472019
IFNA16	chr9	21216373	21217311	-	21217261	21217311	0.0	0.2901314173421763	gex=0	939	21216842	21217286
SLC38A11	chr2	164894354	164955525	-	164955475	164955525	0.0	0.2901314173421763	gex=0	61172	164924939	164955500
FLRT2	chr14	85530144	85654428	+	85559308	85623739	0.0	0.2901314173421763	gex=0	124285	85592286	85591523
DNAAF9	chr20	3249306	3407669	-	3316040	3316090	0.0	0.2901314173421763	gex=0	158364	3328487	3316065
CGB1	chr19	49035569	49036895	-	49036845	49036895	0.0	0.2901314173421763	gex=0	1327	49036232	49036870
IFNA5	chr9	21304326	21305313	-	21305262	21305312	0.0	0.2901314173421763	gex=0	988	21304819	21305287
TBC1D3I	chr17	36355285	36366216	-	36264503	36264553	0.0	0.2901314173421763	gex=0	10932	36360750	36264528
AICDA	chr12	8602170	8612867	-	8606966	8607016	0.0	0.2901314173421763	gex=0	10698	8607518	8606991
LRBA	chr4	150264435	151015727	-	150683913	150683963	0.0	0.2901314173421763	gex=0	751293	150640081	150683938
KRTAP1-3	chr17	41033884	41034874	-	41034805	41034855	0.0	0.2901314173421763	gex=0	991	41034379	41034830
FZD7	chr2	202033855	202038441	+	202034586	202034636	0.0	0.2901314173421763	gex=0	4587	202036148	202034611
NGFR	chr17	49495293	49515008	+	49497390	49497440	0.0	0.2901314173421763	gex=0	19716	49505150	49497415
PRTN3	chr19	840960	848175	+	840959	841009	0.0	0.2901314173421763	gex=0	7216	844567	840984
CD3D	chr11	118339075	118342705	-	118342694	118342744	0.0	0.2901314173421763	gex=0	3631	118340890	118342719
SPDYE6	chr7	102345746	102356444	-	102356394	102356444	0.0	0.2901314173421763	gex=0	10699	102351095	102356419
NKX6-2	chr10	132783179	132786147	-	132784715	132784765	0.0	0.2901314173421763	gex=0	2969	132784663	132784740
CCDC144A	chr17	16689537	16777881	+	16690324	16690374	0.0	0.2901314173421763	gex=0	88345	16733709	16690349
ST18	chr8	52110838	52460959	-	52254298	52254348	0.0	0.2901314173421763	gex=0	350122	52285898	52254323
KRTAP21-1	chr21	30755015	30755428	-	30755378	30755428	0.0	0.2901314173421763	gex=0	414	30755221	30755403
RASD2	chr22	35540831	35553999	+	35540867	35540917	0.0	0.2901314173421763	gex=0	13169	35547415	35540892
C3	chr19	6677704	6730562	-	6679151	6679201	0.0	0.2901314173421763	gex=0	52859	6704133	6679176
TADA2A	chr17	37411498	37484368	+	37450564	37450614	0.0	0.2901314173421763	gex=0	72871	37447933	37450589
CAVIN1	chr17	42402449	42423256	-	42423467	42423517	0.0	0.2901314173421763	gex=0	20808	42412852	42423492
UCP1	chr4	140559431	140568961	-	140568755	140568805	0.0	0.2901314173421763	gex=0	9531	140564196	140568780
OR52M1	chr11	4545191	4546144	+	4545190	4545240	0.0	0.2901314173421763	gex=0	954	4545667	4545215
BFSP1	chr20	17493905	17569220	-	17569170	17569220	0.0	0.2901314173421763	gex=0	75316	17531562	17569195
HRCT1	chr9	35906202	35907136	+	35906191	35906241	0.0	0.2901314173421763	gex=0	935	35906669	35906216
CREB3L1	chr11	46277662	46321409	+	46295125	46295175	0.0	0.2901314173421763	gex=0	43748	46299535	46295150
SYNDIG1L	chr14	74405894	74426210	-	74409756	74409806	0.0	0.2901314173421763	gex=0	20317	74416052	74409781
PKDCC	chr2	42048021	42058517	+	42054956	42055006	0.0	0.2901314173421763	gex=0	10497	42053269	42054981
NRARP	chr9	137299631	137302271	-	137302201	137302251	0.0	0.2901314173421763	gex=0	2641	137300951	137302226
ATP8B4	chr15	49858238	50182817	-	49879538	49879588	0.0	0.2901314173421763	gex=0	324580	50020527	49879563
ACSM2B	chr16	20536226	20576427	-	20576290	20576340	0.0	0.2901314173421763	gex=0	40202	20556326	20576315
PRAC1	chr17	48721719	48722518	-	48722472	48722522	0.0	0.2901314173421763	gex=0	800	48722118	48722497
NOMO1	chr16	15317897	15380303	+	14833680	14833730	0.0	0.2901314173421763	gex=0	62407	15349100	14833705
TRAM2	chr6	52497408	52577060	-	52576865	52576915	0.0	0.2901314173421763	gex=0	79653	52537234	52576890
CTAGE1	chr18	22413599	22417915	-	22414817	22414867	0.0	0.2901314173421763	gex=0	4317	22415757	22414842
HDGFL2	chr19	4472297	4502208	+	4474911	4474961	0.0	0.2901314173421763	gex=0	29912	4487252	4474936
FGL1	chr8	17864380	17910365	-	17874615	17874665	0.0	0.2901314173421763	gex=0	45986	17887372	17874640
TRIM47	chr17	75874164	75878581	-	75878163	75878213	0.0	0.2901314173421763	gex=0	4418	75876372	75878188
CABYR	chr18	24138987	24161600	+	24159815	24159865	0.0	0.2901314173421763	gex=0	22614	24150293	24159840
GABRB3	chr15	26543546	26939539	-	26615667	26615717	0.0	0.2901314173421763	gex=0	395994	26741542	26615692
COX7A1	chr19	36150922	36152449	-	36152399	36152449	0.0	0.2901314173421763	gex=0	1528	36151685	36152424
MEGF8	chr19	42325609	42378769	+	42360969	42361006	0.0	0.2901314173421763	gex=0	53161	42352189	42360987
EPOP	chr17	38671703	38674957	-	38675371	38675421	0.0	0.2901314173421763	gex=0	3255	38673330	38675396
PRR23D2	chr8	7778591	7781413	-	7781363	7781413	0.0	0.2901314173421763	gex=0	2823	7780002	7781388
OR10A7	chr12	55221025	55221975	+	55221024	55221074	0.0	0.2901314173421763	gex=0	951	55221500	55221049
NRXN1	chr2	49918503	51225575	-	51032064	51032151	0.0	0.2901314173421763	gex=0	1307073	50572039	51032107
GLT8D2	chr12	103988987	104064183	-	104029726	104029776	0.0	0.2901314173421763	gex=0	75197	104026585	104029751
PRR15	chr7	29563835	29567293	+	29565449	29565499	0.0	0.2901314173421763	gex=0	3459	29565564	29565474
NXPH4	chr12	57216794	57226449	+	57216794	57216878	0.0	0.2901314173421763	gex=0	9656	57221621	57216836
ATP12A	chr13	24680408	24712472	+	24680410	24680460	0.0	0.2901314173421763	gex=0	32065	24696440	24680435
ZSWIM2	chr2	186827475	186849208	-	186849120	186849170	0.0	0.2901314173421763	gex=0	21734	186838341	186849145
SP9	chr2	174334954	174338500	+	174334945	174334995	0.0	0.2901314173421763	gex=0	3547	174336727	174334970
ZSWIM4	chr19	13795460	13832230	+	13795459	13795509	0.0	0.2901314173421763	gex=0	36771	13813845	13795484
PIP5KL1	chr9	127920881	127930785	-	127927152	127927186	0.0	0.2901314173421763	gex=0	9905	127925833	127927169
GRIA4	chr11	105609994	105982092	+	105610997	105611047	0.0	0.2901314173421763	gex=0	372099	105796043	105611022
MGAT5	chr2	134119983	134454621	+	134119982	134120032	0.0	0.2901314173421763	gex=0	334639	134287302	134120007
NRP2	chr2	205681990	205798133	+	205683259	205683309	0.0	0.2901314173421763	gex=0	116144	205740061	205683284
IQCH	chr15	67254786	67502260	+	67357344	67357394	0.0	0.2901314173421763	gex=0	247475	67378523	67357369
GALNT6	chr12	51351247	51392867	-	51391905	51391955	0.0	0.2901314173421763	gex=0	41621	51372057	51391930
ABCC3	chr17	50634777	50692253	+	50674215	50674265	0.0	0.2901314173421763	gex=0	57477	50663515	50674240
OR52H1	chr11	5544489	5548540	-	5545473	5545523	0.0	0.2901314173421763	gex=0	4052	5546514	5545498
OR4K13	chr14	20029399	20036038	-	20034710	20034760	0.0	0.2901314173421763	gex=0	6640	20032718	20034735
PID1	chr2	228850526	229271287	-	229245010	229245060	0.0	0.2901314173421763	gex=0	420762	229060906	229245035
AKAP12	chr6	151239967	151358559	+	151325687	151325737	0.0	0.2901314173421763	gex=0	118593	151299263	151325712
TRPA1	chr8	72019917	72075584	-	72046512	72046545	0.0	0.2901314173421763	gex=0	55668	72047750	72046528
PTPRCAP	chr11	67435510	67437682	-	67438017	67438067	0.0	0.2901314173421763	gex=0	2173	67436596	67438042
TTBK1	chr6	43243481	43288258	+	43247988	43248038	0.0	0.2901314173421763	gex=0	44778	43265869	43248013
ALOXE3	chr17	8095900	8119047	-	8118997	8119047	0.0	0.2901314173421763	gex=0	23148	8107473	8119022
CRYBA1	chr17	29246859	29254494	+	29246873	29246894	0.0	0.2901314173421763	gex=0	7636	29250676	29246883
OIT3	chr10	72893584	72933036	+	72893580	72893630	0.0	0.2901314173421763	gex=0	39453	72913310	72893605
LCN9	chr9	135663309	135666961	+	135663321	135663371	0.0	0.2901314173421763	gex=0	3653	135665135	135663346
OR52K2	chr11	4449295	4450361	+	4449294	4449344	0.0	0.2901314173421763	gex=0	1067	4449828	4449319
ALPK3	chr15	84817356	84873479	+	84863528	84863578	0.0	0.2901314173421763	gex=0	56124	84845417	84863553
NINL	chr20	25452697	25585531	-	25458926	25458976	0.0	0.2901314173421763	gex=0	132835	25519114	25458951
KHDC1L	chr6	73223544	73225770	-	73225720	73225770	0.0	0.2901314173421763	gex=0	2227	73224657	73225745
SDCBP	chr8	58552924	58582859	+	58552923	58552973	0.0	0.2901314173421763	gex=0	29936	58567891	58552948
ZSCAN30	chr18	35251058	35290245	-	35254571	35254621	0.0	0.2901314173421763	gex=0	39188	35270651	35254596
TAS2R43	chr12	11091308	11092334	-	11092263	11092313	0.0	0.2901314173421763	gex=0	1027	11091821	11092288
SLC12A7	chr5	1050378	1111210	-	1075384	1075434	0.0	0.2901314173421763	gex=0	60833	1080794	1075409
TBPL1	chr6	133952170	133990432	+	133984375	133984425	0.0	0.2901314173421763	gex=0	38263	133971301	133984400
ARFRP1	chr20	63698642	63708025	-	63700727	63700777	0.0	0.2901314173421763	gex=0	9384	63703333	63700752
MEP1B	chr18	32185069	32220404	+	32190024	32190074	0.0	0.2901314173421763	gex=0	35336	32202736	32190049
PRR20E	chr13	57167197	57170218	+	57167196	57167246	0.0	0.2901314173421763	gex=0	3022	57168707	57167221
CPVL	chr7	28995235	29195451	-	29195186	29195236	0.0	0.2901314173421763	gex=0	200217	29095343	29195211
ACP7	chr19	39083913	39111493	+	39083912	39083957	0.0	0.2901314173421763	gex=0	27581	39097703	39083934
ASZ1	chr7	117363222	117428123	-	117428073	117428123	0.0	0.2901314173421763	gex=0	64902	117395672	117428098
CHST15	chr10	124007668	124093598	-	124093532	124093582	0.0	0.2901314173421763	gex=0	85931	124050633	124093557
CYP2C8	chr10	95036772	95069497	-	95069447	95069497	0.0	0.2901314173421763	gex=0	32726	95053134	95069472
AGAP4	chr10	45825594	45853875	-	45847423	45847473	0.0	0.2901314173421763	gex=0	28282	45839734	45847448
NABP1	chr2	191678068	191741097	+	191683504	191683554	0.0	0.2901314173421763	gex=0	63030	191709582	191683529
PRB1	chr12	11351823	11355591	-	11355536	11355586	0.0	0.2901314173421763	gex=0	3769	11353707	11355561
RHBDF1	chr16	58059	76355	-	59731	59762	0.0	0.2901314173421763	gex=0	18297	67207	59746
EPCAM	chr2	47345158	47387601	+	47369474	47369544	0.0	0.2901314173421763	gex=0	42444	47366379	47369509
MYH1	chr17	10492307	10518542	-	10518519	10518543	0.0	0.2901314173421763	gex=0	26236	10505424	10518531
KCNA6	chr12	4809176	4813412	+	4809175	4809225	0.0	0.2901314173421763	gex=0	4237	4811294	4809200
TENM2	chr5	167284799	168264157	+	167754935	167754985	0.0	0.2901314173421763	gex=0	979359	167774478	167754960
HLA-DQA1	chr6	32628179	32647062	+	32628178	32628228	0.0	0.2901314173421763	gex=0	18884	32637620	32628203
COPS5	chr8	67043079	67083783	-	67061579	67061629	0.0	0.2901314173421763	gex=0	40705	67063431	67061604
ZBTB34	chr9	126860665	126885878	+	126879347	126879397	0.0	0.2901314173421763	gex=0	25214	126873271	126879372
KRTAP9-8	chr17	41237999	41239004	+	41238044	41238094	0.0	0.2901314173421763	gex=0	1006	41238501	41238069
RIMS4	chr20	44751808	44810546	-	44810288	44810338	0.0	0.2901314173421763	gex=0	58739	44781177	44810313
RPL21	chr13	27251362	27256691	+	27253764	27253814	0.0	0.2901314173421763	gex=0	5330	27254026	27253789
CYP2A7	chr19	40875439	40882752	-	40882181	40882231	0.0	0.2901314173421763	gex=0	7314	40879095	40882206
TRIM64C	chr11	49053714	49059112	-	49059062	49059112	0.0	0.2901314173421763	gex=0	5399	49056413	49059087
GDNF	chr5	37812677	37840041	-	37835777	37835827	0.0	0.2901314173421763	gex=0	27365	37826359	37835802
GNB4	chr3	179396088	179451476	-	179451426	179451476	0.0	0.2901314173421763	gex=0	55389	179423782	179451451
SLC6A16	chr19	49289638	49325215	-	49325175	49325225	0.0	0.2901314173421763	gex=0	35578	49307426	49325200
FAM189A2	chr9	69324567	69392558	+	69371265	69371315	0.0	0.2901314173421763	gex=0	67992	69358562	69371290
MTA3	chr2	42494569	42756947	+	42695764	42695814	0.0	0.2901314173421763	gex=0	262379	42625758	42695789
TMEM17	chr2	62500218	62511894	-	62511844	62511894	0.0	0.2901314173421763	gex=0	11677	62506056	62511869
CLYBL	chr13	99606669	99909459	+	99866316	99866366	0.0	0.2901314173421763	gex=0	302791	99758064	99866341
ADAM29	chr4	174829668	174978180	+	174918405	174918455	0.0	0.2901314173421763	gex=0	148513	174903924	174918430
TM7SF3	chr12	26971579	27014434	-	27012964	27013014	0.0	0.2901314173421763	gex=0	42856	26993006	27012989
ABCA2	chr9	137007234	137028915	-	137028827	137028877	0.0	0.2901314173421763	gex=0	21682	137018074	137028852
CLIC3	chr9	136994608	136996568	-	136995697	136995747	0.0	0.2901314173421763	gex=0	1961	136995588	136995722
LINC02203	chr15	21552795	21653276	+	21552794	21552844	0.0	0.2901314173421763	gex=0	100482	21603035	21552819
PCP4	chr21	39867438	39929397	+	39867438	39867500	0.0	0.2901314173421763	gex=0	61960	39898417	39867469
CD180	chr5	67179613	67196799	-	67186247	67186297	0.0	0.2901314173421763	gex=0	17187	67188206	67186272
DGLUCY	chr14	91060333	91225632	+	91175748	91175798	0.0	0.2901314173421763	gex=0	165300	91142982	91175773
LRRC24	chr8	144522388	144527033	-	144526968	144527032	0.0	0.2901314173421763	gex=0	4646	144524710	144527000
SLC2A13	chr12	39755025	40106089	-	39871831	39871881	0.0	0.2901314173421763	gex=0	351065	39930557	39871856
PRKD2	chr19	46674275	46717127	-	46697275	46697325	0.0	0.2901314173421763	gex=0	42853	46695701	46697300
RPN1	chr3	128619969	128681075	-	128627216	128627266	0.0	0.2901314173421763	gex=0	61107	128650522	128627241
MFSD5	chr12	53251251	53254406	+	53251250	53251300	0.0	0.2901314173421763	gex=0	3156	53252828	53251275
SLC5A11	chr16	24845841	24911628	+	24845840	24845890	0.0	0.2901314173421763	gex=0	65788	24878734	24845865
LIPA	chr10	89213569	89414557	-	89342654	89342704	0.0	0.2901314173421763	gex=0	200989	89314063	89342679
CD300LG	chr17	43847148	43863639	+	43847152	43847202	0.0	0.2901314173421763	gex=0	16492	43855393	43847177
FFAR1	chr19	35351552	35353862	+	35351551	35351601	0.0	0.2901314173421763	gex=0	2311	35352707	35351576
CCDC65	chr12	48904110	48931840	+	48904132	48904198	0.0	0.2901314173421763	gex=0	27731	48917975	48904165
ANKRA2	chr5	73552190	73565667	-	73562596	73562646	0.0	0.2901314173421763	gex=0	13478	73558928	73562621
SKOR2	chr18	47206169	47251660	-	47249133	47249183	0.0	0.2901314173421763	gex=0	45492	47228914	47249158
PPID	chr4	158709127	158723396	-	158710771	158710821	0.0	0.2901314173421763	gex=0	14270	158716261	158710796
TMEM120B	chr12	121712752	121783001	+	121776283	121776333	0.0	0.2901314173421763	gex=0	70250	121747876	121776308
DEFB4A	chr8	12096694	12098729	+	7894628	7894678	0.0	0.2901314173421763	gex=0	2036	12097711	7894653
FAM83B	chr6	54846771	54945099	+	54846770	54846820	0.0	0.2901314173421763	gex=0	98329	54895935	54846795
SH3D19	chr4	151102751	151325605	-	151120761	151120811	0.0	0.2901314173421763	gex=0	222855	151214178	151120786
ZNF710	chr15	90001324	90082206	+	90068013	90068063	0.0	0.2901314173421763	gex=0	80883	90041765	90068038
TPD52	chr8	80034745	80231232	-	80080346	80080396	0.0	0.2901314173421763	gex=0	196488	80132988	80080371
PCDHB14	chr5	141223343	141227759	+	141223358	141223408	0.0	0.2901314173421763	gex=0	4417	141225551	141223383
LRIT2	chr10	84220571	84225544	-	84225539	84225589	0.0	0.2901314173421763	gex=0	4974	84223057	84225564
SLC16A14	chr2	230034982	230068993	-	230068239	230068289	0.0	0.2901314173421763	gex=0	34012	230051987	230068264
SEC31B	chr10	100486646	100519864	-	100519788	100519859	0.0	0.2901314173421763	gex=0	33219	100503255	100519823
ZFP28	chr19	56538948	56556808	+	56539068	56539118	0.0	0.2901314173421763	gex=0	17861	56547878	56539093
PCARE	chr2	29060976	29074523	-	29062105	29062155	0.0	0.2901314173421763	gex=0	13548	29067749	29062130
NFE2L3	chr7	26152198	26187137	+	26184059	26184109	0.0	0.2901314173421763	gex=0	34940	26169667	26184084
SLC3A1	chr2	44275458	44321494	+	44275535	44275585	0.0	0.2901314173421763	gex=0	46037	44298476	44275560
CEP128	chr14	80476983	80959517	-	80959467	80959517	0.0	0.2901314173421763	gex=0	482535	80718250	80959492
RAX2	chr19	3769089	3772228	-	3772171	3772221	0.0	0.2901314173421763	gex=0	3140	3770658	3772196
GLDN	chr15	51341655	51408005	+	51341873	51341923	0.0	0.2901314173421763	gex=0	66351	51374830	51341898
OLR1	chr12	10158301	10172138	-	10172088	10172138	0.0	0.2901314173421763	gex=0	13838	10165219	10172113
SYNRG	chr17	37514807	37609472	-	37600938	37600988	0.0	0.2901314173421763	gex=0	94666	37562139	37600963
DPEP2	chr16	67987394	68000586	-	67994278	67994328	0.0	0.2901314173421763	gex=0	13193	67993990	67994303
RNF111	chr15	58865175	59097419	+	59083939	59083989	0.0	0.2901314173421763	gex=0	232245	58981297	59083964
ADORA2B	chr17	15945130	15975746	+	15944916	15944966	0.0	0.2901314173421763	gex=0	30617	15960438	15944941
ZFPM1	chr16	88453280	88537031	+	88453605	88453655	0.0	0.2901314173421763	gex=0	83752	88495155	88453630
BCL6	chr3	187721377	187745725	-	187736519	187736569	0.0	0.2901314173421763	gex=0	24349	187733551	187736544
GUCA1C	chr3	108907792	108953879	-	108953845	108953895	0.0	0.2901314173421763	gex=0	46088	108930835	108953870
CALR3	chr19	16479061	16496167	-	16496069	16496192	0.0	0.2901314173421763	gex=0	17107	16487614	16496130
RDH10	chr8	73294602	73325281	+	73297015	73297065	0.0	0.2901314173421763	gex=0	30680	73309941	73297040
LYZL6	chr17	35934518	35943699	-	35939217	35939262	0.0	0.2901314173421763	gex=0	9182	35939108	35939239
GIMAP1-GIMAP5	chr7	150716668	150743646	+	150716667	150716690	0.0	0.2901314173421763	gex=0	26979	150730157	150716678
UPP2	chr2	157876702	158136154	+	158101869	158101919	0.0	0.2901314173421763	gex=0	259453	158006428	158101894
WDR59	chr16	74871362	75000173	-	74886419	74886469	0.0	0.2901314173421763	gex=0	128812	74935767	74886444
C19orf38	chr19	10836575	10869790	+	10836574	10836624	0.0	0.2901314173421763	gex=0	33216	10853182	10836599
OR1J1	chr9	122476958	122477926	-	122477876	122477926	0.0	0.2901314173421763	gex=0	969	122477442	122477901
SALL3	chr18	78980275	79002677	+	78980274	78991731	0.0	0.2901314173421763	gex=0	22403	78991476	78986002
MS4A12	chr11	60492778	60507430	+	60492777	60492827	0.0	0.2901314173421763	gex=0	14653	60500104	60492802
HELT	chr4	185018490	185020953	+	185018840	185018890	0.0	0.2901314173421763	gex=0	2464	185019721	185018865
PHOSPHO1	chr17	49223366	49230787	-	49230716	49230766	0.0	0.2901314173421763	gex=0	7422	49227076	49230741
UTS2R	chr17	82371765	82377458	+	82374229	82374279	0.0	0.2901314173421763	gex=0	5694	82374611	82374254
KLF4	chr9	107484852	107490482	-	107489080	107489130	0.0	0.2901314173421763	gex=0	5631	107487667	107489105
TTC6	chr14	37595847	38041442	+	37827300	37827350	0.0	0.2901314173421763	gex=0	445596	37818644	37827325
PCMT1	chr6	149749443	149811420	+	149810039	149810089	0.0	0.2901314173421763	gex=0	61978	149780431	149810064
SOX7	chr8	10723768	10730511	-	10730462	10730512	0.0	0.2901314173421763	gex=0	6744	10727139	10730487
NFKBID	chr19	35887653	35902303	-	35896217	35896259	0.0	0.2901314173421763	gex=0	14651	35894978	35896238
C10orf90	chr10	126424997	126798708	-	126520809	126520859	0.0	0.2901314173421763	gex=0	373712	126611852	126520834
ZNF534	chr19	52429148	52452315	+	52431413	52431463	0.0	0.2901314173421763	gex=0	23168	52440731	52431438
FGF21	chr19	48755524	48758333	+	48755558	48755608	0.0	0.2901314173421763	gex=0	2810	48756928	48755583
ACP1	chr2	264140	278283	+	264139	264189	0.0	0.2901314173421763	gex=0	14144	271211	264164
RBFOX1	chr16	5239802	7713340	+	6483323	6483373	0.0	0.2901314173421763	gex=0	2473539	6476571	6483348
NCS1	chr9	130172404	130237303	+	130200431	130200481	0.0	0.2901314173421763	gex=0	64900	130204853	130200456
SMR3A	chr4	70360760	70367158	+	70360760	70360810	0.0	0.2901314173421763	gex=0	6399	70363959	70360785
CBFA2T3	chr16	88874858	88977207	-	88941150	88941200	0.0	0.2901314173421763	gex=0	102350	88926032	88941175
OR6B1	chr7	143925186	143933659	+	144003928	144003978	0.0	0.2901314173421763	gex=0	8474	143929422	144003953
HAUS6	chr9	19053141	19102904	-	19065034	19103119	0.0	0.2901314173421763	gex=0	49764	19078022	19084076
FOLR1	chr11	72189558	72196323	+	72190213	72192174	0.0	0.2901314173421763	gex=0	6766	72192940	72191193
TMEM225B	chr7	99598267	99611045	+	99598284	99598334	0.0	0.2901314173421763	gex=0	12779	99604656	99598309
TCF24	chr8	66946501	66962591	-	66955067	66955117	0.0	0.2901314173421763	gex=0	16091	66954546	66955092
FGL2	chr7	77193369	77199848	-	77199776	77199826	0.0	0.2901314173421763	gex=0	6480	77196608	77199801
PRDM7	chr16	90056566	90092072	-	90062275	90062325	0.0	0.2901314173421763	gex=0	35507	90074319	90062300
UBB	chr17	16380798	16382745	+	16381464	16381514	0.0	0.2901314173421763	gex=0	1948	16381771	16381489
KRTAP19-8	chr21	31038159	31038476	-	31038426	31038476	0.0	0.2901314173421763	gex=0	318	31038317	31038451
PYCARD	chr16	31201486	31203450	-	31203400	31203450	0.0	0.2901314173421763	gex=0	1965	31202468	31203425
CNTNAP1	chr17	42682531	42699993	+	42687260	42687310	0.0	0.2901314173421763	gex=0	17463	42691262	42687285
MAST3	chr19	18097778	18151692	+	18123398	18123448	0.0	0.2901314173421763	gex=0	53915	18124735	18123423
RASL10A	chr22	29312933	29319679	-	29319629	29319679	0.0	0.2901314173421763	gex=0	6747	29316306	29319654
KCNMB2	chr3	178272932	178844429	+	178558699	178558749	0.0	0.2901314173421763	gex=0	571498	178558680	178558724
OR52N4	chr11	5754243	5755958	+	5754692	5754742	0.0	0.2901314173421763	gex=0	1716	5755100	5754717
AAGAB	chr15	67200667	67255195	-	67242821	67242871	0.0	0.2901314173421763	gex=0	54529	67227931	67242846
ORM1	chr9	114323098	114326479	+	114323765	114323805	0.0	0.2901314173421763	gex=0	3382	114324788	114323785
NDFIP1	chr5	142108779	142154440	+	142142977	142143027	0.0	0.2901314173421763	gex=0	45662	142131609	142143002
RABL2B	chr22	50767501	50783667	-	50782264	50782314	0.0	0.2901314173421763	gex=0	16167	50775584	50782289
IL16	chr15	81159575	81314058	+	81182859	81182896	0.0	0.2901314173421763	gex=0	154484	81236816	81182877
KLK9	chr19	51002508	51009634	-	51009584	51009634	0.0	0.2901314173421763	gex=0	7127	51006071	51009609
ZNF583	chr19	56397966	56436035	+	56404013	56404063	0.0	0.2901314173421763	gex=0	38070	56417000	56404038
INHBB	chr2	120346136	120351803	+	120346142	120346192	0.0	0.2901314173421763	gex=0	5668	120348969	120346167
ELMO1	chr7	36852906	37449223	-	36986099	36986149	0.0	0.2901314173421763	gex=0	596318	37151064	36986124
ZMYND15	chr17	4739833	4746119	+	4740014	4740050	0.0	0.2901314173421763	gex=0	6287	4742976	4740032
SEPTIN4	chr17	58520250	58544368	-	58527980	58528030	0.0	0.2901314173421763	gex=0	24119	58532309	58528005
NOTCH3	chr19	15159038	15200995	-	15179609	15179659	0.0	0.2901314173421763	gex=0	41958	15180016	15179634
FAT4	chr4	125314918	125492932	+	125393935	125393985	0.0	0.2901314173421763	gex=0	178015	125403925	125393960
NEUROD1	chr2	181668295	181680827	-	181680497	181680547	0.0	0.2901314173421763	gex=0	12533	181674561	181680522
CDON	chr11	125955796	126063335	-	126062761	126063335	0.0	0.2901314173421763	gex=0	107540	126009565	126063048
CRELD2	chr22	49918167	49927540	+	49921288	49921338	0.0	0.2901314173421763	gex=0	9374	49922853	49921313
BFSP2	chr3	133400056	133475222	+	133400073	133400123	0.0	0.2901314173421763	gex=0	75167	133437639	133400098
ENO4	chr10	116849499	116911788	+	116849511	116849561	0.0	0.2901314173421763	gex=0	62290	116880643	116849536
NACAD	chr7	45080437	45088969	-	45088864	45088914	0.0	0.2901314173421763	gex=0	8533	45084703	45088889
NBN	chr8	89933331	90003228	-	89937297	89937347	0.0	0.2901314173421763	gex=0	69898	89968279	89937322
BACH1	chr21	29194071	29630751	+	29305202	29305252	0.0	0.2901314173421763	gex=0	436681	29412411	29305227
KCNJ6	chr21	37607373	38121345	-	37916396	37916446	0.0	0.2901314173421763	gex=0	513973	37864359	37916421
GPR142	chr17	74367458	74372600	+	74367457	74367507	0.0	0.2901314173421763	gex=0	5143	74370029	74367482
LARP6	chr15	70829130	70854157	-	70853958	70854008	0.0	0.2901314173421763	gex=0	25028	70841643	70853983
SLC26A11	chr17	80219699	80253500	+	80221299	80221349	0.0	0.2901314173421763	gex=0	33802	80236599	80221324
DCN	chr12	91140484	91183217	-	91180926	91180976	0.0	0.2901314173421763	gex=0	42734	91161850	91180951
UBAP1L	chr15	65092760	65115200	-	65106191	65106241	0.0	0.2901314173421763	gex=0	22441	65103980	65106216
TOMM40	chr19	44890569	44903689	+	44893828	44893878	0.0	0.2901314173421763	gex=0	13121	44897129	44893853
HNRNPAB	chr5	178204533	178211163	+	178205567	178205617	0.0	0.2901314173421763	gex=0	6631	178207848	178205592
TMEM139	chr7	143279957	143288048	+	143284946	143284998	0.0	0.2901314173421763	gex=0	8092	143284002	143284972
KRTAP4-16	chr17	41101502	41102209	-	41102159	41102209	0.0	0.2901314173421763	gex=0	708	41101855	41102184
ADAD2	chr16	84191138	84197168	+	84194174	84194221	0.0	0.2901314173421763	gex=0	6031	84194153	84194197
LPCAT4	chr15	34358633	34367196	-	34362840	34362890	0.0	0.2901314173421763	gex=0	8564	34362914	34362865
CLPSL2	chr6	35776594	35779552	+	35776689	35776739	0.0	0.2901314173421763	gex=0	2959	35778073	35776714
SLC28A1	chr15	84884654	84945798	+	84884660	84884710	0.0	0.2901314173421763	gex=0	61145	84915226	84884685
KRT79	chr12	52821408	52834311	-	52830412	52830462	0.0	0.2901314173421763	gex=0	12904	52827859	52830437
OR10V1	chr11	59712916	59713845	-	59713814	59713864	0.0	0.2901314173421763	gex=0	930	59713380	59713839
RUFY1	chr5	179550554	179610012	+	179567509	179567559	0.0	0.2901314173421763	gex=0	59459	179580283	179567534
KAT8	chr16	31114489	31131393	+	31115753	31115803	0.0	0.2901314173421763	gex=0	16905	31122941	31115778
CD207	chr2	70830211	70835816	-	70835772	70835822	0.0	0.2901314173421763	gex=0	5606	70833013	70835797
FBLN5	chr14	91869411	91947987	-	91947212	91947236	0.0	0.2901314173421763	gex=0	78577	91908699	91947224
TMEM252	chr9	68536580	68540883	-	68540817	68540867	0.0	0.2901314173421763	gex=0	4304	68538731	68540842
TP53TG3B	chr16	33360274	33363478	+	33360876	33360926	0.0	0.2901314173421763	gex=0	3205	33361876	33360901
LGALS9C	chr17	18476737	18494945	+	18485754	18485804	0.0	0.2901314173421763	gex=0	18209	18485841	18485779
VSTM2A	chr7	54542325	54571080	+	54542415	54542465	0.0	0.2901314173421763	gex=0	28756	54556702	54542440
GNRH1	chr8	25419258	25424654	-	25424200	25424654	0.0	0.2901314173421763	gex=0	5397	25421956	25424427
DUOXA2	chr15	45114326	45118421	+	45114473	45114523	0.0	0.2901314173421763	gex=0	4096	45116373	45114498
EIF4A3	chr17	80134369	80147151	-	80140426	80140476	0.0	0.2901314173421763	gex=0	12783	80140760	80140451
LRRC26	chr9	137168758	137170051	-	137170001	137170051	0.0	0.2901314173421763	gex=0	1294	137169404	137170026
PROC	chr2	127418427	127429242	+	127418427	127418477	0.0	0.2901314173421763	gex=0	10816	127423834	127418452
REEP1	chr2	86213993	86338083	-	86337015	86337065	0.0	0.2901314173421763	gex=0	124091	86276038	86337040
ZNF177	chr19	9363020	9382617	+	9378268	9378318	0.0	0.2901314173421763	gex=0	19598	9372818	9378293
EMILIN3	chr20	41359962	41366818	-	41366777	41366827	0.0	0.2901314173421763	gex=0	6857	41363390	41366802
IGFBP2	chr2	216632828	216664436	+	216659617	216659667	0.0	0.2901314173421763	gex=0	31609	216648632	216659642
IQCA1	chr2	236324147	236507535	-	236507485	236507535	0.0	0.2901314173421763	gex=0	183389	236415841	236507510
TRIM29	chr11	120111286	120185529	-	120185373	120185423	0.0	0.2901314173421763	gex=0	74244	120148407	120185398
THEG	chr19	361747	376026	-	374199	374249	0.0	0.2901314173421763	gex=0	14280	368886	374224
ARHGAP22	chr10	48446036	48656265	-	48556628	48556678	0.0	0.2901314173421763	gex=0	210230	48551150	48556653
PRR20C	chr13	57140918	57157082	+	57140917	57140967	0.0	0.2901314173421763	gex=0	16165	57149000	57140942
PTPRJ	chr11	47980559	48170839	+	47980557	47980618	0.0	0.2901314173421763	gex=0	190281	48075699	47980587
PNLDC1	chr6	159800249	159820704	+	159800265	159800315	0.0	0.2901314173421763	gex=0	20456	159810476	159800290
RAB32	chr6	146543833	146554953	+	146543692	146543742	0.0	0.2901314173421763	gex=0	11121	146549393	146543717
CLTCL1	chr22	19179473	19291719	-	19226270	19226320	0.0	0.2901314173421763	gex=0	112247	19235596	19226295
EXOSC7	chr3	44975241	45036066	+	44975356	44975406	0.0	0.2901314173421763	gex=0	60826	45005653	44975381
ACSL3	chr2	222860942	222944639	+	222920953	222921003	0.0	0.2901314173421763	gex=0	83698	222902790	222920978
DHX35	chr20	38962299	39039723	+	39030359	39030409	0.0	0.2901314173421763	gex=0	77425	39001011	39030384
SARM1	chr17	28364356	28404049	+	28388269	28388276	0.0	0.2901314173421763	gex=0	39694	28384202	28388272
TSNAXIP1	chr16	67806765	67832148	+	67806764	67806814	0.0	0.2901314173421763	gex=0	25384	67819456	67806789
GEMIN4	chr17	744421	753999	-	751988	752038	0.0	0.2901314173421763	gex=0	9579	749210	752013
P3H3	chr12	6828407	6839847	+	6831842	6831892	0.0	0.2901314173421763	gex=0	11441	6834127	6831867
OR52W1	chr11	6199224	6200186	+	6199145	6199195	0.0	0.2901314173421763	gex=0	963	6199705	6199170
MAST4	chr5	66596380	67169593	+	66958896	66958946	0.0	0.2901314173421763	gex=0	573214	66882986	66958921
HCN2	chr19	589881	617159	+	589892	589942	0.0	0.2901314173421763	gex=0	27279	603520	589917
EPPIN	chr20	45540626	45547752	-	45547374	45547424	0.0	0.2901314173421763	gex=0	7127	45544189	45547399
BEST3	chr12	69643360	69699476	-	69699426	69699476	0.0	0.2901314173421763	gex=0	56117	69671418	69699451
DCAF17	chr2	171434217	171485052	+	171443136	171443186	0.0	0.2901314173421763	gex=0	50836	171459634	171443161
CNTN6	chr3	1092658	1404217	+	1401284	1401334	0.0	0.2901314173421763	gex=0	311560	1248437	1401309
TRIM60	chr4	165016458	165041749	+	165031999	165032049	0.0	0.2901314173421763	gex=0	25292	165029103	165032024
OR7A5	chr19	14826241	14835185	-	14835144	14835194	0.0	0.2901314173421763	gex=0	8945	14830713	14835169
DOK4	chr16	57471922	57487327	-	57479755	57479805	0.0	0.2901314173421763	gex=0	15406	57479624	57479780
C1QTNF9B	chr13	23891099	23897502	-	23897452	23897502	0.0	0.2901314173421763	gex=0	6404	23894300	23897477
OR4P4	chr11	55635113	55640309	+	55638357	55638407	0.0	0.2901314173421763	gex=0	5197	55637711	55638382
PLA2G4B	chr15	41837775	41848147	+	41845880	41845930	0.0	0.2901314173421763	gex=0	10373	41842961	41845905
PDE11A	chr2	177623244	178108339	-	177888726	177888776	0.0	0.2901314173421763	gex=0	485096	177865791	177888751
TCN1	chr11	59852800	59866489	-	59866439	59866489	0.0	0.2901314173421763	gex=0	13690	59859644	59866464
SMOC1	chr14	69854131	70032366	+	69879415	69879465	0.0	0.2901314173421763	gex=0	178236	69943248	69879440
SPATA48	chr7	50095883	50159256	+	50096035	50096085	0.0	0.2901314173421763	gex=0	63374	50127569	50096060
TGFBI	chr5	136028988	136063818	+	136053942	136053992	0.0	0.2901314173421763	gex=0	34831	136046403	136053967
VPS13A	chr9	77177445	77421537	+	77389710	77389760	0.0	0.2901314173421763	gex=0	244093	77299491	77389735
FOXO3B	chr17	18667629	18682314	-	18672823	18672873	0.0	0.2901314173421763	gex=0	14686	18674971	18672848
METTL2A	chr17	62423875	62453385	+	62434860	62434910	0.0	0.2901314173421763	gex=0	29511	62438630	62434885
ADH6	chr4	99202638	99219537	-	99219196	99219246	0.0	0.2901314173421763	gex=0	16900	99211087	99219221
RBP1	chr3	139517434	139539829	-	139518585	139518635	0.0	0.2901314173421763	gex=0	22396	139528631	139518610
THBS4	chr5	79991311	80083287	+	80073271	80073321	0.0	0.2901314173421763	gex=0	91977	80037299	80073296
KCNIP1	chr5	170353487	170736632	+	170353486	170353536	0.0	0.2901314173421763	gex=0	383146	170545059	170353511
FUT9	chr6	96015974	96215612	+	96015983	96016033	0.0	0.2901314173421763	gex=0	199639	96115793	96016008
MMD2	chr7	4905989	4959213	-	4959141	4959191	0.0	0.2901314173421763	gex=0	53225	4932601	4959166
RIN1	chr11	66330241	66336840	-	66336352	66336436	0.0	0.2901314173421763	gex=0	6600	66333540	66336394
UNC45B	chr17	35147817	35189345	+	35147816	35147866	0.0	0.2901314173421763	gex=0	41529	35168581	35147841
PIAS1	chr15	68054309	68198603	+	68181210	68181260	0.0	0.2901314173421763	gex=0	144295	68126456	68181235
CEACAM6	chr19	41750977	41772211	+	41750976	41751026	0.0	0.2901314173421763	gex=0	21235	41761594	41751001
SLC25A40	chr7	87833568	87876360	-	87841691	87841741	0.0	0.2901314173421763	gex=0	42793	87854964	87841716
LGALS9B	chr17	20449395	20467539	-	20467489	20467539	0.0	0.2901314173421763	gex=0	18145	20458467	20467514
KIF26A	chr14	104138587	104180894	+	104138722	104138764	0.0	0.2901314173421763	gex=0	42308	104159740	104138743
FAM240C	chr2	241893989	241902551	-	241899114	241899138	0.0	0.2901314173421763	gex=0	8563	241898270	241899126
SPDYE11	chr7	73047862	73057911	-	73057861	73057911	0.0	0.2901314173421763	gex=0	10050	73052886	73057886
PSPN	chr19	6375148	6379058	-	6379008	6379058	0.0	0.2901314173421763	gex=0	3911	6377103	6379033
PRSS12	chr4	118280038	118353003	-	118352953	118353003	0.0	0.2901314173421763	gex=0	72966	118316520	118352978
GNAI1	chr7	79768028	80226181	+	80134787	80135338	0.0	0.2901314173421763	gex=0	458154	79997104	80135062
SEMA3A	chr7	83955777	84492724	-	84195395	84195445	0.0	0.2901314173421763	gex=0	536948	84224250	84195420
OR52E8	chr11	5856749	5857690	-	5857684	5857734	0.0	0.2901314173421763	gex=0	942	5857219	5857709
HCAR2	chr12	122701293	122703357	-	122703293	122703343	0.0	0.2901314173421763	gex=0	2065	122702325	122703318
RPH3A	chr12	112570380	112898881	+	112575237	112575287	0.0	0.2901314173421763	gex=0	328502	112734630	112575262
TMEM156	chr4	38966744	39032922	-	39032670	39032720	0.0	0.2901314173421763	gex=0	66179	38999833	39032695
PLEKHH1	chr14	67533290	67589612	+	67571062	67571112	0.0	0.2901314173421763	gex=0	56323	67561451	67571087
TDRD9	chr14	103928456	104052667	+	103939799	103939849	0.0	0.2901314173421763	gex=0	124212	103990561	103939824
TAC4	chr17	49838300	49848069	-	49847967	49848017	0.0	0.2901314173421763	gex=0	9770	49843184	49847992
GRIK1	chr21	29536933	29940033	-	29939624	29939674	0.0	0.2901314173421763	gex=0	403101	29738483	29939649
B4GALNT2	chr17	49132460	49176840	+	49132966	49133016	0.0	0.2901314173421763	gex=0	44381	49154650	49132991
GCC1	chr7	127580628	127593611	-	127593561	127593611	0.0	0.2901314173421763	gex=0	12984	127587119	127593586
FGF12	chr3	192139390	192767764	-	192727537	192727587	0.0	0.2901314173421763	gex=0	628375	192453577	192727562
AFAP1	chr4	7758714	7939926	-	7872032	7872082	0.0	0.2901314173421763	gex=0	181213	7849320	7872057
TAF4	chr20	61953469	62065881	-	62007546	62007561	0.0	0.2901314173421763	gex=0	112413	62009675	62007553
KRTAP4-7	chr17	41084150	41085141	+	41084149	41084199	0.0	0.2901314173421763	gex=0	992	41084645	41084174
MRPS2	chr9	135499984	135504673	+	135502587	135502637	0.0	0.2901314173421763	gex=0	4690	135502328	135502612
RHBDL3	chr17	32265832	32324659	+	32266176	32267853	0.0	0.2901314173421763	gex=0	58828	32295245	32267014
ICAM2	chr17	64002594	64020634	-	64006719	64006769	0.0	0.2901314173421763	gex=0	18041	64011614	64006744
SH2D3C	chr9	127738317	127778710	-	127762237	127762287	0.0	0.2901314173421763	gex=0	40394	127758513	127762262
PHF1	chr6	33410399	33416453	+	33415240	33415290	0.0	0.2901314173421763	gex=0	6055	33413426	33415265
NRXN2	chr11	64606174	64723197	-	64643265	64713911	0.0	0.2901314173421763	gex=0	117024	64664685	64678588
P2RX6	chr22	21009808	21028013	+	21015152	21015202	0.0	0.2901314173421763	gex=0	18206	21018910	21015177
GDPD5	chr11	75434640	75525941	-	75457736	75457786	0.0	0.2901314173421763	gex=0	91302	75480290	75457761
FOXS1	chr20	31844303	31845604	-	31845569	31845619	0.0	0.2901314173421763	gex=0	1302	31844953	31845594
JAG2	chr14	105140982	105168824	-	105168774	105168824	0.0	0.2901314173421763	gex=0	27843	105154903	105168799
HERPUD2	chr7	35632659	35697459	-	35668542	35668579	0.0	0.2901314173421763	gex=0	64801	35665059	35668560
CLPSL1	chr6	35781019	35793675	+	35781016	35781066	0.0	0.2901314173421763	gex=0	12657	35787347	35781041
ESR1	chr6	151656691	152129619	+	151944171	151944221	0.0	0.2901314173421763	gex=0	472929	151893155	151944196
TSPOAP1	chr17	58301228	58328795	-	58311938	58311988	0.0	0.2901314173421763	gex=0	27568	58315011	58311963
CEBPZ	chr2	37201612	37231596	-	37212058	37212108	0.0	0.2901314173421763	gex=0	29985	37216604	37212083
CHRNA2	chr8	27459756	27479883	-	27479241	27479291	0.0	0.2901314173421763	gex=0	20128	27469819	27479266
IFRD1	chr7	112422887	112481017	+	112467676	112467726	0.0	0.2901314173421763	gex=0	58131	112451952	112467701
POTEB	chr15	21846329	21877735	-	21877229	21877279	0.0	0.2901314173421763	gex=0	31407	21862032	21877254
ID4	chr6	19837370	19842197	+	19837385	19837435	0.0	0.2901314173421763	gex=0	4828	19839783	19837410
CBWD1	chr9	121038	179147	-	179008	179058	0.0	0.2901314173421763	gex=0	58110	150092	179033
ERC2	chr3	55508311	56468467	-	55647176	55647226	0.0	0.2901314173421763	gex=0	960157	55988389	55647201
COPZ2	chr17	48026167	48038030	-	48036856	48036906	0.0	0.2901314173421763	gex=0	11864	48032098	48036881
AKIRIN2	chr6	87674860	87702233	-	87701475	87701525	0.0	0.2901314173421763	gex=0	27374	87688546	87701500
KCNK16	chr6	39314698	39322968	-	39322504	39322554	0.0	0.2901314173421763	gex=0	8271	39318833	39322529
SPRING1	chr12	116710171	116738070	-	116720077	116720127	0.0	0.2901314173421763	gex=0	27900	116724120	116720102
CAPN3	chr15	42359498	42412949	+	42402417	42402467	0.0	0.2901314173421763	gex=0	53452	42386223	42402442
NLRP7	chr19	54594345	54618340	-	54947468	54947505	0.0	0.2901314173421763	gex=0	23996	54606342	54947486
CLPX	chr15	65148219	65185342	-	65184434	65184484	0.0	0.2901314173421763	gex=0	37124	65166780	65184459
CYP7A1	chr8	58490178	58500163	-	58500186	58500236	0.0	0.2901314173421763	gex=0	9986	58495170	58500211
CEP68	chr2	65056366	65087004	+	65070728	65070778	0.0	0.2901314173421763	gex=0	30639	65071685	65070753
AMT	chr3	49416778	49422685	-	49422408	49422473	0.0	0.2901314173421763	gex=0	5908	49419731	49422440
ALB	chr4	73397114	73421482	+	73404254	73404336	0.0	0.2901314173421763	gex=0	24369	73409298	73404295
COX6B2	chr19	55349306	55354719	-	55354649	55354719	0.0	0.2901314173421763	gex=0	5414	55352012	55354684
SFRP2	chr4	153780591	153789083	-	153789070	153789120	0.0	0.2901314173421763	gex=0	8493	153784837	153789095
APOC4	chr19	44942237	44945496	+	44942237	44942287	0.0	0.2901314173421763	gex=0	3260	44943866	44942262
MICU3	chr8	17027238	17122642	+	17027577	17027627	0.0	0.2901314173421763	gex=0	95405	17074940	17027602
MACROD1	chr11	63998558	64166113	-	64166056	64166106	0.0	0.2901314173421763	gex=0	167556	64082335	64166081
VNN2	chr6	132743870	132763459	-	132757920	132757970	0.0	0.2901314173421763	gex=0	19590	132753664	132757945
SRRM2	chr16	2752626	2772538	+	2768550	2768600	0.0	0.2901314173421763	gex=0	19913	2762582	2768575
TTC12	chr11	113314579	113383544	+	113315055	113315105	0.0	0.2901314173421763	gex=0	68966	113349061	113315080
C9orf116	chr9	135495181	135501734	-	135500468	135500518	0.0	0.2901314173421763	gex=0	6554	135498457	135500493
SCAND1	chr20	35953617	35959472	-	35955309	35955359	0.0	0.2901314173421763	gex=0	5856	35956544	35955334
RGS14	chr5	177357924	177372596	+	177367216	177367265	0.0	0.2901314173421763	gex=0	14673	177365260	177367240
RAC3	chr17	82031678	82034204	+	82031623	82032927	0.0	0.2901314173421763	gex=0	2527	82032941	82032275
UBE2E3	chr2	180967248	181076585	+	180981035	180981085	0.0	0.2901314173421763	gex=0	109338	181021916	180981060
DNAJC15	chr13	43023203	43114213	+	43023202	43023252	0.0	0.2901314173421763	gex=0	91011	43068708	43023227
CBS	chr21	43053191	43076943	-	43058891	43058941	0.0	0.2901314173421763	gex=0	23753	43065067	43058916
TBC1D24	chr16	2475051	2509560	+	2483009	2483059	0.0	0.2901314173421763	gex=0	34510	2492305	2483034
OR52N5	chr11	5776165	5783355	-	5778617	5778667	0.0	0.2901314173421763	gex=0	7191	5779760	5778642
PBLD	chr10	68282660	68333049	-	68306829	68306879	0.0	0.2901314173421763	gex=0	50390	68307854	68306854
MARCHF8	chr10	45470650	45480390	-	45535321	45535371	0.0	0.2901314173421763	gex=0	9741	45475520	45535346
RAB34	chr17	28714281	28718429	-	28718218	28718268	0.0	0.2901314173421763	gex=0	4149	28716355	28718243
BCL7A	chr12	122019422	122062044	+	122019421	122019471	0.0	0.2901314173421763	gex=0	42623	122040733	122019446
MFRP	chr11	119338942	119346705	-	119346623	119346673	0.0	0.2901314173421763	gex=0	7764	119342823	119346648
IL21	chr4	122610108	122621066	-	122621007	122621057	0.0	0.2901314173421763	gex=0	10959	122615587	122621032
ZNF490	chr19	12576100	12640098	-	12640064	12640098	0.0	0.2901314173421763	gex=0	63999	12608099	12640081
KLHL31	chr6	53647916	53665756	-	53655222	53655272	0.0	0.2901314173421763	gex=0	17841	53656836	53655247
TMIGD1	chr17	30316333	30334059	-	30334009	30334059	0.0	0.2901314173421763	gex=0	17727	30325196	30334034
TAS2R16	chr7	122994704	122995700	-	122995650	122995700	0.0	0.2901314173421763	gex=0	997	122995202	122995675
CD5	chr11	61102489	61127852	+	61102508	61102558	0.0	0.2901314173421763	gex=0	25364	61115170	61102533
LGALS1	chr22	37675636	37679802	+	37676124	37676174	0.0	0.2901314173421763	gex=0	4167	37677719	37676149
MINAR1	chr15	79432336	79472304	+	79456095	79456145	0.0	0.2901314173421763	gex=0	39969	79452320	79456120
IMPG1	chr6	75921114	76072678	-	76072628	76072678	0.0	0.2901314173421763	gex=0	151565	75996896	76072653
SPDYE2B	chr7	102650319	102662625	+	102650324	102650374	0.0	0.2901314173421763	gex=0	12307	102656472	102650349
DEFB124	chr20	31465471	31476757	-	31476707	31476757	0.0	0.2901314173421763	gex=0	11287	31471114	31476732
SLN	chr11	107707378	107719693	-	107719615	107719657	0.0	0.2901314173421763	gex=0	12316	107713535	107719636
RNF103-CHMP3	chr2	86505668	86721122	-	86721072	86721122	0.0	0.2901314173421763	gex=0	215455	86613395	86721097
ETFBKMT	chr12	31647160	31673114	+	31659186	31659236	0.0	0.2901314173421763	gex=0	25955	31660137	31659211
POTEJ	chr2	130611440	130658037	+	130611480	130611530	0.0	0.2901314173421763	gex=0	46598	130634738	130611505
NOTCH4	chr6	32143311	32172533	-	32214187	32214237	0.0	0.2901314173421763	gex=0	29223	32157922	32214212
IL2RB	chr22	37125843	37175054	-	37175004	37175054	0.0	0.2901314173421763	gex=0	49212	37150448	37175029
LINC02218	chr5	17444010	17486829	+	17444009	17444059	0.0	0.2901314173421763	gex=0	42820	17465419	17444034
ZNF750	chr17	82829434	82840022	-	82839972	82840022	0.0	0.2901314173421763	gex=0	10589	82834728	82839997
PLA2R1	chr2	159932006	160062615	-	159944950	159945000	0.0	0.2901314173421763	gex=0	130610	159997310	159944975
MOGAT1	chr2	222671658	222709930	+	222671785	222671835	0.0	0.2901314173421763	gex=0	38273	222690794	222671810
KCTD11	chr17	7354926	7357981	+	7351888	7351938	0.0	0.2901314173421763	gex=0	3056	7356453	7351913
GPR137	chr11	64270062	64289500	+	64286520	64286570	0.0	0.2901314173421763	gex=0	19439	64279781	64286545
CRMP1	chr4	5748084	5893086	-	5887763	5888481	0.0	0.2901314173421763	gex=0	145003	5820585	5888122
GGH	chr8	63014881	63039407	-	63028435	63028485	0.0	0.2901314173421763	gex=0	24527	63027144	63028460
ZNRF4	chr19	5455417	5456856	+	5455430	5455480	0.0	0.2901314173421763	gex=0	1440	5456136	5455455
ATP5ME	chr4	672436	674330	-	673771	673821	0.0	0.2901314173421763	gex=0	1895	673383	673796
KRTAP4-12	chr17	41123559	41124635	-	41124117	41124167	0.0	0.2901314173421763	gex=0	1077	41124097	41124142
CABP4	chr11	67452406	67461752	+	67452418	67452468	0.0	0.2901314173421763	gex=0	9347	67457079	67452443
RCN3	chr19	49528003	49546962	+	49528543	49528593	0.0	0.2901314173421763	gex=0	18960	49537482	49528568
RDH12	chr14	67701886	67734451	+	67701885	67701935	0.0	0.2901314173421763	gex=0	32566	67718168	67701910
PTPN21	chr14	88465778	88555007	-	88551439	88551489	0.0	0.2901314173421763	gex=0	89230	88510392	88551464
KRT77	chr12	52689626	52703524	-	52695302	52695352	0.0	0.2901314173421763	gex=0	13899	52696575	52695327
TSPAN14	chr10	80454166	80533124	+	80515466	80515516	0.0	0.2901314173421763	gex=0	78959	80493645	80515491
RNF139	chr8	124474880	124488618	+	124483344	124483394	0.0	0.2901314173421763	gex=0	13739	124481749	124483369
DACT2	chr6	168292830	168319777	-	168319672	168319754	0.0	0.2901314173421763	gex=0	26948	168306303	168319713
ROPN1	chr3	123968521	123992178	-	123980677	123980727	0.0	0.2901314173421763	gex=0	23658	123980349	123980702
POTEB3	chr15	21405401	21440499	-	21440401	21440451	0.0	0.2901314173421763	gex=0	35099	21422950	21440426
ASPG	chr14	104085686	104115582	+	104104928	104104978	0.0	0.2901314173421763	gex=0	29897	104100634	104104953
CASKIN2	chr17	75500261	75515537	-	75507585	75507635	0.0	0.2901314173421763	gex=0	15277	75507899	75507610
CKM	chr19	45306413	45322875	-	45322927	45322977	0.0	0.2901314173421763	gex=0	16463	45314644	45322952
DAG1	chr3	49468703	49535618	+	49510223	49510273	0.0	0.2901314173421763	gex=0	66916	49502160	49510248
SLC25A25	chr9	128068201	128109245	+	128091463	128091513	0.0	0.2901314173421763	gex=0	41045	128088723	128091488
GABRP	chr5	170763350	170814047	+	170783718	170783796	0.0	0.2901314173421763	gex=0	50698	170788698	170783757
EPHA6	chr3	96814581	97761532	+	97439629	97439657	0.0	0.2901314173421763	gex=0	946952	97288056	97439643
TNFAIP8L1	chr19	4639516	4655568	+	4640016	4640066	0.0	0.2901314173421763	gex=0	16053	4647542	4640041
ARL5A	chr2	151788984	151828492	-	151791757	151791790	0.0	0.2901314173421763	gex=0	39509	151808738	151791773
PRR16	chr5	120464300	120687332	+	120464277	120464327	0.0	0.2901314173421763	gex=0	223033	120575816	120464302
ARHGAP25	chr2	68679601	68826833	+	68735108	68735158	0.0	0.2901314173421763	gex=0	147233	68753217	68735133
CCL15	chr17	35996472	36002080	-	35998320	35998370	0.0	0.2901314173421763	gex=0	5609	35999276	35998345
RRP1	chr21	43789513	43805293	+	43792930	43792980	0.0	0.2901314173421763	gex=0	15781	43797403	43792955
LMF1	chr16	853634	981318	-	893202	893252	0.0	0.2901314173421763	gex=0	127685	917476	893227
FAM53A	chr4	1617915	1684313	-	1655358	1684302	0.0	0.2901314173421763	gex=0	66399	1651114	1669830
NPIPB6	chr16	28342555	28363508	-	28363458	28363508	0.0	0.2901314173421763	gex=0	20954	28353031	28363483
NKX2-2	chr20	21511017	21514064	-	21513976	21514026	0.0	0.2901314173421763	gex=0	3048	21512540	21514001
FTCD	chr21	46142109	46155567	-	46155517	46155567	0.0	0.2901314173421763	gex=0	13459	46148838	46155542
CLEC4G	chr19	7728957	7733906	-	7732155	7732205	0.0	0.2901314173421763	gex=0	4950	7731431	7732180
SEMA6B	chr19	4542593	4581776	-	4546419	4546469	0.0	0.2901314173421763	gex=0	39184	4562184	4546444
SLC23A3	chr2	219161465	219170095	-	219170045	219170095	0.0	0.2901314173421763	gex=0	8631	219165780	219170070
GABRA2	chr4	46243548	46475230	-	46389331	46389381	0.0	0.2901314173421763	gex=0	231683	46359389	46389356
HPSE2	chr10	98457077	99235862	-	99235812	99235862	0.0	0.2901314173421763	gex=0	778786	98846469	99235837
SUMF1	chr3	3700814	4467273	-	3798164	3798214	0.0	0.2901314173421763	gex=0	766460	4084043	3798189
KCNV2	chr9	2717510	2730037	+	2717501	2717551	0.0	0.2901314173421763	gex=0	12528	2723773	2717526
MUC4	chr3	195747140	195791872	-	195778789	195778810	0.0	0.2901314173421763	gex=0	44733	195769506	195778799
HSD17B13	chr4	87303789	87322886	-	87322836	87322886	0.0	0.2901314173421763	gex=0	19098	87313337	87322861
EPB41L4B	chr9	109171974	109321059	-	109320914	109320964	0.0	0.2901314173421763	gex=0	149086	109246516	109320939
TSHR	chr14	80954989	81146306	+	80955628	80955678	0.0	0.2901314173421763	gex=0	191318	81050647	80955653
CALHM6	chr6	116461370	116463771	+	116462466	116462516	0.0	0.2901314173421763	gex=0	2402	116462570	116462491
DHH	chr12	49086656	49094801	-	49094769	49094819	0.0	0.2901314173421763	gex=0	8146	49090728	49094794
NXNL1	chr19	17455425	17460926	-	17460904	17460954	0.0	0.2901314173421763	gex=0	5502	17458175	17460929
COMMD5	chr8	144841042	144853736	-	144852607	144852657	0.0	0.2901314173421763	gex=0	12695	144847389	144852632
TCFL5	chr20	62841005	62861822	-	62861713	62861763	0.0	0.2901314173421763	gex=0	20818	62851413	62861738
AATK	chr17	81110487	81166221	-	81166027	81166077	0.0	0.2901314173421763	gex=0	55735	81138354	81166052
TMEM220	chr17	10699015	10730023	-	10729973	10730023	0.0	0.2901314173421763	gex=0	31009	10714519	10729998
LRRC74B	chr22	21045960	21064168	+	21045980	21046030	0.0	0.2901314173421763	gex=0	18209	21055064	21046005
PGAP1	chr2	196833004	196927796	-	196927746	196927796	0.0	0.2901314173421763	gex=0	94793	196880400	196927771
FGF6	chr12	4428155	4445815	-	4444169	4444219	0.0	0.2901314173421763	gex=0	17661	4436985	4444194
TINCR	chr19	5558167	5578349	-	5567984	5568034	0.0	0.2901314173421763	gex=0	20183	5568258	5568009
CYB561A3	chr11	61348754	61362283	-	61354691	61354741	0.0	0.2901314173421763	gex=0	13530	61355518	61354716
ODF3L1	chr15	75724041	75727688	+	75723976	75724026	0.0	0.2901314173421763	gex=0	3648	75725864	75724001
SLC17A2	chr6	25912754	25930691	-	25930561	25930611	0.0	0.2901314173421763	gex=0	17938	25921722	25930586
DSPP	chr4	87608529	87616873	+	87608528	87608578	0.0	0.2901314173421763	gex=0	8345	87612701	87608553
UGT3A2	chr5	36035021	36071358	-	36066841	36066891	0.0	0.2901314173421763	gex=0	36338	36053189	36066866
KRT10	chr17	40818117	40822614	-	40822545	40822595	0.0	0.2901314173421763	gex=0	4498	40820365	40822570
TNFSF12-TNFSF13	chr17	7549099	7561601	+	7549098	7549148	0.0	0.2901314173421763	gex=0	12503	7555350	7549123
EPB41L4A	chr5	112142441	112419313	-	112228728	112228778	0.0	0.2901314173421763	gex=0	276873	112280877	112228753
KIAA0895	chr7	36324152	36390125	-	36367180	36367241	0.0	0.2901314173421763	gex=0	65974	36357138	36367210
LCN8	chr9	136754386	136758543	-	136757488	136757538	0.0	0.2901314173421763	gex=0	4158	136756464	136757513
RNF113B	chr13	98175785	98177269	-	98177215	98177265	0.0	0.2901314173421763	gex=0	1485	98176527	98177240
HOXB8	chr17	48611377	48615292	-	48614654	48614704	0.0	0.2901314173421763	gex=0	3916	48613334	48614679
FOXRED1	chr11	126269024	126278131	+	126273913	126273963	0.0	0.2901314173421763	gex=0	9108	126273577	126273938
CFC1B	chr2	130521197	130528604	+	130521196	130521246	0.0	0.2901314173421763	gex=0	7408	130524900	130521221
PLCD4	chr2	218607855	218637184	+	218622361	218622411	0.0	0.2901314173421763	gex=0	29330	218622519	218622386
OR7G3	chr19	9126012	9126950	-	9126900	9126950	0.0	0.2901314173421763	gex=0	939	9126481	9126925
KRTAP9-2	chr17	41226627	41227631	+	41226647	41226697	0.0	0.2901314173421763	gex=0	1005	41227129	41226672
KHDRBS3	chr8	135457456	135656722	+	135606955	135607005	0.0	0.2901314173421763	gex=0	199267	135557089	135606980
ATP2C2	chr16	84368527	84464187	+	84459605	84459655	0.0	0.2901314173421763	gex=0	95661	84416357	84459630
ORM2	chr9	114329869	114333251	+	114329868	114329918	0.0	0.2901314173421763	gex=0	3383	114331560	114329893
PFDN1	chr5	140245035	140303113	-	140281485	140281535	0.0	0.2901314173421763	gex=0	58079	140274074	140281510
DEFB136	chr8	7978152	7978814	-	11974549	11974599	0.0	0.2901314173421763	gex=0	663	7978483	11974574
SIX3	chr2	44941702	44946071	+	44941897	44941947	0.0	0.2901314173421763	gex=0	4370	44943886	44941922
OR5D3P	chr11	55723776	55729621	+	55726117	55726167	0.0	0.2901314173421763	gex=0	5846	55726698	55726142
CFAP221	chr2	119544432	119662251	+	119602662	119602712	0.0	0.2901314173421763	gex=0	117820	119603341	119602687
ABLIM2	chr4	7965310	8158832	-	8158782	8158832	0.0	0.2901314173421763	gex=0	193523	8062071	8158807
NPIPA7	chr16	16379055	16393954	+	16390833	16390874	0.0	0.2901314173421763	gex=0	14900	16386504	16390853
NAGPA	chr16	5024844	5034141	-	5028564	5028614	0.0	0.2901314173421763	gex=0	9298	5029492	5028589
IRX1	chr5	3595832	3601403	+	3596053	3596103	0.0	0.2901314173421763	gex=0	5572	3598617	3596078
OLIG2	chr21	33025935	33029196	+	33025934	33025984	0.0	0.2901314173421763	gex=0	3262	33027565	33025959
KANK3	chr19	8322584	8343262	-	8343224	8343262	0.0	0.2901314173421763	gex=0	20679	8332923	8343243
WDR48	chr3	39052013	39096671	+	39089567	39089617	0.0	0.2901314173421763	gex=0	44659	39074342	39089592
CMTM5	chr14	23376773	23379772	+	23377035	23377085	0.0	0.2901314173421763	gex=0	3000	23378272	23377060
ZNF114	chr19	48270081	48287608	+	48270101	48270151	0.0	0.2901314173421763	gex=0	17528	48278844	48270126
CDC42BPG	chr11	64823052	64844653	-	64833761	64833811	0.0	0.2901314173421763	gex=0	21602	64833852	64833786
PGGT1B	chr5	115204012	115262877	-	115231734	115231784	0.0	0.2901314173421763	gex=0	58866	115233444	115231759
C1QL4	chr12	49332409	49337188	-	49337138	49337188	0.0	0.2901314173421763	gex=0	4780	49334798	49337163
HCN4	chr15	73319859	73368958	-	73369214	73369264	0.0	0.2901314173421763	gex=0	49100	73344408	73369239
MEIOC	chr17	44656404	44690308	+	44665111	44665137	0.0	0.2901314173421763	gex=0	33905	44673356	44665124
NCAN	chr19	19211958	19252233	+	19211972	19212022	0.0	0.2901314173421763	gex=0	40276	19232095	19211997
UTP14C	chr13	52024691	52033600	+	52024690	52024740	0.0	0.2901314173421763	gex=0	8910	52029145	52024715
AUH	chr9	91213815	91361918	-	91220869	91220919	0.0	0.2901314173421763	gex=0	148104	91287866	91220894
H4C9	chr6	27139282	27139678	+	27138587	27138637	0.0	0.2901314173421763	gex=0	397	27139480	27138612
NPIPB8	chr16	28637654	28658744	+	28637653	28637703	0.0	0.2901314173421763	gex=0	21091	28648199	28637678
SYNE1	chr6	152121687	152637801	-	152149476	152149506	0.0	0.2901314173421763	gex=0	516115	152379744	152149491
HS3ST3B1	chr17	14301081	14349404	+	14301082	14301132	0.0	0.2901314173421763	gex=0	48324	14325242	14301107
DMRTA1	chr9	22446824	22455740	+	22446840	22446890	0.0	0.2901314173421763	gex=0	8917	22451282	22446865
SFR1	chr10	104122058	104126385	+	104122057	104122107	0.0	0.2901314173421763	gex=0	4328	104124221	104122082
TBC1D3F	chr17	36428990	36439938	-	36439516	36439566	0.0	0.2901314173421763	gex=0	10949	36434464	36439541
TMEM60	chr7	77793728	77798434	-	77798530	77798580	0.0	0.2901314173421763	gex=0	4707	77796081	77798555
ZBTB38	chr3	141324213	141449792	+	141368303	141368353	0.0	0.2901314173421763	gex=0	125580	141387002	141368328
MGAM2	chr7	142111749	142222324	+	142111748	142111798	0.0	0.2901314173421763	gex=0	110576	142167036	142111773
KLHL35	chr11	75422394	75433203	-	75426789	75426839	0.0	0.2901314173421763	gex=0	10810	75427798	75426814
FAM184A	chr6	118959763	119149387	-	119079129	119079179	0.0	0.2901314173421763	gex=0	189625	119054575	119079154
C11orf91	chr11	33698261	33700826	-	33700347	33700397	0.0	0.2901314173421763	gex=0	2566	33699543	33700372
SDCBP2	chr20	1309909	1329139	-	1311031	1311081	0.0	0.2901314173421763	gex=0	19231	1319524	1311056
UBXN6	chr19	4444999	4457794	-	4448066	4448116	0.0	0.2901314173421763	gex=0	12796	4451396	4448091
KCNK3	chr2	26692722	26733420	+	26692689	26692739	0.0	0.2901314173421763	gex=0	40699	26713071	26692714
ZSCAN5B	chr19	56189570	56197920	-	56197765	56197815	0.0	0.2901314173421763	gex=0	8351	56193745	56197790
EHD2	chr19	47713422	47743134	+	47726168	47726253	0.0	0.2901314173421763	gex=0	29713	47728278	47726210
DEUP1	chr11	93329971	93438487	+	93330716	93330766	0.0	0.2901314173421763	gex=0	108517	93384229	93330741
TRERF1	chr6	42224931	42452051	-	42451211	42451261	0.0	0.2901314173421763	gex=0	227121	42338491	42451236
FOXF1	chr16	86510527	86515422	+	86510526	86510576	0.0	0.2901314173421763	gex=0	4896	86512974	86510551
SCGB1D2	chr11	62242239	62244812	+	62242209	62242259	0.0	0.2901314173421763	gex=0	2574	62243525	62242234
CPEB3	chr10	92046692	92291078	-	92243229	92243279	0.0	0.2901314173421763	gex=0	244387	92168885	92243254
NMB	chr15	84655129	84658563	-	84658513	84658563	0.0	0.2901314173421763	gex=0	3435	84656846	84658538
DRD3	chr3	114127580	114199407	-	114179002	114179052	0.0	0.2901314173421763	gex=0	71828	114163493	114179027
HSD17B12	chr11	43680680	43856617	+	43724038	43724088	0.0	0.2901314173421763	gex=0	175938	43768648	43724063
TNFSF13	chr17	7558292	7561608	+	7558475	7558525	0.0	0.2901314173421763	gex=0	3317	7559950	7558500
TBC1D30	chr12	64759484	64881033	+	64824669	64824714	0.0	0.2901314173421763	gex=0	121550	64820258	64824691
SULT1C3	chr2	108239968	108265351	+	108247194	108247244	0.0	0.2901314173421763	gex=0	25384	108252659	108247219
DPH7	chr9	137554444	137578925	-	137575166	137575216	0.0	0.2901314173421763	gex=0	24482	137566684	137575191
ZDHHC17	chr12	76764103	76853696	+	76848237	76848287	0.0	0.2901314173421763	gex=0	89594	76808899	76848262
GABBR2	chr9	98288109	98708935	-	98306521	98371571	0.0	0.2901314173421763	gex=0	420827	98498522	98339046
ITPR2	chr12	26335352	26833194	-	26725963	26726013	0.0	0.2901314173421763	gex=0	497843	26584273	26725988
OR8J3	chr11	56134721	56140201	-	56137668	56137718	0.0	0.2901314173421763	gex=0	5481	56137461	56137693
LDB3	chr10	86666785	86736072	+	86668612	86668662	0.0	0.2901314173421763	gex=0	69288	86701428	86668637
CSHL1	chr17	63909597	63911341	-	63911208	63911258	0.0	0.2901314173421763	gex=0	1745	63910469	63911233
POM121L12	chr7	53035633	53036925	+	53035641	53035691	0.0	0.2901314173421763	gex=0	1293	53036279	53035666
GEMIN5	chr5	154887411	154938211	-	154892600	154892650	0.0	0.2901314173421763	gex=0	50801	154912811	154892625
SLC43A2	chr17	1569973	1628886	-	1628291	1628341	0.0	0.2901314173421763	gex=0	58914	1599429	1628316
ABCB1	chr7	87503017	87713323	-	87713273	87713323	0.0	0.2901314173421763	gex=0	210307	87608170	87713298
CCDC158	chr4	76312997	76421868	-	76407273	76407323	0.0	0.2901314173421763	gex=0	108872	76367432	76407298
DHX33	chr17	5440917	5468982	-	5461313	5461363	0.0	0.2901314173421763	gex=0	28066	5454949	5461338
SLC27A2	chr15	50182196	50236385	+	50191000	50191050	0.0	0.2901314173421763	gex=0	54190	50209290	50191025
NKX3-1	chr8	23678697	23682938	-	23682877	23682927	0.0	0.2901314173421763	gex=0	4242	23680817	23682902
THOC3	chr5	175917873	176034680	-	175961363	175961413	0.0	0.2901314173421763	gex=0	116808	175976276	175961388
GCM2	chr6	10873223	10882041	-	10881891	10881941	0.0	0.2901314173421763	gex=0	8819	10877632	10881916
ETV7	chr6	36354091	36387800	-	36387750	36387800	0.0	0.2901314173421763	gex=0	33710	36370945	36387775
SLC25A18	chr22	17563450	17590995	+	17563588	17563638	0.0	0.2901314173421763	gex=0	27546	17577222	17563613
GLS	chr2	190880821	190965552	+	190927015	190927065	0.0	0.2901314173421763	gex=0	84732	190923186	190927040
NUPR2	chr7	56114681	56116417	-	56116350	56116400	0.0	0.2901314173421763	gex=0	1737	56115549	56116375
PDCD6	chr5	271621	314974	+	272711	272761	0.0	0.2901314173421763	gex=0	43354	293297	272736
FER1L6	chr8	123851987	124120061	+	123851986	123852036	0.0	0.2901314173421763	gex=0	268075	123986024	123852011
PEX11A	chr15	89677764	89690783	-	89690732	89690782	0.0	0.2901314173421763	gex=0	13020	89684273	89690757
RAPGEF3	chr12	47734363	47771040	-	47758788	47758838	0.0	0.2901314173421763	gex=0	36678	47752701	47758813
BHLHA15	chr7	98211439	98215457	+	98211426	98211476	0.0	0.2901314173421763	gex=0	4019	98213448	98211451
FRA10AC1	chr10	93667883	93702592	-	93672041	93672091	0.0	0.2901314173421763	gex=0	34710	93685237	93672066
NALF1	chr13	107163510	107867496	-	107866685	107866735	0.0	0.2901314173421763	gex=0	703987	107515503	107866710
COLEC11	chr2	3594832	3644644	+	3601905	3601955	0.0	0.2901314173421763	gex=0	49813	3619738	3601930
KCNK9	chr8	139600838	139704109	-	139703006	139703056	0.0	0.2901314173421763	gex=0	103272	139652473	139703031
HAPLN4	chr19	19254756	19262804	-	19261633	19261683	0.0	0.2901314173421763	gex=0	8049	19258780	19261658
CCDC187	chr9	136249973	136306901	-	136304049	136304099	0.0	0.2901314173421763	gex=0	56929	136278437	136304074
SPOCK3	chr4	166733384	167234796	-	167234376	167234426	0.0	0.2901314173421763	gex=0	501413	166984090	167234401
PAX1	chr20	21705659	21718481	+	21705686	21705736	0.0	0.2901314173421763	gex=0	12823	21712070	21705711
NTF4	chr19	49061066	49065054	-	49065004	49065076	0.0	0.2901314173421763	gex=0	3989	49063060	49065040
ZNF214	chr11	6997085	7020346	-	7020292	7020368	0.0	0.2901314173421763	gex=0	23262	7008715	7020330
TBC1D9B	chr5	179862919	179907859	-	179893208	179893233	0.0	0.2901314173421763	gex=0	44941	179885389	179893220
TAAR6	chr6	132570322	132571359	+	132570321	132570371	0.0	0.2901314173421763	gex=0	1038	132570840	132570346
CBY3	chr5	179679544	179682019	-	179680924	179680974	0.0	0.2901314173421763	gex=0	2476	179680781	179680949
CHKB-CPT1B	chr22	50568869	50582965	-	50579726	50579752	0.0	0.2901314173421763	gex=0	14097	50575917	50579739
MYO7B	chr2	127535683	127637729	+	127620025	127620075	0.0	0.2901314173421763	gex=0	102047	127586706	127620050
SLCO6A1	chr5	102371774	102499016	-	102391179	102391229	0.0	0.2901314173421763	gex=0	127243	102435395	102391204
TAS2R20	chr12	10995961	10998304	-	10997825	10997875	0.0	0.2901314173421763	gex=0	2344	10997132	10997850
GRB14	chr2	164492417	164621482	-	164497007	164497052	0.0	0.2901314173421763	gex=0	129066	164556949	164497029
C3orf49	chr3	63819299	63848636	+	63819361	63819411	0.0	0.2901314173421763	gex=0	29338	63833967	63819386
NRBP1	chr2	27427790	27442259	+	27435581	27435631	0.0	0.2901314173421763	gex=0	14470	27435024	27435606
CHD1	chr5	98853985	98929007	-	98860632	98860682	0.0	0.2901314173421763	gex=0	75023	98891496	98860657
ZNF595	chr4	53286	88208	+	53328	53378	0.0	0.2901314173421763	gex=0	34923	70747	53353
BSN	chr3	49554477	49671549	+	49643028	49643078	0.0	0.2901314173421763	gex=0	117073	49613013	49643053
OR56B4	chr11	6107684	6108835	+	6107683	6107733	0.0	0.2901314173421763	gex=0	1152	6108259	6107708
ASGR2	chr17	7101322	7115700	-	7114614	7114653	0.0	0.2901314173421763	gex=0	14379	7108511	7114633
CERKL	chr2	181535041	181680665	-	181657057	181657107	0.0	0.2901314173421763	gex=0	145625	181607853	181657082
CFAP44	chr3	113286930	113441610	-	113304227	113304277	0.0	0.2901314173421763	gex=0	154681	113364270	113304252
PRR23C	chr3	139042102	139044892	-	139044842	139044892	0.0	0.2901314173421763	gex=0	2791	139043497	139044867
NWD2	chr4	37244743	37449463	+	37244219	37244269	0.0	0.2901314173421763	gex=0	204721	37347103	37244244
FAM104A	chr17	73207353	73236753	-	73236703	73236753	0.0	0.2901314173421763	gex=0	29401	73222053	73236728
HRH4	chr18	24460637	24479961	+	24460728	24460778	0.0	0.2901314173421763	gex=0	19325	24470299	24460753
OPA1	chr3	193593144	193697811	+	193626057	193626107	0.0	0.2901314173421763	gex=0	104668	193645477	193626082
FUT6	chr19	5830408	5839722	-	5832517	5832567	0.0	0.2901314173421763	gex=0	9315	5835065	5832542
TDRD12	chr19	32719753	32829580	+	32815562	32815612	0.0	0.2901314173421763	gex=0	109828	32774666	32815587
PSME2	chr14	24143361	24147569	-	24144607	24144657	0.0	0.2901314173421763	gex=0	4209	24145465	24144632
FBF1	chr17	75909574	75941140	-	75913730	75913780	0.0	0.2901314173421763	gex=0	31567	75925357	75913755
PRLHR	chr10	118589997	118595648	-	118595649	118595699	0.0	0.2901314173421763	gex=0	5652	118592822	118595674
ZNF843	chr16	31432593	31443160	-	31442975	31443025	0.0	0.2901314173421763	gex=0	10568	31437876	31443000
CREG2	chr2	101345550	101387503	-	101387090	101387140	0.0	0.2901314173421763	gex=0	41954	101366526	101387115
PINLYP	chr19	43575801	43583964	+	43580637	43580669	0.0	0.2901314173421763	gex=0	8164	43579882	43580653
MED27	chr9	131852928	132079867	-	132079641	132079645	0.0	0.2901314173421763	gex=0	226940	131966397	132079643
SPRYD3	chr12	53064316	53079404	-	53075735	53075744	0.0	0.2901314173421763	gex=0	15089	53071860	53075739
ADNP2	chr18	80109262	80147523	+	80109292	80109342	0.0	0.2901314173421763	gex=0	38262	80128392	80109317
ZFHX4	chr8	76681239	76867281	+	76681238	76681329	0.0	0.2901314173421763	gex=0	186043	76774260	76681283
C11orf16	chr11	8920076	8933006	-	8932900	8932989	0.0	0.2901314173421763	gex=0	12931	8926541	8932944
DEFB104B	chr8	7462290	7467065	-	7475032	7475082	0.0	0.2901314173421763	gex=0	4776	7464677	7475057
TMEM212	chr3	171843349	171938715	+	171900510	171900560	0.0	0.2901314173421763	gex=0	95367	171891032	171900535
HSPB6	chr19	35754566	35758079	-	35756979	35757029	0.0	0.2901314173421763	gex=0	3514	35756322	35757004
STON1	chr2	48529383	48598513	+	48530170	48530216	0.0	0.2901314173421763	gex=0	69131	48563948	48530193
FASTKD1	chr2	169528508	169573875	-	169540074	169540124	0.0	0.2901314173421763	gex=0	45368	169551191	169540099
PPP1R27	chr17	81783724	81785282	-	81835000	81835050	0.0	0.2901314173421763	gex=0	1559	81784503	81835025
C6orf141	chr6	49550666	49561907	+	49550645	49550715	0.0	0.2901314173421763	gex=0	11242	49556286	49550680
NKAPL	chr6	28259297	28260958	+	28259319	28259369	0.0	0.2901314173421763	gex=0	1662	28260127	28259344
BBS7	chr4	121824329	121870487	-	121861629	121861679	0.0	0.2901314173421763	gex=0	46159	121847408	121861654
MMP10	chr11	102770502	102780628	-	102780578	102780628	0.0	0.2901314173421763	gex=0	10127	102775565	102780603
LARGE1	chr22	33162226	33922841	-	33889178	33889228	0.0	0.2901314173421763	gex=0	760616	33542533	33889203
PDP1	chr8	93857807	93926068	+	93919878	93919928	0.0	0.2901314173421763	gex=0	68262	93891937	93919903
ZDHHC23	chr3	113947901	113965401	+	113948506	113948556	0.0	0.2901314173421763	gex=0	17501	113956651	113948531
APOA5	chr11	116789367	116792420	-	116791845	116791895	0.0	0.2901314173421763	gex=0	3054	116790893	116791870
GSDMA	chr17	39953263	39977768	+	39962972	39963022	0.0	0.2901314173421763	gex=0	24506	39965515	39962997
PCDHB1	chr5	141051374	141059346	+	141051134	141051184	0.0	0.2901314173421763	gex=0	7973	141055360	141051159
CLIP4	chr2	29097705	29199777	+	29097704	29097754	0.0	0.2901314173421763	gex=0	102073	29148741	29097729
GNRHR	chr4	67737118	67754388	-	67754285	67754335	0.0	0.2901314173421763	gex=0	17271	67745753	67754310
ERG	chr21	38380027	38661780	-	38661657	38661694	0.0	0.2901314173421763	gex=0	281754	38520903	38661675
ADCYAP1R1	chr7	31052308	31111479	+	31056930	31056980	0.0	0.2901314173421763	gex=0	59172	31081893	31056955
C8G	chr9	136945185	136946975	+	136945260	136945310	0.0	0.2901314173421763	gex=0	1791	136946080	136945285
GNB2	chr7	100673567	100679174	+	100676835	100676885	0.0	0.2901314173421763	gex=0	5608	100676370	100676860
ANKRD36	chr2	97113153	97264521	+	97113551	97113601	0.0	0.2901314173421763	gex=0	151369	97188837	97113576
SH2D7	chr15	78077808	78104370	+	78092584	78092634	0.0	0.2901314173421763	gex=0	26563	78091089	78092609
TAS2R38	chr7	141972631	141973773	-	141973723	141973773	0.0	0.2901314173421763	gex=0	1143	141973202	141973748
TMEM86B	chr19	55226638	55228784	-	55228723	55228773	0.0	0.2901314173421763	gex=0	2147	55227711	55228748
FXYD4	chr10	43371636	43376335	+	43374468	43374502	0.0	0.2901314173421763	gex=0	4700	43373985	43374485
SYT12	chr11	67006778	67050863	+	67022718	67022768	0.0	0.2901314173421763	gex=0	44086	67028820	67022743
PIWIL1	chr12	130337887	130372637	+	130338135	130338185	0.0	0.2901314173421763	gex=0	34751	130355262	130338160
UGT1A1	chr2	233760270	233773300	+	233760247	233760297	0.0	0.2901314173421763	gex=0	13031	233766785	233760272
TMEM62	chr15	43123279	43185144	+	43169014	43169064	0.0	0.2901314173421763	gex=0	61866	43154211	43169039
EMCN	chr4	100395341	100880126	-	100518043	100518093	0.0	0.2901314173421763	gex=0	484786	100637733	100518068
TET1	chr10	68560337	68694487	+	68560655	68560705	0.0	0.2901314173421763	gex=0	134151	68627412	68560680
CDC37L1	chr9	4679559	4708399	+	4679714	4679764	0.0	0.2901314173421763	gex=0	28841	4693979	4679739
RTP5	chr2	241869600	241873823	+	241869599	241869649	0.0	0.2901314173421763	gex=0	4224	241871711	241869624
CRCP	chr7	66114604	66154568	+	66114603	66114653	0.0	0.2901314173421763	gex=0	39965	66134586	66114628
ZNF547	chr19	57363477	57379565	+	57371628	57371678	0.0	0.2901314173421763	gex=0	16089	57371521	57371653
NPHP3	chr3	132680609	132722432	-	132684635	132684685	0.0	0.2901314173421763	gex=0	41824	132701520	132684660
C9	chr5	39284140	39424868	-	39371242	39371290	0.0	0.2901314173421763	gex=0	140729	39354504	39371266
KCNS3	chr2	17877847	18361616	+	17879382	17879432	0.0	0.2901314173421763	gex=0	483770	18119731	17879407
KCNB2	chr8	72537225	72938349	+	72537390	72537440	0.0	0.2901314173421763	gex=0	401125	72737787	72537415
RPLP2	chr11	809965	812880	+	810397	810447	0.0	0.2901314173421763	gex=0	2916	811422	810422
KIF12	chr9	114086126	114099292	-	114097886	114097936	0.0	0.2901314173421763	gex=0	13167	114092709	114097911
CDR2	chr16	22345936	22437165	-	22431546	22431596	0.0	0.2901314173421763	gex=0	91230	22391550	22431571
STAB1	chr3	52495338	52524495	+	52523277	52523327	0.0	0.2901314173421763	gex=0	29158	52509916	52523302
ZNF516	chr18	76357682	76495242	-	76490729	76490779	0.0	0.2901314173421763	gex=0	137561	76426462	76490754
TNFRSF6B	chr20	63696652	63698684	+	63696667	63696717	0.0	0.2901314173421763	gex=0	2033	63697668	63696692
C14orf180	chr14	104586828	104597659	+	104579763	104579813	0.0	0.2901314173421763	gex=0	10832	104592243	104579788
OSER1	chr20	44195939	44210771	-	44210026	44210076	0.0	0.2901314173421763	gex=0	14833	44203355	44210051
POU2F3	chr11	120236640	120319945	+	120240260	120240310	0.0	0.2901314173421763	gex=0	83306	120278292	120240285
DPPA2	chr3	109293788	109316517	-	109316467	109316517	0.0	0.2901314173421763	gex=0	22730	109305152	109316492
SLX4IP	chr20	10435305	10636829	+	10598674	10598724	0.0	0.2901314173421763	gex=0	201525	10536067	10598699
TCP10L	chr21	32497967	32587373	-	32585483	32585533	0.0	0.2901314173421763	gex=0	89407	32542670	32585508
CUX2	chr12	111034165	111350554	+	111214300	111214310	0.0	0.2901314173421763	gex=0	316390	111192359	111214305
TSG101	chr11	18468336	18526951	-	18514800	18514850	0.0	0.2901314173421763	gex=0	58616	18497643	18514825
C15orf62	chr15	40769980	40772449	+	40770079	40770129	0.0	0.2901314173421763	gex=0	2470	40771214	40770104
LCN2	chr9	128149071	128153453	+	128149471	128149521	0.0	0.2901314173421763	gex=0	4383	128151262	128149496
GK3P	chr4	165277812	165279679	-	165279595	165279645	0.0	0.2901314173421763	gex=0	1868	165278745	165279620
ADH4	chr4	99123657	99157792	-	99144247	99144297	0.0	0.2901314173421763	gex=0	34136	99140724	99144272
MAPK3	chr16	30114105	30123506	-	30117055	30117105	0.0	0.2901314173421763	gex=0	9402	30118805	30117080
CPNE4	chr3	131533555	132285410	-	132040200	132040250	0.0	0.2901314173421763	gex=0	751856	131909482	132040225
CBARP	chr19	1228287	1238027	-	1237770	1237846	0.0	0.2901314173421763	gex=0	9741	1233157	1237808
GPRC6A	chr6	116792085	116829083	-	116828987	116829037	0.0	0.2901314173421763	gex=0	36999	116810584	116829012
MKRN2OS	chr3	12514934	12561059	-	12545472	12545522	0.0	0.2901314173421763	gex=0	46126	12537996	12545497
SLCO1C1	chr12	20695332	20753386	+	20695430	20695514	0.0	0.2901314173421763	gex=0	58055	20724359	20695472
KCNF1	chr2	10911934	10914225	+	10911936	10911986	0.0	0.2901314173421763	gex=0	2292	10913079	10911961
SVIP	chr11	22813799	22830299	-	22829521	22829571	0.0	0.2901314173421763	gex=0	16501	22822049	22829546
SPINK7	chr5	148312419	148315922	+	148313942	148313992	0.0	0.2901314173421763	gex=0	3504	148314170	148313967
TREM1	chr6	41267926	41286682	-	41286669	41286719	0.0	0.2901314173421763	gex=0	18757	41277304	41286694
FBXL15	chr10	102419189	102423136	+	102419188	102419282	0.0	0.2901314173421763	gex=0	3948	102421162	102419235
RGPD4	chr2	107826892	107892544	+	107826936	107826986	0.0	0.2901314173421763	gex=0	65653	107859718	107826961
PVRIG	chr7	100218241	100221490	+	100218240	100218290	0.0	0.2901314173421763	gex=0	3250	100219865	100218265
CCDC73	chr11	32602721	32794662	-	32794560	32794610	0.0	0.2901314173421763	gex=0	191942	32698691	32794585
C19orf84	chr19	51388289	51390591	-	51390524	51390574	0.0	0.2901314173421763	gex=0	2303	51389440	51390549
AARS2	chr6	44298731	44313347	-	44313276	44313326	0.0	0.2901314173421763	gex=0	14617	44306039	44313301
MTCL1	chr18	8705661	8832778	+	8705660	8705710	0.0	0.2901314173421763	gex=0	127118	8769219	8705685
WNT11	chr11	76186325	76210736	-	76210686	76210736	0.0	0.2901314173421763	gex=0	24412	76198530	76210711
BCAS3	chr17	60677453	61392838	+	60887278	60887328	0.0	0.2901314173421763	gex=0	715386	61035145	60887303
APBA2	chr15	28884483	29118315	+	28884482	28884532	0.0	0.2901314173421763	gex=0	233833	29001399	28884507
GRIFIN	chr7	2474728	2476894	-	2476844	2476894	0.0	0.2901314173421763	gex=0	2167	2475811	2476869
C1QTNF5	chr11	119338942	119340940	-	119340833	119340883	0.0	0.2901314173421763	gex=0	1999	119339941	119340858
CPA1	chr7	130380339	130388114	+	130380370	130380420	0.0	0.2901314173421763	gex=0	7776	130384226	130380395
ABCE1	chr4	145098288	145129524	+	145121319	145121369	0.0	0.2901314173421763	gex=0	31237	145113906	145121344
MCHR1	chr22	40679273	40682812	+	40679272	40679322	0.0	0.2901314173421763	gex=0	3540	40681042	40679297
ZSWIM8	chr10	73785606	73801797	+	73791323	73791373	0.0	0.2901314173421763	gex=0	16192	73793701	73791348
KCNJ14	chr19	48455574	48466980	+	48455508	48455558	0.0	0.2901314173421763	gex=0	11407	48461277	48455533
C20orf85	chr20	58150902	58161150	+	58150903	58150953	0.0	0.2901314173421763	gex=0	10249	58156026	58150928
CFAP58	chr10	104353833	104455102	+	104376854	104376893	0.0	0.2901314173421763	gex=0	101270	104404467	104376873
CLDN11	chr3	170418868	170454733	+	170418867	170418917	0.0	0.2901314173421763	gex=0	35866	170436800	170418892
PRUNE2	chr9	76611376	76906114	-	76652499	76652549	0.0	0.2901314173421763	gex=0	294739	76758745	76652524
LDLRAD4	chr18	13217498	13652755	+	13218786	13218836	0.0	0.2901314173421763	gex=0	435258	13435126	13218811
CHADL	chr22	41229510	41240931	-	41240884	41240934	0.0	0.2901314173421763	gex=0	11422	41235220	41240909
BCKDHB	chr6	80106647	80346270	+	80203101	80203151	0.0	0.2901314173421763	gex=0	239624	80226458	80203126
ARHGEF40	chr14	21070273	21090248	+	21070367	21070399	0.0	0.2901314173421763	gex=0	19976	21080260	21070383
FAM210B	chr20	56358974	56368663	+	56358914	56359158	0.0	0.2901314173421763	gex=0	9690	56363818	56359036
DNMBP	chr10	99875577	100009947	-	99914032	99914082	0.0	0.2901314173421763	gex=0	134371	99942762	99914057
SSTR5	chr16	1072747	1081454	+	1078780	1078830	0.0	0.2901314173421763	gex=0	8708	1077100	1078805
CTNND2	chr5	10971836	11904446	-	11018010	11018060	0.0	0.2901314173421763	gex=0	932611	11438141	11018035
OR4B1	chr11	48216810	48217739	+	48216791	48216841	0.0	0.2901314173421763	gex=0	930	48217274	48216816
MANBAL	chr20	37289649	37317260	+	37297344	37297394	0.0	0.2901314173421763	gex=0	27612	37303454	37297369
RAB6C	chr2	129979666	129982738	+	129979663	129979713	0.0	0.2901314173421763	gex=0	3073	129981202	129979688
CBLC	chr19	44777869	44800652	+	44777868	44777918	0.0	0.2901314173421763	gex=0	22784	44789260	44777893
FAM83C	chr20	35285731	35292425	-	35292351	35292401	0.0	0.2901314173421763	gex=0	6695	35289078	35292376
H4C7	chr6	26246611	26246996	-	26246927	26246977	0.0	0.2901314173421763	gex=0	386	26246803	26246952
VDAC1	chr5	133971871	134004975	-	133976319	133976369	0.0	0.2901314173421763	gex=0	33105	133988423	133976344
SKIL	chr3	170357678	170396835	+	170361211	170361261	0.0	0.2901314173421763	gex=0	39158	170377256	170361236
PAQR4	chr16	2969270	2973484	+	2970977	2971027	0.0	0.2901314173421763	gex=0	4215	2971377	2971002
LAMA4	chr6	112107931	112254939	-	112216704	112216754	0.0	0.2901314173421763	gex=0	147009	112181435	112216729
ROBO1	chr3	78597239	79767998	-	78670490	78670540	0.0	0.2901314173421763	gex=0	1170760	79182618	78670515
MAFB	chr20	40685848	40689236	-	40689190	40689240	0.0	0.2901314173421763	gex=0	3389	40687542	40689215
KLK11	chr19	51022216	51028039	-	51026566	51026616	0.0	0.2901314173421763	gex=0	5824	51025127	51026591
RCOR2	chr11	63911230	63917164	-	63912257	63912956	0.0	0.2901314173421763	gex=0	5935	63914197	63912606
PAPOLG	chr2	60756253	60802086	+	60791480	60791530	0.0	0.2901314173421763	gex=0	45834	60779169	60791505
DLGAP2	chr8	737628	1708476	+	1501365	1501415	0.0	0.2901314173421763	gex=0	970849	1223052	1501390
PRDM12	chr9	130664594	130682986	+	130664593	130664643	0.0	0.2901314173421763	gex=0	18393	130673790	130664618
RIPK4	chr21	41739369	41767089	-	41767039	41767106	0.0	0.2901314173421763	gex=0	27721	41753229	41767072
PRSS41	chr16	2798470	2805304	+	2798484	2798534	0.0	0.2901314173421763	gex=0	6835	2801887	2798509
GSC	chr14	94768223	94770113	-	94770180	94770230	0.0	0.2901314173421763	gex=0	1891	94769168	94770205
MAP1LC3B2	chr12	116548105	116576606	+	116548105	116548155	0.0	0.2901314173421763	gex=0	28502	116562355	116548130
SEMA6A	chr5	116443555	116574823	-	116449596	116449646	0.0	0.2901314173421763	gex=0	131269	116509189	116449621
RAB6D	chr2	131360492	131364168	-	131363670	131363720	0.0	0.2901314173421763	gex=0	3677	131362330	131363695
TIMP3	chr22	32801705	32863041	+	32801700	32801750	0.0	0.2901314173421763	gex=0	61337	32832373	32801725
SLC39A13	chr11	47407132	47416496	+	47409590	47409640	0.0	0.2901314173421763	gex=0	9365	47411814	47409615
SBSN	chr19	35523367	35528351	-	35528260	35528310	0.0	0.2901314173421763	gex=0	4985	35525859	35528285
MTHFD2L	chr4	74114174	74303099	+	74125437	74125487	0.0	0.2901314173421763	gex=0	188926	74208636	74125462
OR51A4	chr11	4942831	4947605	-	4947050	4947100	0.0	0.2901314173421763	gex=0	4775	4945218	4947075
DDT	chr22	23971367	23980473	-	23979778	23979828	0.0	0.2901314173421763	gex=0	9107	23975920	23979803
CLDN14	chr21	36460621	36576569	-	36576519	36576569	0.0	0.2901314173421763	gex=0	115949	36518595	36576544
HEMGN	chr9	97926791	97944856	-	97938343	97938393	0.0	0.2901314173421763	gex=0	18066	97935823	97938368
LEP	chr7	128241278	128257629	+	128241283	128241306	0.0	0.2901314173421763	gex=0	16352	128249453	128241294
SLC2A3	chr12	7919230	7936187	-	7919700	7919750	0.0	0.2901314173421763	gex=0	16958	7927708	7919725
NPY1R	chr4	163323962	163344832	-	163332968	163333018	0.0	0.2901314173421763	gex=0	20871	163334397	163332993
TMEM191B	chr22	18527802	18530573	+	18527801	18527851	0.0	0.2901314173421763	gex=0	2772	18529187	18527826
SBK3	chr19	55540656	55545543	-	55545498	55545543	0.0	0.2901314173421763	gex=0	4888	55543099	55545520
OR13F1	chr9	104504263	104505222	+	104504262	104504312	0.0	0.2901314173421763	gex=0	960	104504742	104504287
NPDC1	chr9	137039463	137046179	-	137040106	137040156	0.0	0.2901314173421763	gex=0	6717	137042821	137040131
GLYCTK	chr3	52287089	52295257	+	52290073	52290123	0.0	0.2901314173421763	gex=0	8169	52291173	52290098
OR9A2	chr7	143026200	143027132	-	143027145	143027195	0.0	0.2901314173421763	gex=0	933	143026666	143027170
SLC18B1	chr6	132769370	132813339	-	132797071	132797121	0.0	0.2901314173421763	gex=0	43970	132791354	132797096
SOGA3	chr6	127472794	127519191	-	127518870	127518920	0.0	0.2901314173421763	gex=0	46398	127495992	127518895
SPATA3	chr2	230990324	231025055	+	230996120	230996170	0.0	0.2901314173421763	gex=0	34732	231007689	230996145
FBXO38	chr5	148383935	148442836	+	148423748	148423798	0.0	0.2901314173421763	gex=0	58902	148413385	148423773
NEBL	chr10	20779973	21293011	-	21174137	21174187	0.0	0.2901314173421763	gex=0	513039	21036492	21174162
TNFRSF10B	chr8	23020133	23069031	-	23030822	23030872	0.0	0.2901314173421763	gex=0	48899	23044582	23030847
DOK6	chr18	69400888	69849087	+	69643687	69643737	0.0	0.2901314173421763	gex=0	448200	69624987	69643712
IDI2	chr10	1018910	1025859	-	1025815	1025859	0.0	0.2901314173421763	gex=0	6950	1022384	1025837
F7	chr13	113105788	113120685	+	113105790	113105856	0.0	0.2901314173421763	gex=0	14898	113113236	113105823
POLR2C	chr16	57462660	57472009	+	57462776	57462810	0.0	0.2901314173421763	gex=0	9350	57467334	57462793
DGKI	chr7	137381037	137847092	-	137847042	137847092	0.0	0.2901314173421763	gex=0	466056	137614064	137847067
RAB40B	chr17	82654973	82698698	-	82658799	82658849	0.0	0.2901314173421763	gex=0	43726	82676835	82658824
OR2C1	chr16	3355889	3357306	+	3355888	3355938	0.0	0.2901314173421763	gex=0	1418	3356597	3355913
TRIM49	chr11	89797655	89808575	-	89807170	89807220	0.0	0.2901314173421763	gex=0	10921	89803115	89807195
ZFHX2	chr14	23520857	23556192	-	23556142	23556192	0.0	0.2901314173421763	gex=0	35336	23538524	23556167
EFNB2	chr13	106489745	106535662	-	106535064	106535114	0.0	0.2901314173421763	gex=0	45918	106512703	106535089
CBLN4	chr20	55997357	56005519	-	56005422	56005472	0.0	0.2901314173421763	gex=0	8163	56001438	56005447
SERPINB11	chr18	63647579	63726432	+	63710193	63710243	0.0	0.2901314173421763	gex=0	78854	63687005	63710218
IRX2	chr5	2745845	2751677	-	2751612	2751662	0.0	0.2901314173421763	gex=0	5833	2748761	2751637
SMARCC1	chr3	47585269	47782106	-	47746355	47746405	0.0	0.2901314173421763	gex=0	196838	47683687	47746380
PLPPR1	chr9	101028709	101325135	+	101131521	101131571	0.0	0.2901314173421763	gex=0	296427	101176922	101131546
TAS2R5	chr7	141790217	141791367	+	141790216	141790266	0.0	0.2901314173421763	gex=0	1151	141790792	141790241
CCM2L	chr20	32010438	32032180	+	32010449	32010484	0.0	0.2901314173421763	gex=0	21743	32021309	32010466
KIR3DX1	chr19	54464632	54477600	+	54535277	54535327	0.0	0.2901314173421763	gex=0	12969	54471116	54535302
MS4A15	chr11	60756867	60776733	+	60756952	60757002	0.0	0.2901314173421763	gex=0	19867	60766800	60756977
PSME1	chr14	24136163	24138967	+	24137519	24137565	0.0	0.2901314173421763	gex=0	2805	24137565	24137542
SLC49A3	chr4	681829	689271	-	689133	689183	0.0	0.2901314173421763	gex=0	7443	685550	689158
GGNBP2	chr17	36544912	36589848	+	36576656	36576706	0.0	0.2901314173421763	gex=0	44937	36567380	36576681
GPR12	chr13	26755200	26760786	-	26760240	26760290	0.0	0.2901314173421763	gex=0	5587	26757993	26760265
DEFB113	chr6	49968677	49969625	-	49969575	49969625	0.0	0.2901314173421763	gex=0	949	49969151	49969600
NME3	chr16	1770320	1771561	-	1771156	1771206	0.0	0.2901314173421763	gex=0	1242	1770940	1771181
ARC	chr8	142611049	142614479	-	142612652	142612702	0.0	0.2901314173421763	gex=0	3431	142612764	142612677
SH3GL1	chr19	4360370	4400547	-	4395973	4396023	0.0	0.2901314173421763	gex=0	40178	4380458	4395998
BEND4	chr4	42110853	42152878	-	42152828	42152878	0.0	0.2901314173421763	gex=0	42026	42131865	42152853
SDR9C7	chr12	56923133	56934408	-	56934355	56934405	0.0	0.2901314173421763	gex=0	11276	56928770	56934380
STAC2	chr17	39210541	39225945	-	39225618	39225668	0.0	0.2901314173421763	gex=0	15405	39218243	39225643
CA12	chr15	63321378	63381846	-	63381796	63381846	0.0	0.2901314173421763	gex=0	60469	63351612	63381821
TESK1	chr9	35605262	35610041	+	35605304	35605354	0.0	0.2901314173421763	gex=0	4780	35607651	35605329
TMPRSS13	chr11	117900641	117929459	-	117929347	117929459	0.0	0.2901314173421763	gex=0	28819	117915050	117929403
HARBI1	chr11	46602861	46617909	-	46617859	46617909	0.0	0.2901314173421763	gex=0	15049	46610385	46617884
CACNG5	chr17	66835117	66894751	+	66835116	66835166	0.0	0.2901314173421763	gex=0	59635	66864934	66835141
P2RY14	chr3	151212117	151278542	-	151249064	151249114	0.0	0.2901314173421763	gex=0	66426	151245329	151249089
LIN7A	chr12	80792520	80937934	-	80889298	80889348	0.0	0.2901314173421763	gex=0	145415	80865227	80889323
PRSS37	chr7	141836300	141841487	-	141841454	141841485	0.0	0.2901314173421763	gex=0	5188	141838893	141841469
RFPL4AL1	chr19	55769118	55773420	+	55769140	55769175	0.0	0.2901314173421763	gex=0	4303	55771269	55769157
ZNF649	chr19	51889235	51905040	-	51897169	51897219	0.0	0.2901314173421763	gex=0	15806	51897137	51897194
TLX3	chr5	171309248	171312139	+	171309283	171309333	0.0	0.2901314173421763	gex=0	2892	171310693	171309308
IDUA	chr4	986997	1004564	+	991871	991921	0.0	0.2901314173421763	gex=0	17568	995780	991896
GPX5	chr6	28525881	28534955	+	28528325	28528375	0.0	0.2901314173421763	gex=0	9075	28530418	28528350
GFRA1	chr10	116056925	116276803	-	116272232	116272282	0.0	0.2901314173421763	gex=0	219879	116166864	116272257
OPLAH	chr8	144051266	144063965	-	144054829	144054879	0.0	0.2901314173421763	gex=0	12700	144057615	144054854
GGTA1	chr9	121444991	121499844	-	121499707	121499816	0.0	0.2901314173421763	gex=0	54854	121472417	121499761
GCNT7	chr20	56491492	56525925	-	56525875	56525925	0.0	0.2901314173421763	gex=0	34434	56508708	56525900
HOXC10	chr12	53985065	53990279	+	53985185	53985235	0.0	0.2901314173421763	gex=0	5215	53987672	53985210
MMP1	chr11	102789401	102798160	-	102798110	102798160	0.0	0.2901314173421763	gex=0	8760	102793780	102798135
CASP6	chr4	109688622	109703583	-	109697729	109697779	0.0	0.2901314173421763	gex=0	14962	109696102	109697754
CHRNA10	chr11	3665587	3671384	-	3671317	3671367	0.0	0.2901314173421763	gex=0	5798	3668485	3671342
PPP4R4	chr14	94146128	94279734	+	94175779	94175829	0.0	0.2901314173421763	gex=0	133607	94212931	94175804
SOX14	chr3	137764315	137766334	+	137764283	137764333	0.0	0.2901314173421763	gex=0	2020	137765324	137764308
SCRG1	chr4	173384701	173406380	-	173406330	173406380	0.0	0.2901314173421763	gex=0	21680	173395540	173406355
ADAMDEC1	chr8	24384285	24406013	+	24384504	24384554	0.0	0.2901314173421763	gex=0	21729	24395149	24384529
WT1	chr11	32387775	32435564	-	32430763	32430813	0.0	0.2901314173421763	gex=0	47790	32411669	32430788
ZNF696	chr8	143289676	143299952	+	143290909	143290959	0.0	0.2901314173421763	gex=0	10277	143294814	143290934
DIRAS1	chr19	2714567	2721372	-	2721368	2721418	0.0	0.2901314173421763	gex=0	6806	2717969	2721393
TMEM117	chr12	43835967	44389762	+	44073650	44073700	0.0	0.2901314173421763	gex=0	553796	44112864	44073675
OR6C65	chr12	55400529	55401467	+	55400429	55400479	0.0	0.2901314173421763	gex=0	939	55400998	55400454
SNX31	chr8	100572889	100663415	-	100584110	100584160	0.0	0.2901314173421763	gex=0	90527	100618152	100584135
OR56A3	chr11	5938751	5951347	+	5947339	5947389	0.0	0.2901314173421763	gex=0	12597	5945049	5947364
KRT35	chr17	41476710	41481151	-	41481090	41481140	0.0	0.2901314173421763	gex=0	4442	41478930	41481115
SYNE3	chr14	95407266	95516650	-	95475786	95475836	0.0	0.2901314173421763	gex=0	109385	95461958	95475811
OR8J1	chr11	56360215	56361288	+	56360214	56360264	0.0	0.2901314173421763	gex=0	1074	56360751	56360239
NANOS3	chr19	13862063	13880757	+	13877248	13877298	0.0	0.2901314173421763	gex=0	18695	13871410	13877273
VWA5B2	chr3	184229585	184242329	+	184235018	184235068	0.0	0.2901314173421763	gex=0	12745	184235957	184235043
MORC2	chr22	30925130	30968774	-	30968248	30968298	0.0	0.2901314173421763	gex=0	43645	30946952	30968273
OR1L4	chr9	122723990	122724925	+	122723989	122724039	0.0	0.2901314173421763	gex=0	936	122724457	122724014
FOXL2	chr3	138944224	138947137	-	138947090	138947140	0.0	0.2901314173421763	gex=0	2914	138945680	138947115
CELF5	chr19	3224661	3297076	+	3224702	3224752	0.0	0.2901314173421763	gex=0	72416	3260868	3224727
ARL14EPL	chr5	116032324	116060118	+	116032323	116032373	0.0	0.2901314173421763	gex=0	27795	116046221	116032348
SCLY	chr2	238060924	238099413	+	238069463	238069477	0.0	0.2901314173421763	gex=0	38490	238080168	238069470
OSGIN1	chr16	83931311	83966332	+	83956987	83957037	0.0	0.2901314173421763	gex=0	35022	83948821	83957012
RINL	chr19	38867830	38878275	-	38870801	38870851	0.0	0.2901314173421763	gex=0	10446	38873052	38870826
ABCA10	chr17	69147214	69244846	-	69149273	69149323	0.0	0.2901314173421763	gex=0	97633	69196030	69149298
KNG1	chr3	186717348	186744410	+	186717347	186717397	0.0	0.2901314173421763	gex=0	27063	186730879	186717372
HGFAC	chr4	3441968	3449486	+	3445899	3445949	0.0	0.2901314173421763	gex=0	7519	3445727	3445924
USP17L17	chr4	9243879	9245471	+	9243878	9243928	0.0	0.2901314173421763	gex=0	1593	9244675	9243903
KRTAP4-5	chr17	41148924	41149825	-	41149752	41149802	0.0	0.2901314173421763	gex=0	902	41149374	41149777
TEX12	chr11	112167372	112172556	+	112167371	112167421	0.0	0.2901314173421763	gex=0	5185	112169964	112167396
LRRC34	chr3	169793003	169812986	-	169812475	169812525	0.0	0.2901314173421763	gex=0	19984	169802994	169812500
IL10RA	chr11	117986370	118003037	+	117994958	117995008	0.0	0.2901314173421763	gex=0	16668	117994703	117994983
MS4A18	chr11	60729304	60744212	+	60729315	60729365	0.0	0.2901314173421763	gex=0	14909	60736758	60729340
USH1C	chr11	17493895	17544416	-	17544352	17544416	0.0	0.2901314173421763	gex=0	50522	17519155	17544384
CAMTA2	chr17	4967992	4987675	-	4978519	4978569	0.0	0.2901314173421763	gex=0	19684	4977833	4978544
SEPTIN5	chr22	19714503	19724224	+	19718457	19718507	0.0	0.2901314173421763	gex=0	9722	19719363	19718482
GRID2	chr4	92303966	93810157	+	92304484	92304534	0.0	0.2901314173421763	gex=0	1506192	93057061	92304509
LILRB4	chr19	54671018	54678557	+	54662127	54662177	0.0	0.2901314173421763	gex=0	7540	54674787	54662152
SCGB1D1	chr11	62190216	62193539	+	62190215	62190265	0.0	0.2901314173421763	gex=0	3324	62191877	62190240
LHFPL3	chr7	104328603	104908561	+	104328699	104328749	0.0	0.2901314173421763	gex=0	579959	104618582	104328724
ADAMTSL2	chr9	133532164	133575519	+	133534308	133534358	0.0	0.2901314173421763	gex=0	43356	133553841	133534333
FOXE1	chr9	97853226	97856717	+	97853253	97853303	0.0	0.2901314173421763	gex=0	3492	97854971	97853278
VMO1	chr17	4785285	4786433	-	4786321	4786371	0.0	0.2901314173421763	gex=0	1149	4785859	4786346
SLC4A2	chr7	151057210	151076526	+	151061250	151061300	0.0	0.2901314173421763	gex=0	19317	151066868	151061275
KLHDC8B	chr3	49171598	49176486	+	49172712	49172762	0.0	0.2901314173421763	gex=0	4889	49174042	49172737
OR4F21	chr8	166086	167024	-	166993	167043	0.0	0.2901314173421763	gex=0	939	166555	167018
RAB27B	chr18	54717860	54895516	+	54717859	54717909	0.0	0.2901314173421763	gex=0	177657	54806688	54717884
OR4F3	chr5	181367268	181368262	+	181367267	181367317	0.0	0.2901314173421763	gex=0	995	181367765	181367292
STIMATE-MUSTN1	chr3	52833121	52897562	-	52840212	52840262	0.0	0.2901314173421763	gex=0	64442	52865341	52840237
CLCN1	chr7	143316111	143352083	+	143316125	143316175	0.0	0.2901314173421763	gex=0	35973	143334097	143316150
CLDN3	chr7	73768997	73770270	-	73770220	73770270	0.0	0.2901314173421763	gex=0	1274	73769633	73770245
DCD	chr12	54644589	54648493	-	54648443	54648493	0.0	0.2901314173421763	gex=0	3905	54646541	54648468
NOVA2	chr19	45933734	45974044	-	45973496	45973546	0.0	0.2901314173421763	gex=0	40311	45953889	45973521
BAMBI	chr10	28677510	28682932	+	28677509	28677559	0.0	0.2901314173421763	gex=0	5423	28680221	28677534
PDCL3	chr2	100562993	100576739	+	100568954	100569004	0.0	0.2901314173421763	gex=0	13747	100569866	100568979
TSKS	chr19	49739753	49763306	-	49747328	49747378	0.0	0.2901314173421763	gex=0	23554	49751529	49747353
ZSCAN18	chr19	58083838	58118427	-	58118376	58118426	0.0	0.2901314173421763	gex=0	34590	58101132	58118401
PLXNC1	chr12	94148577	94307675	+	94226488	94226538	0.0	0.2901314173421763	gex=0	159099	94228126	94226513
ZNF704	chr8	80628451	80874781	-	80640645	80640695	0.0	0.2901314173421763	gex=0	246331	80751616	80640670
MYH13	chr17	10300865	10373130	-	10364494	10364544	0.0	0.2901314173421763	gex=0	72266	10336997	10364519
CCT8L2	chr22	16590751	16592810	-	16592760	16592810	0.0	0.2901314173421763	gex=0	2060	16591780	16592785
CDHR4	chr3	49790732	49799873	-	49792881	49792931	0.0	0.2901314173421763	gex=0	9142	49795302	49792906
DDHD2	chr8	38225218	38275558	+	38231816	38231859	0.0	0.2901314173421763	gex=0	50341	38250388	38231837
GGN	chr19	38384267	38388082	-	38388032	38388082	0.0	0.2901314173421763	gex=0	3816	38386174	38388057
PSD	chr10	102402617	102421539	-	102419677	102419727	0.0	0.2901314173421763	gex=0	18923	102412078	102419702
KRTCAP3	chr2	27442366	27446481	+	27443451	27443501	0.0	0.2901314173421763	gex=0	4116	27444423	27443476
GTF2A1L	chr2	48617798	48733148	+	48617837	48617887	0.0	0.2901314173421763	gex=0	115351	48675473	48617862
ZNF208	chr19	21932958	22010949	-	22010893	22010943	0.0	0.2901314173421763	gex=0	77992	21971953	22010918
DHRS4L2	chr14	23969874	24006408	+	23969873	23969923	0.0	0.2901314173421763	gex=0	36535	23988141	23969898
DPY19L2	chr12	63558913	63668939	-	63608624	63608674	0.0	0.2901314173421763	gex=0	110027	63613926	63608649
IGLL1	chr22	23573125	23580302	-	23580252	23580302	0.0	0.2901314173421763	gex=0	7178	23576713	23580277
ZNF18	chr17	11977439	11997475	-	11992867	11992917	0.0	0.2901314173421763	gex=0	20037	11987457	11992892
SYT9	chr11	7238778	7469043	+	7252169	7252219	0.0	0.2901314173421763	gex=0	230266	7353910	7252194
GOLGA8R	chr15	30400562	30414260	-	30412570	30412620	0.0	0.2901314173421763	gex=0	13699	30407411	30412595
MYRIP	chr3	39808914	40260321	+	40100010	40100060	0.0	0.2901314173421763	gex=0	451408	40034617	40100035
CYP3A43	chr7	99828013	99866093	+	99828012	99828062	0.0	0.2901314173421763	gex=0	38081	99847053	99828037
ZNFX1	chr20	49237946	49278426	-	49271173	49271223	0.0	0.2901314173421763	gex=0	40481	49258186	49271198
PCDHB7	chr5	141172644	141176383	+	141172618	141172668	0.0	0.2901314173421763	gex=0	3740	141174513	141172643
RAET1G	chr6	149916878	149923121	-	149922960	149923010	0.0	0.2901314173421763	gex=0	6244	149919999	149922985
PLCL1	chr2	197804593	198572581	+	197810257	197810307	0.0	0.2901314173421763	gex=0	767989	198188587	197810282
BPIFB2	chr20	33007704	33023703	+	33007599	33007649	0.0	0.2901314173421763	gex=0	16000	33015703	33007624
DENND2B	chr11	8693351	8910951	-	8810623	8810685	0.0	0.2901314173421763	gex=0	217601	8802151	8810654
PIRT	chr17	10822470	10838087	-	10838395	10838445	0.0	0.2901314173421763	gex=0	15618	10830278	10838420
GOLGA1	chr9	124878275	124948492	-	124948442	124948492	0.0	0.2901314173421763	gex=0	70218	124913383	124948467
PRSS54	chr16	58279997	58295047	-	58294997	58295047	0.0	0.2901314173421763	gex=0	15051	58287522	58295022
P2RY1	chr3	152835131	152841439	+	152834692	152834742	0.0	0.2901314173421763	gex=0	6309	152838285	152834717
CLEC4E	chr12	8533305	8540905	-	8540855	8540905	0.0	0.2901314173421763	gex=0	7601	8537105	8540880
DIO3	chr14	101561351	101563452	+	101561350	101561400	0.0	0.2901314173421763	gex=0	2102	101562401	101561375
PLEC	chr8	143915153	143976734	-	143975325	143975375	0.0	0.2901314173421763	gex=0	61582	143945943	143975350
DUS2	chr16	67987746	68079320	+	68077951	68078001	0.0	0.2901314173421763	gex=0	91575	68033533	68077976
KRTAP19-6	chr21	30541535	30541864	-	30541814	30541864	0.0	0.2901314173421763	gex=0	330	30541699	30541839
AXL	chr19	41219223	41261766	+	41220399	41220449	0.0	0.2901314173421763	gex=0	42544	41240494	41220424
IQSEC1	chr3	12897043	13283281	-	12967618	12995126	0.0	0.2901314173421763	gex=0	386239	13090162	12981372
CLEC4C	chr12	7729383	7751605	-	7737525	7737575	0.0	0.2901314173421763	gex=0	22223	7740494	7737550
CENPC	chr4	67468762	67545503	-	67495158	67495201	0.0	0.2901314173421763	gex=0	76742	67507132	67495179
LFNG	chr7	2512529	2529177	+	2518553	2523642	0.0	0.2901314173421763	gex=0	16649	2520853	2521097
INS	chr11	2159779	2161221	-	2161154	2161204	0.0	0.2901314173421763	gex=0	1443	2160500	2161179
SHISA2	chr13	26044597	26052016	-	26050981	26051031	0.0	0.2901314173421763	gex=0	7420	26048306	26051006
SLC38A6	chr14	60981114	61083733	+	61019535	61019580	0.0	0.2901314173421763	gex=0	102620	61032423	61019557
SPATA25	chr20	45886491	45887622	-	45887585	45887635	0.0	0.2901314173421763	gex=0	1132	45887056	45887610
DYNC1I1	chr7	95772506	96110322	+	95837617	95837649	0.0	0.2901314173421763	gex=0	337817	95941414	95837633
VIP	chr6	152750797	152759765	+	152750797	152750847	0.0	0.2901314173421763	gex=0	8969	152755281	152750822
KLK15	chr19	50825289	50837213	-	50837163	50837213	0.0	0.2901314173421763	gex=0	11925	50831251	50837188
RXRB	chr6	33115214	33122477	-	33195310	33195360	0.0	0.2901314173421763	gex=0	7264	33118845	33195335
CORO1C	chr12	108645109	108731526	-	108730501	108730551	0.0	0.2901314173421763	gex=0	86418	108688317	108730526
KRTAP20-2	chr21	30635206	30635619	+	30635235	30635285	0.0	0.2901314173421763	gex=0	414	30635412	30635260
XPNPEP3	chr22	40857077	40932815	+	40862265	40862315	0.0	0.2901314173421763	gex=0	75739	40894946	40862290
TIMP2	chr17	78852977	78925387	-	78874100	78874150	0.0	0.2901314173421763	gex=0	72411	78889182	78874125
CPA3	chr3	148865296	148897203	+	148865255	148865305	0.0	0.2901314173421763	gex=0	31908	148881249	148865280
SLC15A5	chr12	16188485	16277685	-	16277635	16277685	0.0	0.2901314173421763	gex=0	89201	16233085	16277660
GNAL	chr18	11689264	11885685	+	11751507	11751557	0.0	0.2901314173421763	gex=0	196422	11787474	11751532
ANTXRL	chr10	46286345	46330207	+	46286344	46286394	0.0	0.2901314173421763	gex=0	43863	46308276	46286369
NME9	chr3	138261437	138329886	-	138329816	138329844	0.0	0.2901314173421763	gex=0	68450	138295661	138329830
CDYL	chr6	4706159	4955551	+	4889991	4890041	0.0	0.2901314173421763	gex=0	249393	4830855	4890016
ANKRD13D	chr11	67289300	67302485	+	67289933	67289983	0.0	0.2901314173421763	gex=0	13186	67295892	67289958
YPEL3	chr16	30092314	30096915	-	30095962	30096012	0.0	0.2901314173421763	gex=0	4602	30094614	30095987
UBOX5	chr20	3107573	3160196	-	3160146	3160196	0.0	0.2901314173421763	gex=0	52624	3133884	3160171
RANBP2	chr2	108719482	108785809	+	108719606	108719656	0.0	0.2901314173421763	gex=0	66328	108752645	108719631
HEY2	chr6	125747664	125761269	+	125749579	125749629	0.0	0.2901314173421763	gex=0	13606	125754466	125749604
ETV1	chr7	13891229	13991425	-	13906448	13906498	0.0	0.2901314173421763	gex=0	100197	13941327	13906473
CEL	chr9	133061981	133071861	+	133061977	133062027	0.0	0.2901314173421763	gex=0	9881	133066921	133062002
SMIM5	chr17	75633434	75641404	+	75636594	75636644	0.0	0.2901314173421763	gex=0	7971	75637419	75636619
PSMD8	chr19	38374550	38383824	+	38380898	38380948	0.0	0.2901314173421763	gex=0	9275	38379187	38380923
OR6J1	chr14	22630929	22644352	-	22634761	22634811	0.0	0.2901314173421763	gex=0	13424	22637640	22634786
PIK3CB	chr3	138652698	138834928	-	138742731	138742781	0.0	0.2901314173421763	gex=0	182231	138743813	138742756
VRK3	chr19	49976468	50025946	-	49981134	49981184	0.0	0.2901314173421763	gex=0	49479	50001207	49981159
CACNG3	chr16	24256335	24362412	+	24255552	24255602	0.0	0.2901314173421763	gex=0	106078	24309373	24255577
ADRB2	chr5	148826611	148828623	+	148825244	148825294	0.0	0.2901314173421763	gex=0	2013	148827617	148825269
GNAT1	chr3	50191610	50197696	+	50193571	50193621	0.0	0.2901314173421763	gex=0	6087	50194653	50193596
SLC4A10	chr2	161424332	161985282	+	161424331	161424381	0.0	0.2901314173421763	gex=0	560951	161704807	161424356
LDB2	chr4	16501541	16898678	-	16507177	16507227	0.0	0.2901314173421763	gex=0	397138	16700109	16507202
SMN2	chr5	69673667	69702549	+	70049656	70049706	0.0	0.2901314173421763	gex=0	28883	69688108	70049681
KRTAP5-4	chr11	1620958	1622138	-	1622088	1622138	0.0	0.2901314173421763	gex=0	1181	1621548	1622113
BPIFB3	chr20	33055424	33073628	+	33055423	33055473	0.0	0.2901314173421763	gex=0	18205	33064526	33055448
KCNQ2	chr20	63414903	63466150	-	63472627	63472677	0.0	0.2901314173421763	gex=0	51248	63440526	63472652
MRM1	chr17	36602534	36609940	+	36601961	36602011	0.0	0.2901314173421763	gex=0	7407	36606237	36601986
ZNF99	chr19	22752183	22784151	-	22769932	22769982	0.0	0.2901314173421763	gex=0	31969	22768167	22769957
ITGA8	chr10	15513954	15719922	-	15644095	15644145	0.0	0.2901314173421763	gex=0	205969	15616938	15644120
FUT5	chr19	5865826	5870540	-	5870490	5870540	0.0	0.2901314173421763	gex=0	4715	5868183	5870515
PDX1	chr13	27920000	27926313	+	27920019	27920069	0.0	0.2901314173421763	gex=0	6314	27923156	27920044
OR2A5	chr7	144048948	144058845	+	144050367	144050417	0.0	0.2901314173421763	gex=0	9898	144053896	144050392
RNF17	chr13	24764169	24879921	+	24843878	24843928	0.0	0.2901314173421763	gex=0	115753	24822045	24843903
LST1	chr6	31653110	31655895	+	31587085	31587106	0.0	0.2901314173421763	gex=0	2786	31654502	31587095
ACSM6	chr10	95194200	95228928	+	95194476	95194526	0.0	0.2901314173421763	gex=0	34729	95211564	95194501
PABPC3	chr13	25096136	25099254	+	25095867	25095917	0.0	0.2901314173421763	gex=0	3119	25097695	25095892
ZNF236	chr18	76822557	76972901	+	76898091	76898141	0.0	0.2901314173421763	gex=0	150345	76897729	76898116
OR6V1	chr7	143113507	143114534	+	143052319	143052369	0.0	0.2901314173421763	gex=0	1028	143114020	143052344
RSPH4A	chr6	116616479	116632985	+	116616623	116616673	0.0	0.2901314173421763	gex=0	16507	116624732	116616648
ACSF3	chr16	89088375	89164121	+	89145949	89145999	0.0	0.2901314173421763	gex=0	75747	89126248	89145974
ALG12	chr22	49900229	49918438	-	49907868	49907918	0.0	0.2901314173421763	gex=0	18210	49909333	49907893
DPRX	chr19	53632056	53637009	+	53632055	53632105	0.0	0.2901314173421763	gex=0	4954	53634532	53632080
TAX1BP1	chr7	27739331	27844564	+	27739330	27739380	0.0	0.2901314173421763	gex=0	105234	27791947	27739355
ATF1	chr12	50763710	50821162	+	50763709	50763741	0.0	0.2901314173421763	gex=0	57453	50792436	50763725
NECTIN1	chr11	119623408	119729200	-	119728503	119728553	0.0	0.2901314173421763	gex=0	105793	119676304	119728528
PTPRT	chr20	42072752	43189970	-	43189683	43189733	0.0	0.2901314173421763	gex=0	1117219	42631361	43189708
FAM181A	chr14	93918894	93929608	+	93927384	93927434	0.0	0.2901314173421763	gex=0	10715	93924251	93927409
TRPC3	chr4	121874481	121952060	-	121950824	121950874	0.0	0.2901314173421763	gex=0	77580	121913270	121950849
CCDC180	chr9	97307304	97378751	+	97362294	97362344	0.0	0.2901314173421763	gex=0	71448	97343027	97362319
ITGAD	chr16	31393335	31426505	+	31423941	31423991	0.0	0.2901314173421763	gex=0	33171	31409920	31423966
ZNF80	chr3	114234631	114237578	-	114237528	114237578	0.0	0.2901314173421763	gex=0	2948	114236104	114237553
HOXB5	chr17	48591257	48593779	-	48593911	48593961	0.0	0.2901314173421763	gex=0	2523	48592518	48593936
ALPP	chr2	232378724	232382889	+	232378723	232378773	0.0	0.2901314173421763	gex=0	4166	232380806	232378748
TSC22D4	chr7	100463359	100479232	-	100477452	100477502	0.0	0.2901314173421763	gex=0	15874	100471295	100477477
PDE6B	chr4	625573	670782	+	653176	653226	0.0	0.2901314173421763	gex=0	45210	648177	653201
TFF1	chr21	42362282	42366535	-	42366544	42366594	0.0	0.2901314173421763	gex=0	4254	42364408	42366569
WFDC12	chr20	45123425	45124465	-	45124415	45124465	0.0	0.2901314173421763	gex=0	1041	45123945	45124440
PPP1R3G	chr6	5085341	5089487	+	5084580	5084630	0.0	0.2901314173421763	gex=0	4147	5087414	5084605
NKPD1	chr19	45149744	45160982	-	45160100	45160150	0.0	0.2901314173421763	gex=0	11239	45155363	45160125
APLF	chr2	68467572	68655862	+	68586853	68586903	0.0	0.2901314173421763	gex=0	188291	68561717	68586878
CNTF	chr11	58622665	58625733	+	58622672	58622722	0.0	0.2901314173421763	gex=0	3069	58624199	58622697
CACNB4	chr2	151832771	152099167	-	151973890	152098721	0.0	0.2901314173421763	gex=0	266397	151965969	152036305
B3GNT7	chr2	231395710	231401164	+	231397175	231397225	0.0	0.2901314173421763	gex=0	5455	231398437	231397200
AADACL2	chr3	151744454	151770036	+	151733926	151733976	0.0	0.2901314173421763	gex=0	25583	151757245	151733951
ACSBG2	chr19	6135247	6193094	+	6135673	6135723	0.0	0.2901314173421763	gex=0	57848	6164170	6135698
RSPO2	chr8	107899316	108083642	-	107997204	107997254	0.0	0.2901314173421763	gex=0	184327	107991479	107997229
VEGFC	chr4	176683538	176792922	-	176729542	176729592	0.0	0.2901314173421763	gex=0	109385	176738230	176729567
GNMT	chr6	42960754	42963880	+	42960757	42960807	0.0	0.2901314173421763	gex=0	3127	42962317	42960782
OR10H5	chr19	15787661	15800357	+	15793950	15794000	0.0	0.2901314173421763	gex=0	12697	15794009	15793975
P2RY6	chr11	73264498	73305103	+	73264504	73264554	0.0	0.2901314173421763	gex=0	40606	73284800	73264529
MMP16	chr8	88032011	88328025	-	88327438	88327488	0.0	0.2901314173421763	gex=0	296015	88180018	88327463
ABCC12	chr16	48080882	48156018	-	48091188	48091238	0.0	0.2901314173421763	gex=0	75137	48118450	48091213
PCDHAC2	chr5	140966470	141012347	+	140966469	140966519	0.0	0.2901314173421763	gex=0	45878	140989408	140966494
CIITA	chr16	10866222	10943021	+	10922924	10922974	0.0	0.2901314173421763	gex=0	76800	10904621	10922949
TMOD2	chr15	51751597	51816363	+	51781048	51781098	0.0	0.2901314173421763	gex=0	64767	51783980	51781073
TAF10	chr11	6606294	6612539	-	6611898	6611948	0.0	0.2901314173421763	gex=0	6246	6609416	6611923
PYGM	chr11	64746389	64759974	-	64748838	64748888	0.0	0.2901314173421763	gex=0	13586	64753181	64748863
MAP3K5	chr6	136557046	136792477	-	136584457	136584507	0.0	0.2901314173421763	gex=0	235432	136674761	136584482
CENPP	chr9	92325953	92620529	+	92600256	92600306	0.0	0.2901314173421763	gex=0	294577	92473241	92600281
ARID2	chr12	45729706	45908040	+	45852294	45852344	0.0	0.2901314173421763	gex=0	178335	45818873	45852319
DCUN1D4	chr4	51843000	51916837	+	51884910	51884959	0.0	0.2901314173421763	gex=0	73838	51879918	51884934
HTR1E	chr6	86937528	87016679	+	86937305	86937355	0.0	0.2901314173421763	gex=0	79152	86977103	86937330
MYCBPAP	chr17	50508384	50531501	+	50530153	50530203	0.0	0.2901314173421763	gex=0	23118	50519942	50530178
IL18	chr11	112143253	112164096	-	112164024	112164096	0.0	0.2901314173421763	gex=0	20844	112153674	112164060
HSD11B2	chr16	67430652	67437553	+	67431365	67431415	0.0	0.2901314173421763	gex=0	6902	67434102	67431390
DLGAP4	chr20	36306336	36528637	+	36461337	36461387	0.0	0.2901314173421763	gex=0	222302	36417486	36461362
SP1	chr12	53380176	53416446	+	53381301	53381351	0.0	0.2901314173421763	gex=0	36271	53398311	53381326
HMG20B	chr19	3572777	3579088	+	3575875	3575925	0.0	0.2901314173421763	gex=0	6312	3575932	3575900
OR13C3	chr9	104535749	104536856	-	104536806	104536856	0.0	0.2901314173421763	gex=0	1108	104536302	104536831
TNFSF14	chr19	6661253	6670588	-	6670538	6670588	0.0	0.2901314173421763	gex=0	9336	6665920	6670563
VGLL2	chr6	117265558	117273565	+	117265573	117265623	0.0	0.2901314173421763	gex=0	8008	117269561	117265598
SNCAIP	chr5	122311354	122464219	+	122312206	122312256	0.0	0.2901314173421763	gex=0	152866	122387786	122312231
PRKCH	chr14	61187559	61550976	+	61525651	61525701	0.0	0.2901314173421763	gex=0	363418	61369267	61525676
PRNP	chr20	4686350	4701590	+	4686349	4686399	0.0	0.2901314173421763	gex=0	15241	4693970	4686374
IFNA7	chr9	21201469	21202205	-	21202155	21202205	0.0	0.2901314173421763	gex=0	737	21201837	21202180
ETS2	chr21	38805183	38824955	+	38805950	38806000	0.0	0.2901314173421763	gex=0	19773	38815069	38805975
DNMT3L	chr21	44246339	44262216	-	44261840	44261890	0.0	0.2901314173421763	gex=0	15878	44254277	44261865
TMEM143	chr19	48332356	48364059	-	48363624	48363674	0.0	0.2901314173421763	gex=0	31704	48348207	48363649
H2AC1	chr6	25726063	25726562	-	25726477	25726527	0.0	0.2901314173421763	gex=0	500	25726312	25726502
CLCN2	chr3	184346185	184361650	-	184361436	184361486	0.0	0.2901314173421763	gex=0	15466	184353917	184361461
SPATA19	chr11	133840631	133845538	-	133845488	133845538	0.0	0.2901314173421763	gex=0	4908	133843084	133845513
NCKAP1	chr2	182909115	183038858	-	183038422	183038472	0.0	0.2901314173421763	gex=0	129744	182973986	183038447
MAP3K7CL	chr21	29077471	29175889	+	29145558	29145608	0.0	0.2901314173421763	gex=0	98419	29126680	29145583
TMEM272	chr13	51813347	51845177	-	51845125	51845175	0.0	0.2901314173421763	gex=0	31831	51829262	51845150
RBM46	chr4	154781213	154828813	+	154781816	154781866	0.0	0.2901314173421763	gex=0	47601	154805013	154781841
ASCL4	chr12	107774704	107776644	+	107774384	107774434	0.0	0.2901314173421763	gex=0	1941	107775674	107774409
OR6C76	chr12	55426254	55427192	+	55426253	55426303	0.0	0.2901314173421763	gex=0	939	55426723	55426278
TMEM132C	chr12	128267170	128707911	+	128267402	128267452	0.0	0.2901314173421763	gex=0	440742	128487540	128267427
REC8	chr14	24171853	24180257	+	24175317	24175367	0.0	0.2901314173421763	gex=0	8405	24176055	24175342
KCNH2	chr7	150944961	150978321	-	150978086	150978136	0.0	0.2901314173421763	gex=0	33361	150961641	150978111
CACNA1H	chr16	1153106	1221771	+	1195028	1195078	0.0	0.2901314173421763	gex=0	68666	1187438	1195053
PEX11G	chr19	7476875	7497449	-	7497402	7497449	0.0	0.2901314173421763	gex=0	20575	7487162	7497425
LRRC8A	chr9	128882133	128918039	+	128912743	128912793	0.0	0.2901314173421763	gex=0	35907	128900086	128912768
OR10G3	chr14	21568520	21580076	-	21570694	21570744	0.0	0.2901314173421763	gex=0	11557	21574298	21570719
PLEKHA4	chr19	48837097	48868617	-	48865507	48865557	0.0	0.2901314173421763	gex=0	31521	48852857	48865532
PDE3B	chr11	14643804	14872044	+	14644259	14644309	0.0	0.2901314173421763	gex=0	228241	14757924	14644284
AKAP7	chr6	131135467	131283535	+	131160174	131160198	0.0	0.2901314173421763	gex=0	148069	131209501	131160186
LINGO3	chr19	2289784	2292024	-	2291974	2292024	0.0	0.2901314173421763	gex=0	2241	2290904	2291999
PLA2G1B	chr12	120322115	120327779	-	120327729	120327779	0.0	0.2901314173421763	gex=0	5665	120324947	120327754
SGK2	chr20	43558968	43588237	+	43566315	43566365	0.0	0.2901314173421763	gex=0	29270	43573602	43566340
DPPA3	chr12	7711433	7717559	+	7711453	7711503	0.0	0.2901314173421763	gex=0	6127	7714496	7711478
PTGER1	chr19	14472466	14475354	-	14475312	14475362	0.0	0.2901314173421763	gex=0	2889	14473910	14475337
NPIPB15	chr16	74376306	74392115	+	74381308	74381358	0.0	0.2901314173421763	gex=0	15810	74384210	74381333
ASTL	chr2	96122818	96138502	-	96137727	96137777	0.0	0.2901314173421763	gex=0	15685	96130660	96137752
FZD9	chr7	73433778	73436120	+	73433782	73433832	0.0	0.2901314173421763	gex=0	2343	73434949	73433807
MLC1	chr22	50059391	50085426	-	50085354	50085384	0.0	0.2901314173421763	gex=0	26036	50072408	50085369
ASB3	chr2	53532672	53860160	-	53606028	53606078	0.0	0.2901314173421763	gex=0	327489	53696416	53606053
CSRNP1	chr3	39141855	39154562	-	39154512	39154562	0.0	0.2901314173421763	gex=0	12708	39148208	39154537
IL1R1	chr2	102064544	102179874	+	102141770	102141820	0.0	0.2901314173421763	gex=0	115331	102122209	102141795
TMEM132E	chr17	34579487	34639318	+	34635792	34635842	0.0	0.2901314173421763	gex=0	59832	34609402	34635817
KRTAP7-1	chr21	30829039	30829759	-	30829709	30829759	0.0	0.2901314173421763	gex=0	721	30829399	30829734
OR10S1	chr11	123976661	123977781	-	123977731	123977781	0.0	0.2901314173421763	gex=0	1121	123977221	123977756
GPR139	chr16	20028239	20073890	-	20073717	20073767	0.0	0.2901314173421763	gex=0	45652	20051064	20073742
CNTN5	chr11	99020949	100358885	+	99021140	99021190	0.0	0.2901314173421763	gex=0	1337937	99689917	99021165
KCNJ4	chr22	38426327	38455199	-	38455149	38455199	0.0	0.2901314173421763	gex=0	28873	38440763	38455174
SPPL2A	chr15	50702266	50765709	-	50725469	50725519	0.0	0.2901314173421763	gex=0	63444	50733987	50725494
MBD6	chr12	57520710	57530148	+	57524318	57524368	0.0	0.2901314173421763	gex=0	9439	57525429	57524343
OR1G1	chr17	3126610	3127551	-	3127531	3127581	0.0	0.2901314173421763	gex=0	942	3127080	3127556
GLG1	chr16	74447427	74607144	-	74463389	74463439	0.0	0.2901314173421763	gex=0	159718	74527285	74463414
HTR3C	chr3	184053047	184060673	+	184053046	184053096	0.0	0.2901314173421763	gex=0	7627	184056860	184053071
FOSB	chr19	45467995	45475179	+	45469875	45469962	0.0	0.2901314173421763	gex=0	7185	45471587	45469918
SLC26A7	chr8	91209494	91398155	+	91357247	91357297	0.0	0.2901314173421763	gex=0	188662	91303824	91357272
OR4A16	chr11	55343201	55344187	+	55343200	55343250	0.0	0.2901314173421763	gex=0	987	55343694	55343225
MYH15	chr3	108380368	108529322	-	108529272	108529322	0.0	0.2901314173421763	gex=0	148955	108454845	108529297
MAS1L	chr6	29486298	29487434	-	29487906	29487956	0.0	0.2901314173421763	gex=0	1137	29486866	29487931
SHISAL2B	chr5	64690442	64718190	+	64690441	64690491	0.0	0.2901314173421763	gex=0	27749	64704316	64690466
PCDHAC1	chr5	140926299	141012347	+	140926892	140926942	0.0	0.2901314173421763	gex=0	86049	140969323	140926917
MBD3L2B	chr19	7018969	7021432	-	7021382	7021432	0.0	0.2901314173421763	gex=0	2464	7020200	7021407
LGI4	chr19	35124513	35142451	-	35133962	35134012	0.0	0.2901314173421763	gex=0	17939	35133482	35133987
ITIH2	chr10	7703316	7749520	+	7703345	7703449	0.0	0.2901314173421763	gex=0	46205	7726418	7703397
TNNC1	chr3	52451100	52454041	-	52454020	52454070	0.0	0.2901314173421763	gex=0	2942	52452570	52454045
TSTD2	chr9	97600080	97633368	-	97617802	97617852	0.0	0.2901314173421763	gex=0	33289	97616724	97617827
SLC25A21	chr14	36677921	37172606	-	36759668	36759718	0.0	0.2901314173421763	gex=0	494686	36925263	36759693
GGTLC3	chr22	18516344	18518161	-	18518111	18518161	0.0	0.2901314173421763	gex=0	1818	18517252	18518136
TAS2R9	chr12	10809137	10810168	-	10810118	10810168	0.0	0.2901314173421763	gex=0	1032	10809652	10810143
CIB2	chr15	78104606	78131535	-	78111216	78111266	0.0	0.2901314173421763	gex=0	26930	78118070	78111241
KIAA1958	chr9	112486827	112669397	+	112486967	112487064	0.0	0.2901314173421763	gex=0	182571	112578112	112487015
GAB2	chr11	78215293	78418348	-	78417721	78417771	0.0	0.2901314173421763	gex=0	203056	78316820	78417746
ANKRD28	chr3	15667236	15859771	-	15756498	15756548	0.0	0.2901314173421763	gex=0	192536	15763503	15756523
PPP1R14A	chr19	38251237	38256532	-	38256322	38256372	0.0	0.2901314173421763	gex=0	5296	38253884	38256347
CDC14B	chr9	96490241	96619843	-	96619328	96619378	0.0	0.2901314173421763	gex=0	129603	96555042	96619353
MN1	chr22	27748277	27801756	-	27791833	27791883	0.0	0.2901314173421763	gex=0	53480	27775016	27791858
GPR108	chr19	6729914	6737580	-	6732723	6732773	0.0	0.2901314173421763	gex=0	7667	6733747	6732748
TSSK6	chr19	19512418	19515548	-	19514885	19514935	0.0	0.2901314173421763	gex=0	3131	19513983	19514910
HPS3	chr3	149129638	149173732	+	149160045	149160095	0.0	0.2901314173421763	gex=0	44095	149151685	149160070
IGSF22	chr11	18704312	18726230	-	18706079	18706129	0.0	0.2901314173421763	gex=0	21919	18715271	18706104
SLCO1B1	chr12	21131194	21239796	+	21131201	21131236	0.0	0.2901314173421763	gex=0	108603	21185495	21131218
HTR2A	chr13	46831546	46897076	-	46895763	46895813	0.0	0.2901314173421763	gex=0	65531	46864311	46895788
NLRP14	chr11	7020479	7071526	+	7020445	7020495	0.0	0.2901314173421763	gex=0	51048	7046002	7020470
TM2D3	chr15	101621444	101652391	-	101651948	101651998	0.0	0.2901314173421763	gex=0	30948	101636917	101651973
OR2F2	chr7	143860031	143861144	+	143935165	143935215	0.0	0.2901314173421763	gex=0	1114	143860587	143935190
LRRIQ4	chr3	169812870	169837773	+	169821921	169821971	0.0	0.2901314173421763	gex=0	24904	169825321	169821946
INSL4	chr9	5231419	5235304	+	5231418	5231468	0.0	0.2901314173421763	gex=0	3886	5233361	5231443
OR14J1	chr6	29301701	29313017	+	29306689	29306739	0.0	0.2901314173421763	gex=0	11317	29307359	29306714
MMP11	chr22	23768226	23784316	+	23772818	23772868	0.0	0.2901314173421763	gex=0	16091	23776271	23772843
TEKT5	chr16	10627501	10694930	-	10690069	10690119	0.0	0.2901314173421763	gex=0	67430	10661215	10690094
MAD1L1	chr7	1815793	2233243	-	2230611	2230661	0.0	0.2901314173421763	gex=0	417451	2024518	2230636
PRMT8	chr12	3381349	3593973	+	3538213	3538263	0.0	0.2901314173421763	gex=0	212625	3487661	3538238
ZNF705G	chr8	7355517	7385558	-	7385508	7385558	0.0	0.2901314173421763	gex=0	30042	7370537	7385533
TIMM50	chr19	39480412	39493785	+	39480483	39480533	0.0	0.2901314173421763	gex=0	13374	39487098	39480508
RET	chr10	43077064	43130351	+	43077026	43077123	0.0	0.2901314173421763	gex=0	53288	43103707	43077074
MS4A3	chr11	60056587	60071115	+	60061160	60061210	0.0	0.2901314173421763	gex=0	14529	60063851	60061185
THAP12	chr11	76349898	76381132	-	76368593	76368643	0.0	0.2901314173421763	gex=0	31235	76365515	76368618
POTEH	chr22	15690026	15721631	+	15690245	15690295	0.0	0.2901314173421763	gex=0	31606	15705828	15690270
IFNA13	chr9	21367424	21368962	-	21368912	21368962	0.0	0.2901314173421763	gex=0	1539	21368193	21368937
ZCCHC24	chr10	79382325	79445624	-	79445577	79445627	0.0	0.2901314173421763	gex=0	63300	79413974	79445602
BCLAF1	chr6	136256627	136289851	-	136269690	136269740	0.0	0.2901314173421763	gex=0	33225	136273239	136269715
KRTAP5-2	chr11	1597193	1598310	-	1598244	1598294	0.0	0.2901314173421763	gex=0	1118	1597751	1598269
TCEA2	chr20	64049836	64072347	+	64064325	64064352	0.0	0.2901314173421763	gex=0	22512	64061091	64064338
TAAR1	chr6	132643312	132659182	-	132645953	132646003	0.0	0.2901314173421763	gex=0	15871	132651247	132645978
KRTAP10-6	chr21	44591268	44592505	-	44592455	44592505	0.0	0.2901314173421763	gex=0	1238	44591886	44592480
ARSG	chr17	68259182	68422731	+	68347144	68347172	0.0	0.2901314173421763	gex=0	163550	68340956	68347158
KLK8	chr19	50996007	51002711	-	50997917	50997967	0.0	0.2901314173421763	gex=0	6705	50999359	50997942
PIK3C2G	chr12	18242961	18648416	+	18261539	18261577	0.0	0.2901314173421763	gex=0	405456	18445688	18261558
LYAR	chr4	4267701	4290154	-	4289988	4290038	0.0	0.2901314173421763	gex=0	22454	4278927	4290013
CASP5	chr11	104994235	105023168	-	105023129	105023143	0.0	0.2901314173421763	gex=0	28934	105008701	105023136
POC1B	chr12	89419718	89526047	-	89472645	89472695	0.0	0.2901314173421763	gex=0	106330	89472882	89472670
POLQ	chr3	121431431	121545988	-	121481571	121481596	0.0	0.2901314173421763	gex=0	114558	121488709	121481583
PITPNC1	chr17	67377281	67697256	+	67553185	67553235	0.0	0.2901314173421763	gex=0	319976	67537268	67553210
WFIKKN2	chr17	50834650	50842353	+	50835409	50835459	0.0	0.2901314173421763	gex=0	7704	50838501	50835434
EPB41L2	chr6	130839347	131063322	-	130881832	130881882	0.0	0.2901314173421763	gex=0	223976	130951334	130881857
RELN	chr7	103471381	103989658	-	103989466	103989516	0.0	0.2901314173421763	gex=0	518278	103730519	103989491
OR4X2	chr11	48245104	48246015	+	48245055	48245105	0.0	0.2901314173421763	gex=0	912	48245559	48245080
RRP1B	chr21	43659560	43696079	+	43686131	43686181	0.0	0.2901314173421763	gex=0	36520	43677819	43686156
NKAIN4	chr20	63240784	63272694	-	63253387	63253437	0.0	0.2901314173421763	gex=0	31911	63256739	63253412
CDH5	chr16	66366622	66404784	+	66366689	66366739	0.0	0.2901314173421763	gex=0	38163	66385703	66366714
CYP26B1	chr2	72129238	72147862	-	72147812	72147862	0.0	0.2901314173421763	gex=0	18625	72138550	72147837
PLGLB2	chr2	87748087	87759476	+	87748099	87748149	0.0	0.2901314173421763	gex=0	11390	87753781	87748124
TRIM43	chr2	95592001	95599778	+	95592017	95592067	0.0	0.2901314173421763	gex=0	7778	95595889	95592042
GDF7	chr2	20667144	20679243	+	20666663	20666713	0.0	0.2901314173421763	gex=0	12100	20673193	20666688
WNT8A	chr5	138083990	138092365	+	138084084	138084134	0.0	0.2901314173421763	gex=0	8376	138088177	138084109
ATP7B	chr13	51930436	52012125	-	52011444	52011494	0.0	0.2901314173421763	gex=0	81690	51971280	52011469
KRTAP12-2	chr21	44666189	44666927	-	44666877	44666927	0.0	0.2901314173421763	gex=0	739	44666558	44666902
TEX45	chr19	7492976	7508450	+	7498926	7498945	0.0	0.2901314173421763	gex=0	15475	7500713	7498935
BTNL2	chr6	32460601	32473766	-	32407073	32407123	0.0	0.2901314173421763	gex=0	13166	32467183	32407098
TAS2R40	chr7	143222037	143223079	+	143222036	143222086	0.0	0.2901314173421763	gex=0	1043	143222558	143222061
COX7A2L	chr2	42333546	42425088	-	42368960	42369010	0.0	0.2901314173421763	gex=0	91543	42379317	42368985
CLEC11A	chr19	50723364	50725708	+	50723328	50723378	0.0	0.2901314173421763	gex=0	2345	50724536	50723353
PCLO	chr7	82754012	83162930	-	82879412	82879462	0.0	0.2901314173421763	gex=0	408919	82958471	82879437
BTBD16	chr10	122271296	122338159	+	122331966	122332016	0.0	0.2901314173421763	gex=0	66864	122304727	122331991
CLIP1	chr12	122271432	122422669	-	122399964	122400014	0.0	0.2901314173421763	gex=0	151238	122347050	122399989
DMXL2	chr15	51447711	51622833	-	51459140	51459190	0.0	0.2901314173421763	gex=0	175123	51535272	51459165
C12orf50	chr12	87980035	88034037	-	88029362	88029412	0.0	0.2901314173421763	gex=0	54003	88007036	88029387
ZNF467	chr7	149764182	149773588	-	149773169	149773479	0.0	0.2901314173421763	gex=0	9407	149768885	149773324
ZNF335	chr20	45948660	45972203	-	45968808	45968858	0.0	0.2901314173421763	gex=0	23544	45960431	45968833
KRTAP13-4	chr21	30430230	30431026	+	30430229	30430279	0.0	0.2901314173421763	gex=0	797	30430628	30430254
RBBP6	chr16	24537693	24572863	+	24563279	24563329	0.0	0.2901314173421763	gex=0	35171	24555278	24563304
GOLGA8G	chr15	28531231	28544591	-	28532921	28532971	0.0	0.2901314173421763	gex=0	13361	28537911	28532946
URB1	chr21	32311018	32393012	-	32335580	32335630	0.0	0.2901314173421763	gex=0	81995	32352015	32335605
MBD3L4	chr19	7037749	7040179	-	7040129	7040179	0.0	0.2901314173421763	gex=0	2431	7038964	7040154
SLC25A17	chr22	40769630	40819399	-	40780205	40780255	0.0	0.2901314173421763	gex=0	49770	40794514	40780230
CORIN	chr4	47593999	47838106	-	47837899	47837949	0.0	0.2901314173421763	gex=0	244108	47716052	47837924
SPDYE18	chr7	77050391	77062558	-	77059390	77059440	0.0	0.2901314173421763	gex=0	12168	77056474	77059415
ODF1	chr8	102551589	102561018	+	102551571	102551621	0.0	0.2901314173421763	gex=0	9430	102556303	102551596
MEX3D	chr19	1554672	1568325	-	1567480	1567530	0.0	0.2901314173421763	gex=0	13654	1561498	1567505
DCAF4L2	chr8	87870747	87874015	-	87874018	87874068	0.0	0.2901314173421763	gex=0	3269	87872381	87874043
YJU2	chr19	4247080	4269088	+	4248014	4248064	0.0	0.2901314173421763	gex=0	22009	4258084	4248039
KY	chr3	134599923	134651636	-	134650972	134651022	0.0	0.2901314173421763	gex=0	51714	134625779	134650997
ZNF84	chr12	133037292	133063304	+	133037579	133037629	0.0	0.2901314173421763	gex=0	26013	133050298	133037604
GJD3	chr17	40360652	40364737	-	40363765	40363815	0.0	0.2901314173421763	gex=0	4086	40362694	40363790
ZNF260	chr19	36510687	36528271	-	36525249	36525299	0.0	0.2901314173421763	gex=0	17585	36519479	36525274
PYY	chr17	43952733	44004469	-	43953890	43953940	0.0	0.2901314173421763	gex=0	51737	43978601	43953915
OLFM1	chr9	135075422	135121180	+	135075665	135075715	0.0	0.2901314173421763	gex=0	45759	135098301	135075690
RARG	chr12	53210567	53232980	-	53232871	53232980	0.0	0.2901314173421763	gex=0	22414	53221773	53232925
SERPING1	chr11	57597387	57619171	+	57598232	57598282	0.0	0.2901314173421763	gex=0	21785	57608279	57598257
ANKRD62	chr18	12093843	12129764	+	12102705	12102755	0.0	0.2901314173421763	gex=0	35922	12111803	12102730
ASPHD1	chr16	29900375	29919864	+	29900374	29900907	0.0	0.2901314173421763	gex=0	19490	29910119	29900640
TRDMT1	chr10	17137336	17202054	-	17174610	17174660	0.0	0.2901314173421763	gex=0	64719	17169695	17174635
CXCR1	chr2	218162841	218166962	-	218166945	218166995	0.0	0.2901314173421763	gex=0	4122	218164901	218166970
M1AP	chr2	74557883	74648338	-	74648288	74648338	0.0	0.2901314173421763	gex=0	90456	74603110	74648313
CER1	chr9	14719724	14722733	-	14722667	14722717	0.0	0.2901314173421763	gex=0	3010	14721228	14722692
MBD2	chr18	54151606	54224669	-	54160069	54160113	0.0	0.2901314173421763	gex=0	73064	54188137	54160091
ZKSCAN8P1	chr6	28161769	28169594	+	28162417	28162467	0.0	0.2901314173421763	gex=0	7826	28165681	28162442
GCNT4	chr5	75025346	75052558	-	75030849	75030899	0.0	0.2901314173421763	gex=0	27213	75038952	75030874
SLC52A1	chr17	5032600	5052009	-	5035376	5035432	0.0	0.2901314173421763	gex=0	19410	5042304	5035404
ZIC1	chr3	147393422	147510293	+	147393894	147393942	0.0	0.2901314173421763	gex=0	116872	147451857	147393918
SPDYE17	chr7	77022306	77032361	-	77030522	77030572	0.0	0.2901314173421763	gex=0	10056	77027333	77030547
CNPY4	chr7	100119634	100125508	+	100119954	100120004	0.0	0.2901314173421763	gex=0	5875	100122571	100119979
CEP126	chr11	101915010	102001062	+	101915014	101915064	0.0	0.2901314173421763	gex=0	86053	101958036	101915039
LRP11	chr6	149818757	149864359	-	149836149	149864026	0.0	0.2901314173421763	gex=0	45603	149841558	149850087
ASIC1	chr12	50057548	50083611	+	50057547	50057597	0.0	0.2901314173421763	gex=0	26064	50070579	50057572
MAPK8IP2	chr22	50600793	50613981	+	50600684	50600734	0.0	0.2901314173421763	gex=0	13189	50607387	50600709
CYP27B1	chr12	57762334	57768986	-	57768936	57768986	0.0	0.2901314173421763	gex=0	6653	57765660	57768961
ABCC11	chr16	48165773	48247568	-	48247518	48247568	0.0	0.2901314173421763	gex=0	81796	48206670	48247543
SIGLEC11	chr19	49948985	49961172	-	49961122	49961172	0.0	0.2901314173421763	gex=0	12188	49955078	49961147
WDR90	chr16	649311	667833	+	666495	666545	0.0	0.2901314173421763	gex=0	18523	658572	666520
AGR3	chr7	16859412	16881987	-	16881943	16881981	0.0	0.2901314173421763	gex=0	22576	16870699	16881962
IL17F	chr6	52236681	52244500	-	52244487	52244537	0.0	0.2901314173421763	gex=0	7820	52240590	52244512
AGAP1	chr2	235494043	236131800	+	236040750	236040800	0.0	0.2901314173421763	gex=0	637758	235812921	236040775
HRG	chr3	186660216	186678234	+	186660215	186660265	0.0	0.2901314173421763	gex=0	18019	186669225	186660240
C10orf62	chr10	97589721	97590934	+	97589726	97589776	0.0	0.2901314173421763	gex=0	1214	97590327	97589751
DOCK1	chr10	126905409	127452517	+	126905408	126905505	0.0	0.2901314173421763	gex=0	547109	127178963	126905456
MRGPRF	chr11	69004395	69013382	-	69013196	69013246	0.0	0.2901314173421763	gex=0	8988	69008888	69013221
ADGRF3	chr2	26308173	26346817	-	26318999	26319102	0.0	0.2901314173421763	gex=0	38645	26327495	26319050
ARHGEF3	chr3	56727418	57079329	-	56977325	56977375	0.0	0.2901314173421763	gex=0	351912	56903373	56977350
AQP2	chr12	49950737	49958878	+	49950740	49950790	0.0	0.2901314173421763	gex=0	8142	49954807	49950765
CPNE8	chr12	38646822	38907430	-	38906219	38906269	0.0	0.2901314173421763	gex=0	260609	38777126	38906244
CCDC74B	chr2	130139287	130145134	-	130145033	130145083	0.0	0.2901314173421763	gex=0	5848	130142210	130145058
SNTG1	chr8	49909789	50796692	+	49910948	49910998	0.0	0.2901314173421763	gex=0	886904	50353240	49910973
PCIF1	chr20	45934683	45948023	+	45945006	45945030	0.0	0.2901314173421763	gex=0	13341	45941353	45945018
APBB1IP	chr10	26438341	26567803	+	26438424	26438455	0.0	0.2901314173421763	gex=0	129463	26503072	26438439
THEMIS	chr6	127708072	127918631	-	127918547	127918597	0.0	0.2901314173421763	gex=0	210560	127813351	127918572
CCDC183	chr9	136796338	136807741	+	136799886	136799936	0.0	0.2901314173421763	gex=0	11404	136802039	136799911
OR5H14	chr3	98147479	98156614	+	98149325	98149375	0.0	0.2901314173421763	gex=0	9136	98152046	98149350
OR5K2	chr3	98497681	98498631	+	98497603	98497653	0.0	0.2901314173421763	gex=0	951	98498156	98497628
VSTM4	chr10	49014236	49115522	-	49115459	49115509	0.0	0.2901314173421763	gex=0	101287	49064879	49115484
SCARA5	chr8	27869883	27992673	-	27992677	27992727	0.0	0.2901314173421763	gex=0	122791	27931278	27992702
SEC14L3	chr22	30447959	30472017	-	30471967	30472017	0.0	0.2901314173421763	gex=0	24059	30459988	30471992
OR9Q2	chr11	58189070	58194053	+	58190433	58190483	0.0	0.2901314173421763	gex=0	4984	58191561	58190458
TMEM158	chr3	45224466	45226287	-	45226228	45226278	0.0	0.2901314173421763	gex=0	1822	45225376	45226253
OMG	chr17	31272013	31297539	-	31297489	31297539	0.0	0.2901314173421763	gex=0	25527	31284776	31297514
NAP1L5	chr4	88695913	88697829	-	88698185	88698235	0.0	0.2901314173421763	gex=0	1917	88696871	88698210
EBF1	chr5	158695916	159099916	-	159073744	159073794	0.0	0.2901314173421763	gex=0	404001	158897916	159073769
C11orf53	chr11	111245725	111286401	+	111255981	111256031	0.0	0.2901314173421763	gex=0	40677	111266063	111256006
ABHD12	chr20	25294742	25390835	-	25309448	25390753	0.0	0.2901314173421763	gex=0	96094	25342788	25350100
C2CD4B	chr15	62163535	62165285	-	62165233	62165283	0.0	0.2901314173421763	gex=0	1751	62164410	62165258
TSPAN15	chr10	69451465	69507666	+	69505967	69506017	0.0	0.2901314173421763	gex=0	56202	69479565	69505992
SLC16A7	chr12	59596029	59789855	+	59689352	59689402	0.0	0.2901314173421763	gex=0	193827	59692942	59689377
THSD4	chr15	71096952	71783383	+	71547281	71547331	0.0	0.2901314173421763	gex=0	686432	71440167	71547306
NRCAM	chr7	108147623	108456717	-	108313245	108313295	0.0	0.2901314173421763	gex=0	309095	108302170	108313270
PLA2G7	chr6	46704201	46735693	-	46735292	46735342	0.0	0.2901314173421763	gex=0	31493	46719947	46735317
KRCC1	chr2	88027205	88064252	-	88055679	88055729	0.0	0.2901314173421763	gex=0	37048	88045728	88055704
RASGRP3	chr2	33436324	33564750	+	33436323	33436373	0.0	0.2901314173421763	gex=0	128427	33500537	33436348
CRACR2B	chr11	826144	831991	+	826143	826193	0.0	0.2901314173421763	gex=0	5848	829067	826168
OR2A25	chr7	144069811	144075870	+	144074181	144074231	0.0	0.2901314173421763	gex=0	6060	144072840	144074206
TRADD	chr16	67154185	67159909	-	67156199	67156249	0.0	0.2901314173421763	gex=0	5725	67157047	67156224
DPYS	chr8	104330324	104467055	-	104381361	104381411	0.0	0.2901314173421763	gex=0	136732	104398689	104381386
CCL18	chr17	36064636	36072388	+	36070373	36070423	0.0	0.2901314173421763	gex=0	7753	36068512	36070398
CDKN2B	chr9	22002903	22009305	-	22009313	22009363	0.0	0.2901314173421763	gex=0	6403	22006104	22009338
MYL3	chr3	46835111	46882172	-	46863433	46863483	0.0	0.2901314173421763	gex=0	47062	46858641	46863458
ADIPOR2	chr12	1688574	1788674	+	1688573	1688623	0.0	0.2901314173421763	gex=0	100101	1738624	1688598
C8orf58	chr8	22599599	22604150	+	22599824	22599874	0.0	0.2901314173421763	gex=0	4552	22601874	22599849
FRS2	chr12	69470349	69579793	+	69557788	69557838	0.0	0.2901314173421763	gex=0	109445	69525071	69557813
TEP1	chr14	20365667	20413501	-	20373050	20373100	0.0	0.2901314173421763	gex=0	47835	20389584	20373075
FOXP4	chr6	41546381	41602384	+	41546425	41546475	0.0	0.2901314173421763	gex=0	56004	41574382	41546450
JAKMIP2	chr5	147585438	147782775	-	147661396	147661446	0.0	0.2901314173421763	gex=0	197338	147684106	147661421
PPP3R2	chr9	101591604	101595021	-	101594951	101595001	0.0	0.2901314173421763	gex=0	3418	101593312	101594976
SLC37A4	chr11	119024114	119030906	-	119029614	119029664	0.0	0.2901314173421763	gex=0	6793	119027510	119029639
MYOM1	chr18	3066807	3219968	-	3075601	3075651	0.0	0.2901314173421763	gex=0	153162	3143387	3075626
CRABP1	chr15	78340353	78348225	+	78340323	78340373	0.0	0.2901314173421763	gex=0	7873	78344289	78340348
WDHD1	chr14	54938949	55027105	-	54944557	54944607	0.0	0.2901314173421763	gex=0	88157	54983027	54944582
HERC2	chr15	28320122	28322152	-	28229466	28229516	0.0	0.2901314173421763	gex=0	2031	28321137	28229491
ATXN7L3	chr17	44191805	44200113	-	44195243	44195293	0.0	0.2901314173421763	gex=0	8309	44195959	44195268
HOXA7	chr7	27153716	27157936	-	27157886	27157936	0.0	0.2901314173421763	gex=0	4221	27155826	27157911
RAD51AP2	chr2	17510579	17518440	-	17518389	17518439	0.0	0.2901314173421763	gex=0	7862	17514509	17518414
SHROOM1	chr5	132822141	132830659	-	132826628	132826678	0.0	0.2901314173421763	gex=0	8519	132826400	132826653
CES4A	chr16	66988589	67009758	+	66988588	66988638	0.0	0.2901314173421763	gex=0	21170	66999173	66988613
DPYSL2	chr8	26514031	26658178	+	26619507	26619557	0.0	0.2901314173421763	gex=0	144148	26586104	26619532
ADRA2A	chr10	111077029	111080907	+	111077162	111077212	0.0	0.2901314173421763	gex=0	3879	111078968	111077187
RAPGEF1	chr9	131576770	131740076	-	131737488	131737538	0.0	0.2901314173421763	gex=0	163307	131658423	131737513
DEFB131A	chr4	9444414	9450666	+	9444533	9444583	0.0	0.2901314173421763	gex=0	6253	9447540	9444558
PFDN5	chr12	53295291	53299452	+	53297787	53297837	0.0	0.2901314173421763	gex=0	4162	53297371	53297812
NOS2	chr17	27756766	27800529	-	27800449	27800499	0.0	0.2901314173421763	gex=0	43764	27778647	27800474
JAZF1	chr7	27830573	28180795	-	28071634	28071684	0.0	0.2901314173421763	gex=0	350223	28005684	28071659
RARRES1	chr3	158696892	158732489	-	158732439	158732489	0.0	0.2901314173421763	gex=0	35598	158714690	158732464
NPAP1	chr15	24675775	24683393	+	24675867	24675917	0.0	0.2901314173421763	gex=0	7619	24679584	24675892
FBLN2	chr3	13549125	13638422	+	13549130	13549180	0.0	0.2901314173421763	gex=0	89298	13593773	13549155
SLC6A12	chr12	190077	214570	-	213667	213717	0.0	0.2901314173421763	gex=0	24494	202323	213692
ADH1B	chr4	99304971	99352760	-	99321351	99321401	0.0	0.2901314173421763	gex=0	47790	99328865	99321376
KCNK10	chr14	88180103	88326907	-	88323675	88323725	0.0	0.2901314173421763	gex=0	146805	88253505	88323700
DEFB135	chr8	11982256	11984590	+	11982320	11982370	0.0	0.2901314173421763	gex=0	2335	11983423	11982345
FIGLA	chr2	70777310	70790643	-	70790593	70790643	0.0	0.2901314173421763	gex=0	13334	70783976	70790618
UCP2	chr11	73974672	73982843	-	73977014	73977064	0.0	0.2901314173421763	gex=0	8172	73978757	73977039
SFTPA2	chr10	79555852	79560407	-	79560363	79560395	0.0	0.2901314173421763	gex=0	4556	79558129	79560379
SNAP25	chr20	10172395	10308258	+	10218829	10219115	0.0	0.2901314173421763	gex=0	135864	10240326	10218972
DIP2A	chr21	46458891	46570015	+	46561284	46561334	0.0	0.2901314173421763	gex=0	111125	46514453	46561309
KRTAP15-1	chr21	30440275	30440869	+	30440274	30440324	0.0	0.2901314173421763	gex=0	595	30440572	30440299
TRPM4	chr19	49157741	49211836	+	49157765	49157815	0.0	0.2901314173421763	gex=0	54096	49184788	49157790
MEOX2	chr7	15611212	15686683	-	15686762	15686812	0.0	0.2901314173421763	gex=0	75472	15648947	15686787
CD3G	chr11	118344344	118355161	+	118344385	118344435	0.0	0.2901314173421763	gex=0	10818	118349752	118344410
FCGBP	chr19	39863323	39934626	-	39887242	39887292	0.0	0.2901314173421763	gex=0	71304	39898974	39887267
PNP	chr14	20468954	20477089	+	20468953	20469003	0.0	0.2901314173421763	gex=0	8136	20473021	20468978
FAM237A	chr2	206642487	206649365	+	206642417	206642467	0.0	0.2901314173421763	gex=0	6879	206645926	206642442
ALX4	chr11	44260440	44310139	-	44310116	44310166	0.0	0.2901314173421763	gex=0	49700	44285289	44310141
USP34	chr2	61187463	61471087	-	61191299	61191349	0.0	0.2901314173421763	gex=0	283625	61329275	61191324
WFDC11	chr20	45648563	45670270	-	45670220	45670270	0.0	0.2901314173421763	gex=0	21708	45659416	45670245
PRSS21	chr16	2817180	2826304	+	2817278	2817328	0.0	0.2901314173421763	gex=0	9125	2821742	2817303
JMJD1C	chr10	63167221	63521850	-	63193287	63193337	0.0	0.2901314173421763	gex=0	354630	63344535	63193312
ESYT3	chr3	138434586	138481686	+	138473535	138473585	0.0	0.2901314173421763	gex=0	47101	138458136	138473560
PPIL6	chr6	109390215	109441171	-	109440478	109440623	0.0	0.2901314173421763	gex=0	50957	109415693	109440550
MSMP	chr9	35752990	35756613	-	35756563	35756613	0.0	0.2901314173421763	gex=0	3624	35754801	35756588
PGGHG	chr11	289126	296107	+	289558	289608	0.0	0.2901314173421763	gex=0	6982	292616	289583
SLC17A7	chr19	49429401	49442360	-	49442310	49442360	0.0	0.2901314173421763	gex=0	12960	49435880	49442335
FAM151B	chr5	80487969	80542563	+	80488123	80488148	0.0	0.2901314173421763	gex=0	54595	80515266	80488135
FEM1C	chr5	115520908	115544775	-	115544844	115544894	0.0	0.2901314173421763	gex=0	23868	115532841	115544869
CCDC81	chr11	86374736	86423109	+	86374886	86374941	0.0	0.2901314173421763	gex=0	48374	86398922	86374913
MYMX	chr6	44216926	44218234	+	44216938	44216968	0.0	0.2901314173421763	gex=0	1309	44217580	44216953
ACR	chr22	50738219	50745356	+	50738229	50738279	0.0	0.2901314173421763	gex=0	7138	50741787	50738254
KIF2A	chr5	62306162	62391025	+	62311812	62311862	0.0	0.2901314173421763	gex=0	84864	62348593	62311837
FRMD5	chr15	43870761	44195271	-	44195160	44195252	0.0	0.2901314173421763	gex=0	324511	44033016	44195206
PDZRN4	chr12	41188320	41574745	+	41437682	41437732	0.0	0.2901314173421763	gex=0	386426	41381532	41437707
LRRFIP1	chr2	237627587	237813682	+	237683403	237683453	0.0	0.2901314173421763	gex=0	186096	237720634	237683428
DIRAS2	chr9	90609832	90642862	-	90643054	90643104	0.0	0.2901314173421763	gex=0	33031	90626347	90643079
SLC22A6	chr11	62936385	62984967	-	62984933	62984983	0.0	0.2901314173421763	gex=0	48583	62960676	62984958
GALP	chr19	56176008	56185775	+	56176019	56176062	0.0	0.2901314173421763	gex=0	9768	56180891	56176040
KRT17	chr17	41619442	41624842	-	41624792	41624842	0.0	0.2901314173421763	gex=0	5401	41622142	41624817
TRMT2A	chr22	20111875	20117392	-	20116050	20116100	0.0	0.2901314173421763	gex=0	5518	20114633	20116075
FBP1	chr9	94603133	94640249	-	94639457	94640137	0.0	0.2901314173421763	gex=0	37117	94621691	94639797
C9orf57	chr9	72051376	72072721	-	72072671	72072721	0.0	0.2901314173421763	gex=0	21346	72062048	72072696
KRT16	chr17	41609778	41615899	-	41612715	41612765	0.0	0.2901314173421763	gex=0	6122	41612838	41612740
OR51A7	chr11	4903783	4909462	+	4907369	4907419	0.0	0.2901314173421763	gex=0	5680	4906622	4907394
MAN2A1	chr5	109689927	109869625	+	109804175	109804225	0.0	0.2901314173421763	gex=0	179699	109779776	109804200
KIF15	chr3	44761717	44873372	+	44761861	44761884	0.0	0.2901314173421763	gex=0	111656	44817544	44761872
PHACTR3	chr20	59577509	59847711	+	59628608	59628658	0.0	0.2901314173421763	gex=0	270203	59712610	59628633
AMOTL1	chr11	94706431	94876748	+	94864827	94864860	0.0	0.2901314173421763	gex=0	170318	94791589	94864843
STXBP5	chr6	147204417	147390476	+	147327200	147327250	0.0	0.2901314173421763	gex=0	186060	147297446	147327225
EWSR1	chr22	29268009	29300525	+	29295525	29295575	0.0	0.2901314173421763	gex=0	32517	29284267	29295550
UBD	chr6	29555562	29559875	-	29559875	29559925	0.0	0.2901314173421763	gex=0	4314	29557718	29559900
OR5AC2	chr3	98087173	98088102	+	98087172	98087222	0.0	0.2901314173421763	gex=0	930	98087637	98087197
TBX1	chr22	19756703	19783593	+	19761196	19761246	0.0	0.2901314173421763	gex=0	26891	19770148	19761221
PEAK1	chr15	77100656	77420144	-	77179758	77179808	0.0	0.2901314173421763	gex=0	319489	77260400	77179783
SHBG	chr17	7613946	7633382	+	7627968	7628018	0.0	0.2901314173421763	gex=0	19437	7623664	7627993
UVRAG	chr11	75815210	76144232	+	75979525	75979575	0.0	0.2901314173421763	gex=0	329023	75979721	75979550
OR4A15	chr11	55367974	55368918	+	55367883	55367933	0.0	0.2901314173421763	gex=0	945	55368446	55367908
CCDC39	chr3	180602858	180684942	-	180870955	180871005	0.0	0.2901314173421763	gex=0	82085	180643900	180870980
ARMS2	chr10	122454653	122457352	+	122454652	122454702	0.0	0.2901314173421763	gex=0	2700	122456002	122454677
HLF	chr17	55264960	55325187	+	55267614	55267664	0.0	0.2901314173421763	gex=0	60228	55295073	55267639
MFNG	chr22	37469063	37486393	-	37481321	37481371	0.0	0.2901314173421763	gex=0	17331	37477728	37481346
GFI1B	chr9	132944000	132991687	+	132978694	132978744	0.0	0.2901314173421763	gex=0	47688	132967843	132978719
NADK2	chr5	36192589	36242279	-	36207213	36207263	0.0	0.2901314173421763	gex=0	49691	36217434	36207238
IL6	chr7	22725884	22732002	+	22727199	22727249	0.0	0.2901314173421763	gex=0	6119	22728943	22727224
MARCHF4	chr2	216257865	216372483	-	216371977	216372027	0.0	0.2901314173421763	gex=0	114619	216315174	216372002
OR5H1	chr3	98130721	98138548	+	98132697	98132747	0.0	0.2901314173421763	gex=0	7828	98134634	98132722
GALNS	chr16	88813734	88856970	-	88838872	88838922	0.0	0.2901314173421763	gex=0	43237	88835352	88838897
OR52N1	chr11	5786471	5791265	-	5788766	5788816	0.0	0.2901314173421763	gex=0	4795	5788868	5788791
TBC1D12	chr10	94402541	94536332	+	94534338	94534388	0.0	0.2901314173421763	gex=0	133792	94469436	94534363
BCL3	chr19	44747705	44760044	+	44747835	44747885	0.0	0.2901314173421763	gex=0	12340	44753874	44747860
ADCY5	chr3	123282296	123449090	-	123419159	123419209	0.0	0.2901314173421763	gex=0	166795	123365693	123419184
CARD6	chr5	40841308	40860175	+	40841183	40841233	0.0	0.2901314173421763	gex=0	18868	40850741	40841208
TBC1D3E	chr17	38127951	38138868	+	38127950	38128000	0.0	0.2901314173421763	gex=0	10918	38133409	38127975
POU2AF1	chr11	111352255	111455630	-	111397995	111398045	0.0	0.2901314173421763	gex=0	103376	111403942	111398020
PRND	chr20	4721909	4728460	+	4721909	4721959	0.0	0.2901314173421763	gex=0	6552	4725184	4721934
AMN	chr14	102922663	102933596	+	102928808	102928858	0.0	0.2901314173421763	gex=0	10934	102928129	102928833
ARHGAP27	chr17	45393920	45434353	-	45395858	45395908	0.0	0.2901314173421763	gex=0	40434	45414136	45395883
COL18A1	chr21	45405165	45513720	+	45506018	45506068	0.0	0.2901314173421763	gex=0	108556	45459442	45506043
MARK4	chr19	45079288	45305284	+	45262990	45263040	0.0	0.2901314173421763	gex=0	225997	45192286	45263015
IZUMO1	chr19	48740852	48746909	-	48746130	48746180	0.0	0.2901314173421763	gex=0	6058	48743880	48746155
STEAP1B	chr7	22419444	22727613	-	22500151	22500498	0.0	0.2901314173421763	gex=0	308170	22573528	22500324
PPFIBP2	chr11	7513298	7657127	+	7538276	7538326	0.0	0.2901314173421763	gex=0	143830	7585212	7538301
USP35	chr11	78188812	78215232	+	78207236	78207286	0.0	0.2901314173421763	gex=0	26421	78202022	78207261
KLHL2	chr4	165207561	165323156	+	165220000	165220050	0.0	0.2901314173421763	gex=0	115596	165265358	165220025
ZEB2	chr2	144364364	144521057	-	144517847	144517897	0.0	0.2901314173421763	gex=0	156694	144442710	144517872
ACMSD	chr2	134838616	134902034	+	134838617	134838667	0.0	0.2901314173421763	gex=0	63419	134870325	134838642
CDC14C	chr7	48924547	48927454	+	48919764	48919814	0.0	0.2901314173421763	gex=0	2908	48926000	48919789
RAD1	chr5	34905260	34918989	-	34918939	34918989	0.0	0.2901314173421763	gex=0	13730	34912124	34918964
NLRP2	chr19	54970903	55006759	+	54986205	54986255	0.0	0.2901314173421763	gex=0	35857	54988831	54986230
P3H4	chr17	41801947	41812604	-	41812553	41812603	0.0	0.2901314173421763	gex=0	10658	41807275	41812578
CLPB	chr11	72285495	72434680	-	72430395	72430445	0.0	0.2901314173421763	gex=0	149186	72360087	72430420
HIF1A	chr14	61695513	61748259	+	61745604	61745654	0.0	0.2901314173421763	gex=0	52747	61721886	61745629
BSX	chr11	122977570	122981834	-	122981670	122981720	0.0	0.2901314173421763	gex=0	4265	122979702	122981695
UBTFL1	chr11	90085950	90087131	+	90085949	90085999	0.0	0.2901314173421763	gex=0	1182	90086540	90085974
CHN1	chr2	174798809	175005381	-	175005169	175005226	0.0	0.2901314173421763	gex=0	206573	174902095	175005197
KRTAP10-10	chr21	44637356	44638455	+	44637355	44637405	0.0	0.2901314173421763	gex=0	1100	44637905	44637380
SLC25A37	chr8	23528956	23575463	+	23566775	23566825	0.0	0.2901314173421763	gex=0	46508	23552209	23566800
PIDD1	chr11	799179	809753	-	804625	804675	0.0	0.2901314173421763	gex=0	10575	804466	804650
TMEM190	chr19	55376826	55378246	+	55376835	55376885	0.0	0.2901314173421763	gex=0	1421	55377536	55376860
NKX2-1	chr14	36516392	36521149	-	36521099	36521149	0.0	0.2901314173421763	gex=0	4758	36518770	36521124
CYP8B1	chr3	42856005	42875898	-	42875848	42875898	0.0	0.2901314173421763	gex=0	19894	42865951	42875873
LINC01556	chr6	28943865	28944525	+	28943876	28943926	0.0	0.2901314173421763	gex=0	661	28944195	28943901
CNGA1	chr4	47935977	48016681	-	48012894	48012944	0.0	0.2901314173421763	gex=0	80705	47976329	48012919
MESP2	chr15	89760591	89778754	+	89776357	89776407	0.0	0.2901314173421763	gex=0	18164	89769672	89776382
TREML4	chr6	41228339	41238882	+	41228338	41228388	0.0	0.2901314173421763	gex=0	10544	41233610	41228363
RPS6KA4	chr11	64359148	64372215	+	64360989	64361039	0.0	0.2901314173421763	gex=0	13068	64365681	64361014
MPHOSPH8	chr13	19633659	19673441	+	19646753	19646803	0.0	0.2901314173421763	gex=0	39783	19653550	19646778
OR5K1	chr3	98463201	98472924	+	98469479	98469529	0.0	0.2901314173421763	gex=0	9724	98468062	98469504
MUC5B	chr11	1223066	1262172	+	1223065	1223115	0.0	0.2901314173421763	gex=0	39107	1242619	1223090
PMEL	chr12	55954105	55973317	-	55965976	55966042	0.0	0.2901314173421763	gex=0	19213	55963711	55966009
FPR1	chr19	51745172	51804110	-	51751859	51751909	0.0	0.2901314173421763	gex=0	58939	51774641	51751884
NUP54	chr4	76114659	76148444	-	76130801	76130851	0.0	0.2901314173421763	gex=0	33786	76131551	76130826
CYLC2	chr9	102995311	103018488	+	102995310	102995360	0.0	0.2901314173421763	gex=0	23178	103006899	102995335
ELOA2	chr18	47032527	47035621	-	47035571	47035621	0.0	0.2901314173421763	gex=0	3095	47034074	47035596
GAB1	chr4	143336762	143474568	+	143438256	143438306	0.0	0.2901314173421763	gex=0	137807	143405665	143438281
OR51T1	chr11	4881819	4882883	+	4881899	4881949	0.0	0.2901314173421763	gex=0	1065	4882351	4881924
SPATA12	chr3	57060664	57075432	+	57060440	57060490	0.0	0.2901314173421763	gex=0	14769	57068048	57060465
OR8K5	chr11	56159394	56160317	-	56160267	56160317	0.0	0.2901314173421763	gex=0	924	56159855	56160292
DYDC2	chr10	80344745	80368073	+	80356296	80356346	0.0	0.2901314173421763	gex=0	23329	80356409	80356321
SRSF6	chr20	43457893	43466046	+	43457927	43457977	0.0	0.2901314173421763	gex=0	8154	43461969	43457952
SCARA3	chr8	27633868	27676776	+	27633867	27633917	0.0	0.2901314173421763	gex=0	42909	27655322	27633892
EGR3	chr8	22687659	22693480	-	22692667	22692717	0.0	0.2901314173421763	gex=0	5822	22690569	22692692
PATE1	chr11	125746279	125749867	+	125746292	125746342	0.0	0.2901314173421763	gex=0	3589	125748073	125746317
BAD	chr11	64269830	64284704	-	64271818	64271868	0.0	0.2901314173421763	gex=0	14875	64277267	64271843
PILRB	chr7	100352176	100367831	+	100357379	100357429	0.0	0.2901314173421763	gex=0	15656	100360003	100357404
TPK1	chr7	144451941	144836395	-	144738874	144738924	0.0	0.2901314173421763	gex=0	384455	144644168	144738899
PTH2R	chr2	208359714	208854503	+	208489085	208489135	0.0	0.2901314173421763	gex=0	494790	208607108	208489110
SGSH	chr17	80206716	80220923	-	80209824	80209874	0.0	0.2901314173421763	gex=0	14208	80213819	80209849
METTL7A	chr12	50923472	50932510	+	50923471	50923521	0.0	0.2901314173421763	gex=0	9039	50927991	50923496
HBD	chr11	5232678	5243657	-	5234433	5234483	0.0	0.2901314173421763	gex=0	10980	5238167	5234458
FRG2C	chr3	75664328	75667220	+	75664329	75664379	0.0	0.2901314173421763	gex=0	2893	75665774	75664354
SEBOX	chr17	28363506	28365199	-	28365194	28365244	0.0	0.2901314173421763	gex=0	1694	28364352	28365219
TAOK3	chr12	118149801	118372907	-	118190495	118190545	0.0	0.2901314173421763	gex=0	223107	118261354	118190520
FGF18	chr5	171419647	171457626	+	171419655	171419705	0.0	0.2901314173421763	gex=0	37980	171438636	171419680
ELAVL2	chr9	23690104	23826337	-	23779325	23779375	0.0	0.2901314173421763	gex=0	136234	23758220	23779350
LY6G5B	chr6	31652558	31655955	+	31670166	31670216	0.0	0.2901314173421763	gex=0	3398	31654256	31670191
SEMA3D	chr7	84995553	85187056	-	85055716	85055765	0.0	0.2901314173421763	gex=0	191504	85091304	85055740
GRID2IP	chr7	6496778	6551461	-	6536847	6536897	0.0	0.2901314173421763	gex=0	54684	6524119	6536872
CYB561	chr17	63432304	63446354	-	63435134	63435184	0.0	0.2901314173421763	gex=0	14051	63439329	63435159
OR2K2	chr9	111327229	111330224	-	111328470	111328520	0.0	0.2901314173421763	gex=0	2996	111328726	111328495
CAV1	chr7	116524994	116561179	+	116525000	116525050	0.0	0.2901314173421763	gex=0	36186	116543086	116525025
LAIR2	chr19	54505847	54518644	+	54502796	54502846	0.0	0.2901314173421763	gex=0	12798	54512245	54502821
GRXCR2	chr5	145858521	145937126	-	145872918	145872968	0.0	0.2901314173421763	gex=0	78606	145897823	145872943
LRRC37B	chr17	32007872	32053504	+	32021141	32021191	0.0	0.2901314173421763	gex=0	45633	32030688	32021166
OR4K17	chr14	20110739	20122199	+	20117406	20117456	0.0	0.2901314173421763	gex=0	11461	20116469	20117431
IYD	chr6	150368892	150405969	+	150369088	150369138	0.0	0.2901314173421763	gex=0	37078	150387430	150369113
PISD	chr22	31618491	31662221	-	31629956	31630006	0.0	0.2901314173421763	gex=0	43731	31640356	31629981
CTXN1	chr19	7924491	7926135	-	7926116	7926166	0.0	0.2901314173421763	gex=0	1645	7925313	7926141
CLDN4	chr7	73799542	73832690	+	73827744	73827794	0.0	0.2901314173421763	gex=0	33149	73816116	73827769
ADARB1	chr21	45073853	45226560	+	45176409	45176459	0.0	0.2901314173421763	gex=0	152708	45150206	45176434
PODXL2	chr3	127629185	127672802	+	127629180	127629230	0.0	0.2901314173421763	gex=0	43618	127650993	127629205
KRTAP16-1	chr17	41307700	41309253	-	41309203	41309253	0.0	0.2901314173421763	gex=0	1554	41308476	41309228
ABCG1	chr21	42199689	42297244	+	42199811	42199849	0.0	0.2901314173421763	gex=0	97556	42248466	42199830
LZTS1	chr8	20246165	20303963	-	20255131	20255181	0.0	0.2901314173421763	gex=0	57799	20275064	20255156
TNFRSF12A	chr16	3018445	3022383	+	3018444	3018494	0.0	0.2901314173421763	gex=0	3939	3020414	3018469
PLPBP	chr8	37762595	37779768	+	37774935	37774985	0.0	0.2901314173421763	gex=0	17174	37771181	37774960
SHC4	chr15	48823741	48963919	-	48877439	48877489	0.0	0.2901314173421763	gex=0	140179	48893830	48877464
OR2AT4	chr11	75081753	75096876	-	75089704	75089754	0.0	0.2901314173421763	gex=0	15124	75089314	75089729
ZNF347	chr19	53124072	53159075	-	53149485	53149535	0.0	0.2901314173421763	gex=0	35004	53141573	53149510
TMEM144	chr4	158201604	158255416	+	158201614	158201664	0.0	0.2901314173421763	gex=0	53813	158228510	158201639
OR8D1	chr11	124302831	124315099	-	124310787	124310837	0.0	0.2901314173421763	gex=0	12269	124308965	124310812
CRYZL1	chr21	33589341	33643926	-	33603403	33603448	0.0	0.2901314173421763	gex=0	54586	33616633	33603425
LRRC49	chr15	70853239	71053658	+	70892470	70892520	0.0	0.2901314173421763	gex=0	200420	70953448	70892495
PITPNM2	chr12	122983480	123151090	-	123105449	123105499	0.0	0.2901314173421763	gex=0	167611	123067285	123105474
PIEZO2	chr18	10666483	11149569	-	10701931	10701981	0.0	0.2901314173421763	gex=0	483087	10908026	10701956
NPIPA1	chr16	14922802	14952060	+	14945884	14945934	0.0	0.2901314173421763	gex=0	29259	14937431	14945909
TRAF4	chr17	28744011	28750956	+	28747581	28747631	0.0	0.2901314173421763	gex=0	6946	28747483	28747606
HTR1F	chr3	87792706	87993839	+	87990695	87990745	0.0	0.2901314173421763	gex=0	201134	87893272	87990720
VAMP5	chr2	85584431	85593406	+	85591596	85591646	0.0	0.2901314173421763	gex=0	8976	85588918	85591621
TUBB8	chr10	46888	74163	-	49219	49269	0.0	0.2901314173421763	gex=0	27276	60525	49244
DLG2	chr11	83455012	85627922	-	84437759	84437809	0.0	0.2901314173421763	gex=0	2172911	84541467	84437784
LRFN2	chr6	40391591	40587364	-	40587415	40587465	0.0	0.2901314173421763	gex=0	195774	40489477	40587440
BTBD17	chr17	74356416	74361868	-	74361896	74361946	0.0	0.2901314173421763	gex=0	5453	74359142	74361921
NATD1	chr17	21238870	21253410	-	21253360	21253410	0.0	0.2901314173421763	gex=0	14541	21246140	21253385
PCDHGC5	chr5	141489081	141512975	+	141489120	141489170	0.0	0.2901314173421763	gex=0	23895	141501028	141489145
L3MBTL1	chr20	43489442	43550954	+	43507679	43507744	0.0	0.2901314173421763	gex=0	61513	43520198	43507711
ARHGEF33	chr2	38889875	38975454	+	38919362	38919412	0.0	0.2901314173421763	gex=0	85580	38932664	38919387
APOC3	chr11	116829706	116833072	+	116830528	116830578	0.0	0.2901314173421763	gex=0	3367	116831389	116830553
FGF7	chr15	49423237	49488775	+	49434395	49434445	0.0	0.2901314173421763	gex=0	65539	49456006	49434420
UXS1	chr2	106093308	106194301	-	106138831	106138881	0.0	0.2901314173421763	gex=0	100994	106143804	106138856
FBRSL1	chr12	132489551	132585188	+	132571151	132571201	0.0	0.2901314173421763	gex=0	95638	132537369	132571176
ACACA	chr17	37086456	37411442	-	37225521	37225571	0.0	0.2901314173421763	gex=0	324987	37248949	37225546
EEF1A2	chr20	63488013	63499239	-	63499265	63499315	0.0	0.2901314173421763	gex=0	11227	63493626	63499290
GNA11	chr19	3094362	3123999	+	3114946	3114996	0.0	0.2901314173421763	gex=0	29638	3109180	3114971
KCNG2	chr18	79797938	79900184	+	79875883	79875933	0.0	0.2901314173421763	gex=0	102247	79849061	79875908
H2BC9	chr6	26251614	26252075	+	26251650	26251700	0.0	0.2901314173421763	gex=0	462	26251844	26251675
AMTN	chr4	70518569	70532743	+	70518584	70518634	0.0	0.2901314173421763	gex=0	14175	70525656	70518609
PIAS2	chr18	46803218	46920160	-	46907949	46907999	0.0	0.2901314173421763	gex=0	116943	46861689	46907974
PLAC8L1	chr5	146084313	146105577	-	146104319	146104369	0.0	0.2901314173421763	gex=0	21265	146094945	146104344
OR51E1	chr11	4643420	4655488	+	4652485	4652535	0.0	0.2901314173421763	gex=0	12069	4649454	4652510
FREM2	chr13	38687077	38887131	+	38687128	38687178	0.0	0.2901314173421763	gex=0	200055	38787104	38687153
OR5H2	chr3	98282505	98284070	+	98282887	98282937	0.0	0.2901314173421763	gex=0	1566	98283287	98282912
TMC2	chr20	2536573	2643580	+	2536606	2536655	0.0	0.2901314173421763	gex=0	107008	2590076	2536630
GRAMD2A	chr15	72159806	72197787	-	72170024	72170074	0.0	0.2901314173421763	gex=0	37982	72178796	72170049
SAA2	chr11	18239223	18248668	-	18248602	18248639	0.0	0.2901314173421763	gex=0	9446	18243945	18248620
GPR87	chr3	151294086	151316820	-	151295234	151295284	0.0	0.2901314173421763	gex=0	22735	151305453	151295259
SLC29A4	chr7	5274369	5306912	+	5282929	5283018	0.0	0.2901314173421763	gex=0	32544	5290640	5282973
STK33	chr11	8391868	8594289	-	8452856	8452906	0.0	0.2901314173421763	gex=0	202422	8493078	8452881
NXF1	chr11	62792123	62806302	-	62805143	62805193	0.0	0.2901314173421763	gex=0	14180	62799212	62805168
APOC2	chr19	44946035	44949565	+	44946055	44946075	0.0	0.2901314173421763	gex=0	3531	44947800	44946065
WNT10B	chr12	48965340	48971735	-	48970602	48970652	0.0	0.2901314173421763	gex=0	6396	48968537	48970627
OR8G5	chr11	124256376	124266224	+	124264826	124264876	0.0	0.2901314173421763	gex=0	9849	124261300	124264851
LYZ	chr12	69348381	69354234	+	69348340	69348390	0.0	0.2901314173421763	gex=0	5854	69351307	69348365
PPP2R3A	chr3	135965728	136147894	+	136102102	136102152	0.0	0.2901314173421763	gex=0	182167	136056811	136102127
NLN	chr5	65722205	65871725	+	65777416	65777466	0.0	0.2901314173421763	gex=0	149521	65796965	65777441
IGF1R	chr15	98648539	98964530	+	98890541	98890591	0.0	0.2901314173421763	gex=0	315992	98806534	98890566
MBD3L2	chr19	7049321	7051735	+	7049320	7049370	0.0	0.2901314173421763	gex=0	2415	7050528	7049345
C11orf96	chr11	43925342	43943878	+	43925341	43925391	0.0	0.2901314173421763	gex=0	18537	43934610	43925366
DYNAP	chr18	54587757	54599493	+	54587756	54587806	0.0	0.2901314173421763	gex=0	11737	54593625	54587781
ALKAL2	chr2	279558	288851	-	287273	287323	0.0	0.2901314173421763	gex=0	9294	284204	287298
PPP2R2B	chr5	146580742	147084784	-	146878844	146878894	0.0	0.2901314173421763	gex=0	504043	146832763	146878869
GP2	chr16	20309574	20327808	-	20327466	20327508	0.0	0.2901314173421763	gex=0	18235	20318691	20327487
SLC15A1	chr13	98683801	98752672	-	98726517	98726567	0.0	0.2901314173421763	gex=0	68872	98718236	98726542
MSANTD4	chr11	105995623	106022403	-	106022353	106022403	0.0	0.2901314173421763	gex=0	26781	106009013	106022378
HESX1	chr3	57197838	57227606	-	57199937	57199987	0.0	0.2901314173421763	gex=0	29769	57212722	57199962
H1-3	chr6	26234212	26234987	-	26234883	26234933	0.0	0.2901314173421763	gex=0	776	26234599	26234908
PLEKHA1	chr10	122374696	122432354	+	122411770	122411820	0.0	0.2901314173421763	gex=0	57659	122403525	122411795
UBE2V2	chr8	48008415	48064708	+	48043032	48043082	0.0	0.2901314173421763	gex=0	56294	48036561	48043057
SPINK4	chr9	33218365	33248567	+	33240163	33240213	0.0	0.2901314173421763	gex=0	30203	33233466	33240188
TXNDC8	chr9	110303476	110337884	-	110337834	110337884	0.0	0.2901314173421763	gex=0	34409	110320680	110337859
ZAN	chr7	100733595	100797797	+	100734020	100734070	0.0	0.2901314173421763	gex=0	64203	100765696	100734045
MANSC4	chr12	27762427	27780236	-	27771226	27771276	0.0	0.2901314173421763	gex=0	17810	27771331	27771251
GANC	chr15	42273201	42353666	+	42344694	42344744	0.0	0.2901314173421763	gex=0	80466	42313433	42344719
CPA2	chr7	130266863	130289798	+	130266864	130266914	0.0	0.2901314173421763	gex=0	22936	130278330	130266889
NFE2	chr12	54292111	54301015	-	54295710	54295760	0.0	0.2901314173421763	gex=0	8905	54296563	54295735
CALHM3	chr10	103472804	103479240	-	103479190	103479240	0.0	0.2901314173421763	gex=0	6437	103476022	103479215
FRAT1	chr10	97319271	97321915	+	97320740	97320790	0.0	0.2901314173421763	gex=0	2645	97320593	97320765
HOXC5	chr12	54033050	54035361	+	54032852	54032902	0.0	0.2901314173421763	gex=0	2312	54034205	54032877
CCL19	chr9	34689570	34691276	-	34690209	34690238	0.0	0.2901314173421763	gex=0	1707	34690423	34690223
LY6G5C	chr6	31658863	31666220	-	31680327	31680377	0.0	0.2901314173421763	gex=0	7358	31662541	31680352
NLGN1	chr3	173396284	174286644	+	174136434	174136484	0.0	0.2901314173421763	gex=0	890361	173841464	174136459
OVOL1	chr11	65787063	65797214	+	65793708	65793758	0.0	0.2901314173421763	gex=0	10152	65792138	65793733
PRR30	chr2	27136848	27139410	-	27139353	27139403	0.0	0.2901314173421763	gex=0	2563	27138129	27139378
PAG1	chr8	80967810	81112068	-	80975730	80975780	0.0	0.2901314173421763	gex=0	144259	81039939	80975755
IGF2BP3	chr7	23310209	23470491	-	23431253	23431303	0.0	0.2901314173421763	gex=0	160283	23390350	23431278
OR6S1	chr14	20640696	20641691	-	20641641	20641691	0.0	0.2901314173421763	gex=0	996	20641193	20641666
TTLL11	chr9	121815674	122093606	-	122093556	122093606	0.0	0.2901314173421763	gex=0	277933	121954640	122093581
OBP2B	chr9	133205277	133209250	-	133209200	133209250	0.0	0.2901314173421763	gex=0	3974	133207263	133209225
NRGN	chr11	124739942	124747210	+	124740044	124740094	0.0	0.2901314173421763	gex=0	7269	124743576	124740069
NFIB	chr9	14081843	14398983	-	14096600	14096650	0.0	0.2901314173421763	gex=0	317141	14240413	14096625
SLC6A4	chr17	30194319	30236002	-	30235952	30236002	0.0	0.2901314173421763	gex=0	41684	30215160	30235977
NAALADL1	chr11	65044818	65058553	-	65047887	65047937	0.0	0.2901314173421763	gex=0	13736	65051685	65047912
ACBD7	chr10	15075475	15088776	-	15088726	15088776	0.0	0.2901314173421763	gex=0	13302	15082125	15088751
CTNNA3	chr10	65912457	67763637	-	67665602	67665652	0.0	0.2901314173421763	gex=0	1851181	66838047	67665627
LTC4S	chr5	179793980	179796647	+	179795307	179795340	0.0	0.2901314173421763	gex=0	2668	179795313	179795323
MGAM	chr7	142038524	142106747	+	142094773	142094823	0.0	0.2901314173421763	gex=0	68224	142072635	142094798
PAH	chr12	102836889	102958410	-	102950818	102950868	0.0	0.2901314173421763	gex=0	121522	102897649	102950843
FOXB2	chr9	77019655	77020953	+	77019654	77019704	0.0	0.2901314173421763	gex=0	1299	77020304	77019679
SPDYE21	chr7	67276941	67289005	+	67279777	67279827	0.0	0.2901314173421763	gex=0	12065	67282973	67279802
NTSR2	chr2	11658178	11670195	-	11670114	11670164	0.0	0.2901314173421763	gex=0	12018	11664186	11670139
ZNF358	chr19	7515292	7521025	+	7516117	7516167	0.0	0.2901314173421763	gex=0	5734	7518158	7516142
LGALS9	chr17	27629798	27649560	+	27640386	27640436	0.0	0.2901314173421763	gex=0	19763	27639679	27640411
HSD17B1	chr17	42552922	42555214	+	42552933	42552983	0.0	0.2901314173421763	gex=0	2293	42554068	42552958
VPS33A	chr12	122229564	122266494	-	122249920	122249970	0.0	0.2901314173421763	gex=0	36931	122248029	122249945
OR5B21	chr11	58506807	58508105	-	58508055	58508105	0.0	0.2901314173421763	gex=0	1299	58507456	58508080
OR52E2	chr11	5058650	5059627	-	5059577	5059627	0.0	0.2901314173421763	gex=0	978	5059138	5059602
ZNF440	chr19	11814273	11835216	+	11814343	11814393	0.0	0.2901314173421763	gex=0	20944	11824744	11814368
HOXB6	chr17	48595751	48604992	-	48604942	48604992	0.0	0.2901314173421763	gex=0	9242	48600371	48604967
CHRM2	chr7	136868652	137020255	+	136868777	136868827	0.0	0.2901314173421763	gex=0	151604	136944453	136868802
PFN4	chr2	24114809	24123464	-	24123269	24123319	0.0	0.2901314173421763	gex=0	8656	24119136	24123294
IGSF5	chr21	39745183	39802081	+	39751171	39751221	0.0	0.2901314173421763	gex=0	56899	39773632	39751196
TEPP	chr16	57976435	57988116	+	57976434	57976484	0.0	0.2901314173421763	gex=0	11682	57982275	57976459
ACTL7A	chr9	108862266	108863756	+	108862265	108862315	0.0	0.2901314173421763	gex=0	1491	108863011	108862290
ZNF57	chr19	2900928	2918473	+	2915444	2915494	0.0	0.2901314173421763	gex=0	17546	2909700	2915469
NXN	chr17	978299	979770	-	930001	930051	0.0	0.2901314173421763	gex=0	1472	979034	930026
SRPK2	chr7	105110704	105399308	-	105133018	105133068	0.0	0.2901314173421763	gex=0	288605	105255006	105133043
TARS1	chr5	33440696	33468091	+	33466757	33466807	0.0	0.2901314173421763	gex=0	27396	33454393	33466782
TRPM2	chr21	44350163	44443081	+	44425555	44425605	0.0	0.2901314173421763	gex=0	92919	44396622	44425580
OR8B8	chr11	124437445	124445696	-	124441108	124441158	0.0	0.2901314173421763	gex=0	8252	124441570	124441133
CCDC70	chr13	51861969	51866232	+	51861980	51862030	0.0	0.2901314173421763	gex=0	4264	51864100	51862005
TAF4B	chr18	26226445	26391685	+	26226882	26226932	0.0	0.2901314173421763	gex=0	165241	26309065	26226907
MYH14	chr19	50188186	50310542	+	50203636	50203671	0.0	0.2901314173421763	gex=0	122357	50249364	50203653
DUSP13	chr10	75094432	75109221	-	75099465	75099515	0.0	0.2901314173421763	gex=0	14790	75101826	75099490
IGDCC4	chr15	65381484	65422947	-	65385981	65386031	0.0	0.2901314173421763	gex=0	41464	65402215	65386006
APLNR	chr11	57233577	57237250	-	57237264	57237314	0.0	0.2901314173421763	gex=0	3674	57235413	57237289
OR9A4	chr7	141916399	141920625	+	141918816	141918866	0.0	0.2901314173421763	gex=0	4227	141918512	141918841
AP4S1	chr14	31025106	31130996	+	31025682	31025732	0.0	0.2901314173421763	gex=0	105891	31078051	31025707
GJA10	chr6	89896812	89924103	+	89894468	89894518	0.0	0.2901314173421763	gex=0	27292	89910457	89894493
KIAA1671	chr22	24952716	25197448	+	25040580	25040630	0.0	0.2901314173421763	gex=0	244733	25075082	25040605
ITGA11	chr15	68296532	68432163	-	68365483	68365522	0.0	0.2901314173421763	gex=0	135632	68364347	68365502
ANKLE2	chr12	132725503	132761832	-	132735073	132735123	0.0	0.2901314173421763	gex=0	36330	132743667	132735098
KIF3C	chr2	25926598	25982749	-	25982447	25982497	0.0	0.2901314173421763	gex=0	56152	25954673	25982472
SAMD14	chr17	50110040	50130160	-	50116237	50116287	0.0	0.2901314173421763	gex=0	20121	50120100	50116262
ADCY2	chr5	7396138	7830081	+	7414663	7414713	0.0	0.2901314173421763	gex=0	433944	7613109	7414688
CMTM8	chr3	32238679	32370321	+	32238678	32238728	0.0	0.2901314173421763	gex=0	131643	32304500	32238703
ACVRL1	chr12	51906908	51923361	+	51921651	51921701	0.0	0.2901314173421763	gex=0	16454	51915134	51921676
NOG	chr17	56593699	56595611	+	56593698	56593748	0.0	0.2901314173421763	gex=0	1913	56594655	56593723
NAT2	chr8	18391282	18401218	+	18391244	18391294	0.0	0.2901314173421763	gex=0	9937	18396250	18391269
CDR2L	chr17	74987632	75005800	+	74987631	74987681	0.0	0.2901314173421763	gex=0	18169	74996716	74987656
COLEC10	chr8	118995452	119108455	+	119067240	119067290	0.0	0.2901314173421763	gex=0	113004	119051953	119067265
TBC1D3B	chr17	36165683	36176636	-	36172602	36172652	0.0	0.2901314173421763	gex=0	10954	36171159	36172627
A1BG	chr19	58345178	58353492	-	58353079	58353129	0.0	0.2901314173421763	gex=0	8315	58349335	58353104
SLIT1	chr10	96998038	97185959	-	97185803	97185853	0.0	0.2901314173421763	gex=0	187922	97091998	97185828
ACOT6	chr14	73610945	73619888	+	73610944	73610994	0.0	0.2901314173421763	gex=0	8944	73615416	73610969
RBM45	chr2	178112424	178139011	+	178125724	178125751	0.0	0.2901314173421763	gex=0	26588	178125717	178125737
MUC17	chr7	101020072	101058859	+	101020071	101020121	0.0	0.2901314173421763	gex=0	38788	101039465	101020096
TOPAZ1	chr3	44241886	44332098	+	44241885	44241935	0.0	0.2901314173421763	gex=0	90213	44286992	44241910
OR1F1	chr16	3204247	3205188	+	3204246	3204296	0.0	0.2901314173421763	gex=0	942	3204717	3204271
TBR1	chr2	161416297	161425870	+	161416330	161416380	0.0	0.2901314173421763	gex=0	9574	161421083	161416355
SOWAHA	chr5	132813302	132816786	+	132813586	132813636	0.0	0.2901314173421763	gex=0	3485	132815044	132813611
KIF25	chr6	167996241	168045091	+	168030534	168030584	0.0	0.2901314173421763	gex=0	48851	168020666	168030559
GRK7	chr3	141763408	141819352	+	141778147	141778197	0.0	0.2901314173421763	gex=0	55945	141791380	141778172
IZUMO2	chr19	50152548	50163281	-	50163130	50163195	0.0	0.2901314173421763	gex=0	10734	50157914	50163162
MYOCD	chr17	12665890	12768949	+	12665889	12665939	0.0	0.2901314173421763	gex=0	103060	12717419	12665914
FPR2	chr19	51752026	51770531	+	51768377	51768427	0.0	0.2901314173421763	gex=0	18506	51761278	51768402
OR2B2	chr6	27911185	27912396	-	27912346	27912396	0.0	0.2901314173421763	gex=0	1212	27911790	27912371
EBF4	chr20	2692874	2760108	+	2755087	2755137	0.0	0.2901314173421763	gex=0	67235	2726491	2755112
PPTC7	chr12	110533245	110583318	-	110546719	110546769	0.0	0.2901314173421763	gex=0	50074	110558281	110546744
OR7A17	chr19	14878203	14886132	-	14881402	14881452	0.0	0.2901314173421763	gex=0	7930	14882167	14881427
ANKRD6	chr6	89433152	89633834	+	89602992	89603042	0.0	0.2901314173421763	gex=0	200683	89533493	89603017
TTLL1	chr22	43039516	43089419	-	43075536	43075586	0.0	0.2901314173421763	gex=0	49904	43064467	43075561
FGF9	chr13	21671073	21704498	+	21681112	21681162	0.0	0.2901314173421763	gex=0	33426	21687785	21681137
NFILZ	chr19	8630633	8681151	+	8630670	8630720	0.0	0.2901314173421763	gex=0	50519	8655892	8630695
CA8	chr8	60185412	60281400	-	60232623	60232673	0.0	0.2901314173421763	gex=0	95989	60233406	60232648
ADAMTS18	chr16	77247813	77435034	-	77431583	77431633	0.0	0.2901314173421763	gex=0	187222	77341423	77431608
DCTN1	chr2	74361154	74392087	-	74374685	74374735	0.0	0.2901314173421763	gex=0	30934	74376620	74374710
CEP170B	chr14	104865268	104896747	+	104865279	104865362	0.0	0.2901314173421763	gex=0	31480	104881007	104865320
ANKRD2	chr10	97572499	97583884	+	97572778	97572828	0.0	0.2901314173421763	gex=0	11386	97578191	97572803
TMC4	chr19	54160591	54173655	-	54173121	54173171	0.0	0.2901314173421763	gex=0	13065	54167123	54173146
MAFG	chr17	81918270	81927735	-	81923482	81923532	0.0	0.2901314173421763	gex=0	9466	81923002	81923507
TOP2A	chr17	40388525	40417896	-	40399211	40399261	0.0	0.2901314173421763	gex=0	29372	40403210	40399236
CCPG1	chr15	55340032	55408510	-	55398219	55398268	0.0	0.2901314173421763	gex=0	68479	55374271	55398243
